F0semitoneFrom27.5Hz_sma3nz_amean,F0semitoneFrom27.5Hz_sma3nz_stddevNorm,F0semitoneFrom27.5Hz_sma3nz_percentile20.0,F0semitoneFrom27.5Hz_sma3nz_percentile50.0,F0semitoneFrom27.5Hz_sma3nz_percentile80.0,F0semitoneFrom27.5Hz_sma3nz_pctlrange0-2,F0semitoneFrom27.5Hz_sma3nz_meanRisingSlope,F0semitoneFrom27.5Hz_sma3nz_stddevRisingSlope,F0semitoneFrom27.5Hz_sma3nz_meanFallingSlope,F0semitoneFrom27.5Hz_sma3nz_stddevFallingSlope,loudness_sma3_amean,loudness_sma3_stddevNorm,loudness_sma3_percentile20.0,loudness_sma3_percentile50.0,loudness_sma3_percentile80.0,loudness_sma3_pctlrange0-2,loudness_sma3_meanRisingSlope,loudness_sma3_stddevRisingSlope,loudness_sma3_meanFallingSlope,loudness_sma3_stddevFallingSlope,spectralFlux_sma3_amean,spectralFlux_sma3_stddevNorm,mfcc1_sma3_amean,mfcc1_sma3_stddevNorm,mfcc2_sma3_amean,mfcc2_sma3_stddevNorm,mfcc3_sma3_amean,mfcc3_sma3_stddevNorm,mfcc4_sma3_amean,mfcc4_sma3_stddevNorm,jitterLocal_sma3nz_amean,jitterLocal_sma3nz_stddevNorm,shimmerLocaldB_sma3nz_amean,shimmerLocaldB_sma3nz_stddevNorm,HNRdBACF_sma3nz_amean,HNRdBACF_sma3nz_stddevNorm,logRelF0-H1-H2_sma3nz_amean,logRelF0-H1-H2_sma3nz_stddevNorm,logRelF0-H1-A3_sma3nz_amean,logRelF0-H1-A3_sma3nz_stddevNorm,F1frequency_sma3nz_amean,F1frequency_sma3nz_stddevNorm,F1bandwidth_sma3nz_amean,F1bandwidth_sma3nz_stddevNorm,F1amplitudeLogRelF0_sma3nz_amean,F1amplitudeLogRelF0_sma3nz_stddevNorm,F2frequency_sma3nz_amean,F2frequency_sma3nz_stddevNorm,F2bandwidth_sma3nz_amean,F2bandwidth_sma3nz_stddevNorm,F2amplitudeLogRelF0_sma3nz_amean,F2amplitudeLogRelF0_sma3nz_stddevNorm,F3frequency_sma3nz_amean,F3frequency_sma3nz_stddevNorm,F3bandwidth_sma3nz_amean,F3bandwidth_sma3nz_stddevNorm,F3amplitudeLogRelF0_sma3nz_amean,F3amplitudeLogRelF0_sma3nz_stddevNorm,alphaRatioV_sma3nz_amean,alphaRatioV_sma3nz_stddevNorm,hammarbergIndexV_sma3nz_amean,hammarbergIndexV_sma3nz_stddevNorm,slopeV0-500_sma3nz_amean,slopeV0-500_sma3nz_stddevNorm,slopeV500-1500_sma3nz_amean,slopeV500-1500_sma3nz_stddevNorm,spectralFluxV_sma3nz_amean,spectralFluxV_sma3nz_stddevNorm,mfcc1V_sma3nz_amean,mfcc1V_sma3nz_stddevNorm,mfcc2V_sma3nz_amean,mfcc2V_sma3nz_stddevNorm,mfcc3V_sma3nz_amean,mfcc3V_sma3nz_stddevNorm,mfcc4V_sma3nz_amean,mfcc4V_sma3nz_stddevNorm,alphaRatioUV_sma3nz_amean,hammarbergIndexUV_sma3nz_amean,slopeUV0-500_sma3nz_amean,slopeUV500-1500_sma3nz_amean,spectralFluxUV_sma3nz_amean,loudnessPeaksPerSec,VoicedSegmentsPerSec,MeanVoicedSegmentLengthSec,StddevVoicedSegmentLengthSec,MeanUnvoicedSegmentLength,StddevUnvoicedSegmentLength,equivalentSoundLevel_dBp,label
30.712149,0.02331624,30.343105,30.684504,31.109293,0.76618767,215.97676,511.02393,6.669413,6.115453,0.2566872,0.71527827,0.10709384,0.17188866,0.4454232,0.33832934,1.2082568,1.0269169,0.59419286,0.4764074,0.032693412,0.991056,41.500607,0.119923525,-17.79541,-0.42315492,0.4751527,17.18209,-17.390017,-0.4760422,0.008897439,1.085737,0.64522386,0.5130128,8.471693,0.24636538,9.033947,0.3150222,19.872936,0.2934563,683.1687,0.2851249,1385.8768,0.15562871,-16.737629,-3.1256537,1633.1228,0.18946399,1238.9086,0.21381399,-23.03382,-2.1459785,2698.2417,0.09850891,920.8029,0.29338843,-33.79186,-1.3665254,-3.7856085,-0.59969866,20.326233,0.27398962,0.067986116,0.13613766,-0.0064143897,-0.8502568,0.034877915,0.945143,42.20861,0.091031715,-18.435158,-0.38449544,0.7712069,10.368791,-18.39,-0.412248,-5.3692594,18.405159,0.064249754,0.0057700663,0.007845494,0.86281276,0.6932409,1.32125,3.3523214,0.09625,0.11190817,-35.996586,0
26.288052,0.017649937,25.838062,26.247826,26.680576,0.84251404,5.533607,3.3443835,3.0886445,2.9213142,0.40846583,0.7434077,0.1443339,0.3505777,0.7243955,0.5800616,2.37211,0.8954383,3.1500537,2.93673,0.072749466,1.0254211,19.61048,0.19835217,4.0316005,1.3284988,-26.936277,-0.31575203,-36.82243,-0.36588708,0.0066666724,0.86279696,0.77122897,0.5562265,6.770321,0.19058771,1.6643336,1.9983889,13.932899,0.25197768,751.363,0.2149449,1626.4017,0.14832383,-41.93074,-2.275527,1540.2192,0.110535465,1378.8934,0.17398879,-49.910027,-1.7951845,2830.859,0.05457269,748.4538,0.6269172,-57.25114,-1.4879587,-6.143263,-0.33416578,21.79196,0.17903624,0.08470485,0.09009186,-0.025406519,-0.42766336,0.09160841,0.862781,20.51639,0.14681414,4.754234,0.8730444,-30.740147,-0.15571678,-42.715816,-0.231659,-4.6463923,14.698894,0.09169142,-0.0014591642,0.021771975,0.41208792,0.2766252,2.6599998,2.62,0.935,0.825,-30.30107,0
32.711235,0.03390621,32.353592,32.554337,32.78048,0.4268875,4.6988726,0.0,-10.235637,7.3900337,0.10390348,0.9412401,0.0593629,0.07204379,0.09098684,0.03162394,0.64427114,0.3543066,0.49188378,0.45737207,0.0062293834,2.009367,39.359825,0.18451892,-3.8504531,-1.4141355,-2.8734574,-1.5088885,-13.824108,-0.37568474,0.004690588,1.121589,0.40525317,0.46775365,10.950241,0.09756635,1.5467207,2.901666,18.770018,0.23076029,489.335,0.32300618,1408.871,0.1321051,-135.391,-0.6790638,1393.2239,0.16918544,1089.8866,0.25994402,-133.25864,-0.6846238,2635.923,0.08268412,829.39935,0.45688638,-138.01805,-0.6147402,-6.7963448,-0.35331187,20.190386,0.18234995,0.086123794,0.123866476,0.0002956429,25.38498,0.0136823645,1.3964884,41.77206,0.0668573,-8.588959,-0.5054934,-4.0159597,-1.2420323,-17.051216,-0.35795826,-8.541266,25.07745,0.083215006,-0.0007636601,0.002269167,0.1537673,0.9249743,0.3638889,0.71201694,0.65999997,1.0465633,-44.491264,0
35.8233,0.00482303,35.67398,35.812363,35.9561,0.28211975,2.0909617,1.4193739,1.8768885,1.0284405,0.5383251,0.32603613,0.49617633,0.5729078,0.6231421,0.12696579,0.5396388,0.15147972,0.10005695,0.047163364,0.13168377,0.33626813,27.65855,0.39479062,4.1609006,0.8403535,-9.49995,-0.5567261,-2.9044743,-2.358341,0.011599554,0.69179165,1.0328683,0.3792259,7.7821345,0.27299753,-0.27877152,-10.683573,24.722137,0.16592705,721.09406,0.34103543,1571.1896,0.18960299,-32.79237,-1.8754878,1616.4519,0.17222506,1365.8317,0.2314151,-34.40659,-1.6024114,2776.024,0.1090793,1156.6436,0.34291953,-49.835148,-0.9961245,-9.0899935,-0.37271836,29.089819,0.13244513,0.0447911,0.27122948,7.8070196e-05,88.41996,0.14390367,0.16172694,30.820356,0.10981284,4.3921375,0.75269526,-10.449955,-0.42728093,-3.661258,-1.7783378,1.4563289,7.088899,0.054196637,0.03339429,0.024523592,0.147929,0.2969562,3.0225,5.1081667,0.258,0.36278918,-28.213388,0
34.73923,0.014937669,34.48211,34.649666,34.854748,0.3726387,5.598025,10.310031,8.097274,10.93446,0.32266036,0.5627344,0.18574378,0.26382756,0.48909476,0.30335099,0.5078408,0.60077006,0.41604057,0.26069897,0.023963172,0.9673874,28.741686,0.33123925,-31.665579,-0.29505816,-11.78822,-0.8381737,-25.106209,-0.26855275,0.0058751507,1.2733616,0.3462791,0.6156797,11.273628,0.15712033,15.4755,0.37620452,19.575518,0.26508957,739.596,0.2195737,1424.1981,0.12742732,-10.776647,-5.6714153,1626.8345,0.07890025,1173.5063,0.24417073,-10.962532,-5.486063,2849.7563,0.079965055,911.31134,0.434275,-29.006018,-1.873851,3.916029,0.5016027,22.37826,0.19243775,0.103302725,0.11865776,0.03911605,0.21308176,0.025707629,0.9090737,31.512146,0.1185222,-34.031723,-0.12919028,-12.701768,-0.7596677,-26.778664,-0.14653437,2.959234,5.974449,0.085549854,0.031554103,0.0072745415,0.5982906,0.08583691,10.58,0.0,0.52,0.26,-35.26743,0
25.668842,0.010955506,25.445133,25.639181,25.936802,0.4916687,4.0175786,1.4952021,4.4270697,2.2845948,0.18038666,0.6225185,0.102211975,0.13848458,0.28675976,0.18454778,1.4702008,1.6330104,0.32119128,0.49625692,0.021282475,1.1270311,34.850246,0.3158415,4.1329684,1.6250821,-7.23545,-0.9173147,-20.660666,-0.43752575,0.0034676238,0.8130052,0.3974811,0.5751983,8.2807665,0.07671143,0.08384201,24.712748,26.935392,0.19228505,474.41855,0.32624125,1409.8213,0.103946306,-13.534,-4.6461263,1431.2963,0.15607332,1038.8062,0.19261943,-21.197256,-2.8197937,2705.2913,0.07094293,859.1473,0.31766838,-36.787582,-1.4807738,-13.203351,-0.40101722,30.956211,0.1771753,0.09608175,0.079363644,-0.01193774,-1.4235505,0.022787116,1.0716059,37.942467,0.12744723,5.0201426,1.233109,-7.783241,-0.799071,-22.404776,-0.33455303,-0.24740914,10.276451,0.081895046,0.024075614,0.0072258143,1.2487992,0.0965251,9.32,0.0,0.505,0.024999999,-37.470016,0
35.227257,0.026285775,35.194355,35.29336,35.39399,0.19963455,5.395746,0.0,1.5501752,0.0,0.5250503,0.705443,0.24269882,0.40004534,0.7719375,0.5292387,0.6926182,0.44270968,0.16102111,0.0,0.05040525,1.1903899,24.618965,0.18180715,3.1331124,2.0514288,-17.80763,-0.679328,-30.860197,-0.4327322,0.004369546,2.314019,0.5101253,0.6568767,11.941754,0.14224099,-10.349651,-0.30363384,12.73188,0.47353584,650.9575,0.31655613,1528.1115,0.14873987,-27.289167,-2.582474,1521.9707,0.16796276,1367.8309,0.27611163,-34.11259,-1.8752618,2761.8118,0.0714735,697.6275,0.5116299,-38.671207,-1.608455,-11.855905,-0.26909518,22.289164,0.30072448,0.07687498,0.12726273,-0.01810863,-0.5032554,0.057204716,1.0769202,25.386396,0.151679,3.026742,2.170071,-20.357265,-0.44179127,-34.25319,-0.30910823,-9.135447,18.120691,0.060328033,0.0045844843,0.0059631993,0.09310987,0.09354537,9.309999,0.0,0.675,0.21499999,-26.79077,0
31.178957,0.02007455,30.993973,31.154081,31.335667,0.34169388,21.919262,0.0,446.51898,315.77213,0.8633262,0.7059935,0.43404657,0.7155927,1.51612,1.0820735,3.8551602,3.1782122,2.0472229,1.3575575,0.13122918,1.1432209,30.153912,0.28737286,-24.382006,-0.4345625,-4.0931625,-2.1674204,-23.854506,-0.33814296,0.0026294757,0.7516589,0.47219342,0.56643575,10.109484,0.11436681,-1.3179733,-1.7449229,9.475335,0.46930417,526.09204,0.38851172,1312.0396,0.1403379,-30.95864,-2.6173494,1450.0894,0.19884422,1062.8071,0.19174209,-27.346207,-2.9435754,2528.9722,0.0908,799.2017,0.28662688,-37.900864,-1.9929879,1.4211023,1.9412943,14.330883,0.33040607,0.092820644,0.10598385,0.004827721,1.7755741,0.15906584,0.95564747,33.73576,0.10423457,-28.42278,-0.22048138,-4.4863563,-2.0843248,-26.055107,-0.25001574,-5.1266646,14.843369,0.093932465,0.016376458,0.004944089,0.72158754,0.060386475,13.599999,0.0,0.96666664,0.7875842,-22.474289,0
31.574076,0.06551593,31.820717,31.94898,32.135857,0.31513977,160.31253,32.94897,8.930603,4.8890805,0.80246615,0.5111077,0.67202437,0.7566848,1.0068302,0.33480585,8.27168,6.5120945,7.605024,6.50448,0.19528934,0.8788025,28.782356,0.4268262,-7.0565667,-0.7753379,-15.245828,-0.46993962,6.266524,1.1404779,0.020588618,3.181218,0.94573754,0.77632713,7.56558,0.38212693,1.8788897,1.7944714,17.127163,0.34506598,743.7326,0.15417707,1467.4613,0.09823556,-34.422916,-1.9789145,1549.3667,0.062489826,1191.9437,0.11427441,-30.930494,-2.2440228,2805.354,0.047072753,796.0798,0.3610772,-50.87273,-1.2059711,-0.68264955,-3.4667149,26.502853,0.15561822,0.027856013,0.29703698,0.01004742,0.6374287,0.2165682,0.7952165,32.664528,0.11116588,-8.361922,-0.56409234,-17.179287,-0.3166077,6.733506,1.0388958,0.20441127,10.183875,0.048949704,0.026804931,0.07299768,0.8976661,0.18034264,4.74,4.68,0.52,0.31822422,-23.282204,0
35.31876,0.08520244,34.715168,35.555656,36.083843,1.3686752,80.46478,90.9603,20.834703,24.209,0.30836833,0.5529165,0.18039516,0.2796637,0.4373246,0.25692946,1.1084361,0.69948655,1.1231523,0.5298928,0.04996499,0.73638153,36.75293,0.26940712,-19.16388,-0.4179734,-4.572817,-2.1098015,-21.453703,-0.44818982,0.028760152,1.3666275,1.0648688,0.88757145,6.509493,0.6593167,1.389252,3.146061,21.614185,0.36060363,671.45844,0.354014,1548.6157,0.17902683,-38.16544,-1.948003,1503.6125,0.1537224,1154.2526,0.23059891,-33.53351,-2.0760357,2760.5208,0.08148529,781.2113,0.43587175,-48.621555,-1.303121,-2.0657005,-1.6941072,21.375048,0.2882008,0.10448993,0.11325995,0.011014532,0.75680894,0.05369493,0.6669681,39.2354,0.1514155,-20.96436,-0.3018292,-5.6281495,-1.6164122,-23.0042,-0.38684437,-2.6627398,16.19628,0.0822331,0.01907918,0.030448793,1.4717908,0.98522174,0.84833336,1.0152408,0.145,0.13604532,-35.752903,0
32.06026,0.057285424,31.512968,31.884626,32.181355,0.66838646,7.024309,0.0,4.8750086,0.0,0.20262027,0.63827735,0.10948663,0.17439671,0.32655156,0.21706492,1.1662449,0.48786902,0.2006991,0.08795509,0.04372686,1.0576305,29.169582,0.34186572,1.5207618,3.3812923,-20.382895,-0.51887375,-11.24462,-0.6116458,0.026733926,0.972153,1.1884395,0.58194536,4.3628635,1.0545906,3.3177402,0.98883,25.813425,0.1836281,667.81934,0.20650636,1421.3619,0.1174593,-42.6213,-1.8501579,1541.5448,0.07997991,1120.8604,0.2842059,-46.909096,-1.6262468,2839.4158,0.09128894,958.08966,0.70228046,-61.53755,-1.1208022,-7.618792,-0.38160723,24.57744,0.15412733,0.08601414,0.10622037,-0.0036791253,-2.9241152,0.04767355,0.93615687,32.667812,0.12973706,1.9428384,2.2694614,-23.373634,-0.29343814,-11.056628,-0.63608915,-4.547072,15.632317,0.087382674,0.01189915,0.029759767,0.69084626,0.6968641,1.1274999,1.4045529,0.22,0.17584082,-39.796898,0
24.473959,0.04379701,23.611876,24.306557,25.47374,1.8618641,6.5380735,3.3654127,3.4323118,3.406472,0.2891824,0.80827755,0.15355909,0.18389675,0.39190036,0.23834127,1.6787478,1.5433705,0.5649548,0.6239017,0.034819,1.3743075,39.584217,0.09558465,0.37842697,11.403631,-17.699652,-0.3185092,-22.271334,-0.24027126,0.0043017347,0.8851744,0.42145565,0.65881246,7.3070087,0.16142833,-4.5249987,-0.4250121,23.089073,0.19528994,432.95193,0.3023286,1377.5417,0.09268309,8.393156,4.7906413,1339.6848,0.13862993,979.759,0.08070567,2.238376,17.249434,2503.8892,0.08677956,690.07556,0.21969135,-16.639898,-2.11201,-8.404577,-0.24506576,25.097013,0.14441618,0.07849109,0.16557989,-0.01729279,-0.3789324,0.03557051,1.3636888,40.1151,0.06411496,0.25291598,16.799126,-18.368797,-0.23604855,-22.772017,-0.18808341,-8.094962,19.355558,0.06550515,0.006604147,0.016113654,0.16286644,0.054436583,17.72,0.0,0.31,0.11,-32.516006,0
33.747444,0.049249,33.861954,34.011936,34.15445,0.29249573,2.4777591,1.4977682,20.588419,0.0,0.22460662,0.925457,0.04107903,0.14307468,0.42721263,0.3861336,1.369042,0.52642757,0.46901846,0.4194896,0.023875484,1.177058,33.274117,0.3514375,-5.4108844,-2.0196402,-5.1692348,-2.2025063,-23.558298,-0.8024854,0.00452411,2.8469353,0.52528256,0.53578794,11.15298,0.14266826,2.053914,1.7883018,19.12375,0.23710117,737.2064,0.2339182,1559.663,0.18100598,-66.59314,-1.4668479,1534.8143,0.14581974,1466.7723,0.24326289,-74.62575,-1.2228866,2786.8875,0.055991825,695.32904,0.45647848,-80.64385,-1.0753889,-5.421678,-0.5500391,23.988653,0.18594757,0.072270334,0.15749004,-0.012240984,-0.8737629,0.03428347,0.86590415,41.31263,0.07502268,-12.2071,-0.49588403,-11.597081,-0.6968817,-34.581295,-0.39439905,-10.0196905,19.356363,0.06213528,0.014005297,0.0042143213,0.7398274,0.12406949,5.29,0.0,1.37,0.29,-35.057335,0
26.132925,0.020173797,25.881664,26.08348,26.306116,0.42445183,23.759783,47.82072,8.609454,12.714515,0.2079978,1.171855,0.04576061,0.11222998,0.38514543,0.33938482,2.1698112,2.6058185,0.22706631,0.08131241,0.03675926,1.849494,32.39404,0.43650174,-5.9878383,-1.179763,-16.409372,-0.63644975,-19.920961,-0.50656193,0.005851919,1.6430966,0.94346815,0.51093847,6.4493313,0.20085748,2.8451223,1.0450876,24.668777,0.20439333,488.86792,0.30991676,1503.7434,0.09925063,-43.50488,-2.0576735,1402.9023,0.17122515,1161.3416,0.13259877,-44.67451,-1.9572012,2590.9905,0.10164624,932.41284,0.2003358,-59.845222,-1.3191444,-6.9407115,-0.34550712,25.34497,0.18775477,0.08794916,0.093369864,-0.02431793,-0.41043815,0.04706704,1.5923713,39.646847,0.11514067,-4.7386045,-1.3820286,-20.803993,-0.31794125,-23.29262,-0.3818726,-0.029420573,8.41972,0.09335095,0.023261614,0.004535978,0.16090105,0.08077545,9.42,0.0,1.4649999,0.49499997,-34.525314,0
30.188742,0.009732216,29.999002,30.222467,30.371824,0.3728218,0.76515025,0.33038118,2.88921,2.4424152,0.1018355,1.0925874,0.06250351,0.06869441,0.0770477,0.014544189,0.9367534,0.5459484,-0.38653237,0.50236845,0.0066951937,2.2808948,34.771873,0.25924844,-1.9491246,-2.234505,-21.269556,-0.45511976,-25.68497,-0.25076103,0.0027944546,1.1774123,0.38109362,0.55833113,10.389178,0.122643314,0.8139529,4.4557853,28.249853,0.2038698,616.2687,0.25706765,1566.4352,0.1661008,-141.59772,-0.64936626,1522.0323,0.10077235,1104.7102,0.28389004,-141.27213,-0.63587713,2898.444,0.08577859,860.8501,0.5608236,-147.85059,-0.5397519,-10.847569,-0.32746094,32.624393,0.13172902,0.11077329,0.09579289,-0.009288218,-0.5754158,0.017101225,1.480761,38.14717,0.08956778,-2.0795288,-2.4907548,-28.701511,-0.30829227,-27.456047,-0.17103489,-10.99213,28.34619,0.107386425,-0.0037257755,0.0024564238,0.19398643,1.2639767,0.21269229,0.61157775,0.4475,0.52216494,-42.841385,0
28.259928,0.111379296,27.279665,27.458765,27.742962,0.4632969,75.984634,89.540115,66.40622,63.378185,0.6059479,0.55216354,0.42355034,0.4999618,0.82633114,0.4027808,2.4507768,1.1171788,1.9495258,1.0669793,0.07907827,1.1026437,31.43244,0.20210913,-27.490261,-0.2267692,-23.03833,-0.2928523,-14.417252,-0.2753123,0.014866441,2.8742225,0.51218385,1.6682868,8.15715,0.25941673,-4.116448,-1.1824375,5.5067906,1.0642182,631.3308,0.37929907,1436.9382,0.17254499,-0.3228615,-157.01299,1654.7976,0.18277258,1053.7135,0.24073373,1.3763651,34.510586,2760.257,0.111194514,1099.2803,0.33866468,-10.389688,-4.313603,-3.1248612,-0.749516,18.03091,0.23024358,0.08385798,0.11380086,-0.0057568275,-1.134856,0.08334778,1.0525386,32.77102,0.08372169,-28.75241,-0.108966425,-24.02839,-0.18976608,-14.515913,-0.26462546,-1.2084671,10.845034,0.091398396,0.019514669,0.0046144603,0.72859746,0.04564126,20.76,0.0,0.56,0.29,-26.511303,0
32.33485,0.0103619825,32.145313,32.367714,32.497795,0.35248184,-0.98136747,0.0,0.7539094,0.0,0.22368152,0.73454434,0.08571367,0.14157866,0.38216,0.29644632,1.9510806,1.3652811,0.09558309,0.0,0.013465573,1.4469376,42.92877,0.17903079,4.104213,1.195741,-23.965237,-0.37110463,-24.619152,-0.27092382,0.0027009014,4.8464713,0.17535444,1.6554526,11.88862,0.09013003,-3.973772,-0.48519552,28.212233,0.15031865,589.3667,0.25921497,1529.3823,0.122047015,-6.225525,-7.8059974,1494.6892,0.14504184,1321.2429,0.25599608,-20.478117,-2.1799328,2744.4656,0.06254707,913.3331,0.29385585,-35.141804,-1.1607217,-16.696583,-0.24497081,35.362133,0.121880874,0.09621508,0.09064725,-0.025493741,-0.35410497,0.014180111,1.4040179,44.72223,0.06605907,4.4286585,1.0298504,-25.323061,-0.27012783,-25.382666,-0.23310481,-7.3768067,17.34731,0.09250953,0.011346277,0.0032490056,0.1303781,0.1312336,7.17,0.0,0.21,0.14999999,-35.377426,0
29.787031,0.054040913,29.186031,29.478653,29.879658,0.6936264,9.091251,8.98367,0.4855909,0.9479987,0.1275073,0.7984011,0.07665952,0.09037698,0.1410449,0.06438538,1.930299,1.3203412,0.65232635,0.65840733,0.015135934,1.8167318,32.501556,0.19267994,12.140494,0.60320103,-15.241018,-0.69772846,-15.573622,-0.45603648,0.0066075907,1.355581,0.74286425,0.8855904,8.664172,0.22936593,-0.52068716,-8.248201,26.708282,0.21984212,534.6322,0.2974199,1519.62,0.12585795,-45.478527,-1.7763499,1446.7869,0.13969243,1213.613,0.23681377,-52.679855,-1.443302,2737.2605,0.07950826,901.4186,0.5055762,-65.248505,-1.0616794,-12.874111,-0.38697746,27.80172,0.2507985,0.093976155,0.13518512,-0.0169856,-0.9407608,0.017616883,1.7306503,33.74262,0.15623626,13.1816845,0.5316664,-17.370625,-0.60885394,-15.934521,-0.45484713,-11.20661,21.031319,0.096808985,-0.0036979713,0.0059695635,0.20090407,1.5609266,0.48451614,1.44585,0.12718749,0.117506236,-41.0936,0
31.337559,0.012072043,31.165623,31.314249,31.459728,0.29410553,15.561038,19.865318,8.480527,19.305756,0.21294467,0.82262343,0.031046733,0.16567129,0.37778667,0.34673995,0.69779056,0.34880063,0.9944075,0.7880548,0.018011361,1.5184362,35.120262,0.48939666,-5.629869,-0.86103755,-10.862145,-0.77224165,-21.441013,-0.5764812,0.0029237901,1.4736421,0.31853634,1.299846,10.9850855,0.1527115,5.7845383,0.48668885,30.828901,0.16224234,781.6714,0.08517277,1257.3254,0.09269747,-46.492798,-1.9599892,1706.213,0.06214746,1048.1062,0.14580478,-61.204117,-1.3436023,2985.7434,0.02153279,639.4407,0.27713946,-72.14793,-1.0493778,-15.8049,-0.25211906,34.3493,0.16115758,0.086735345,0.12676899,-0.01758535,-0.59989256,0.021601839,1.3576258,44.95717,0.109158896,-4.777513,-0.8397041,-14.289099,-0.43961185,-26.528296,-0.359046,-0.43625414,9.522381,0.085379034,0.026209181,0.0079564685,0.38363174,0.38610038,1.9066666,2.6540198,0.49499997,0.62982136,-35.893196,0
27.183817,0.18162355,24.022232,24.525957,35.212814,11.190582,159.74112,148.20723,113.013214,114.64666,0.3716995,0.52734524,0.25146243,0.32401964,0.5870571,0.33559468,1.3621763,1.2405593,1.098556,1.8073967,0.05641214,0.8917959,35.894024,0.27722058,6.04677,1.0974075,-14.794851,-0.53181344,-32.347805,-0.27452672,0.021053152,1.9492548,1.0432321,1.0280577,6.062049,0.39748433,0.06018279,76.90916,30.34894,0.19230582,657.3515,0.28483814,1413.1259,0.11250432,-17.686024,-3.8477921,1688.5021,0.17698282,1104.6445,0.17871864,-28.176105,-2.182061,2885.895,0.12387017,1006.0838,0.21959087,-41.50654,-1.3633196,-14.913222,-0.28017524,29.143333,0.15459661,0.07978619,0.114268444,-0.05259569,-0.15930693,0.06306394,0.789737,38.87261,0.13726003,7.7120266,0.5861415,-15.857012,-0.4379362,-34.637913,-0.16745825,-2.9636188,11.885526,0.08979933,0.008974805,0.005177193,0.9936766,0.09074411,9.78,0.0,0.60499996,0.015,-30.057547,0
28.48167,0.008901914,28.294748,28.436724,28.634956,0.34020805,3.4794977,3.055473,2.6531298,2.5341775,0.21251766,0.525526,0.13877495,0.17829184,0.23829162,0.099516675,0.2535225,0.11338947,0.14314206,0.08028758,0.026888322,0.7744503,20.763975,0.18437788,17.461527,0.2765316,-18.268892,-0.36825114,-33.215492,-0.28061393,0.005862063,0.77761364,0.803632,0.45516467,6.31663,0.28903463,1.9600537,3.989602,18.818123,0.32034308,457.5637,0.122678414,1293.0101,0.11374799,-21.111559,-1.7502464,1312.8798,0.06902672,1105.0808,0.13030222,-16.18002,-2.334235,2494.1223,0.051181138,992.24133,0.2002483,-38.25579,-0.86739826,-8.710847,-0.37579417,18.489016,0.27287382,0.038271587,0.351375,-0.022832336,-0.50914603,0.027949754,0.752486,20.851177,0.17878614,17.99988,0.20870808,-19.21803,-0.2619858,-34.191147,-0.23898901,-9.887051,20.420197,0.054141175,0.0005123104,0.0060585416,0.39946738,0.13404825,7.1499996,0.0,0.29,0.0,-40.109283,0
25.594933,0.071092255,25.061535,25.298819,25.544538,0.48300362,31.733068,49.40298,14.152998,16.91697,0.14706251,0.72390944,0.09680694,0.11190659,0.13827331,0.04146637,0.9425445,0.69480586,0.38564628,0.69404256,0.01740323,1.2542351,25.455267,0.13789721,2.2174354,2.0906835,-24.001566,-0.3829975,-37.686794,-0.2855466,0.009278205,2.7047796,0.8612357,0.51461655,5.896041,0.27302068,-2.7221622,-1.0458366,19.499302,0.27227244,545.1093,0.31825936,1415.3861,0.12052264,-10.5524235,-5.7897825,1457.3254,0.16201887,1218.017,0.20117617,-16.46944,-3.5521839,2603.502,0.10216918,1025.9858,0.35952073,-31.511854,-1.6983955,-9.827339,-0.3120058,23.848358,0.18579693,0.09007402,0.11768188,-0.01053044,-0.9525229,0.018746637,1.2104146,25.92879,0.104635276,2.5073802,1.8455384,-25.090294,-0.33807874,-39.307827,-0.23748034,-6.5498486,19.276001,0.08506234,0.0036856467,0.006006952,0.3163127,0.9057971,0.983,1.2836397,0.09190476,0.1107816,-41.186813,0
30.561562,0.009029404,30.406647,30.576447,30.758854,0.35220718,4.086322,2.1328192,3.4337041,2.520773,0.25134224,0.69453,0.10396403,0.22302099,0.3939193,0.28995526,0.45916167,0.1837556,0.29702428,0.18221602,0.038381018,1.1155381,41.72581,0.25914308,-9.0820675,-1.1760552,2.114786,4.5970693,-12.056551,-0.7961242,0.01076244,1.1835555,0.66379064,0.77284735,8.881137,0.28899685,7.8283267,0.22379172,23.2535,0.21442781,659.7198,0.29760978,1426.5067,0.13361982,-36.000526,-2.0944333,1581.3447,0.17980507,1220.6648,0.2939483,-42.624573,-1.6502764,2707.7043,0.11597222,825.7112,0.27066436,-52.58904,-1.2543337,-8.197719,-0.28635675,22.33589,0.23513483,0.06684525,0.19396755,-0.013441887,-0.63372487,0.045823913,0.9489819,46.04718,0.11339018,-13.044079,-0.47672424,0.00679615,1347.5735,-14.342804,-0.6088589,-13.697138,23.110348,0.044357225,0.008796597,0.0023682744,0.2962963,0.14947683,5.58,0.0,1.09,0.0,-36.146137,0
26.718695,0.09649571,26.233046,26.44902,26.734415,0.5013695,23.755678,11.755061,111.12903,0.0,0.7310589,0.65166044,0.23624049,0.61626685,1.1553147,0.9190742,2.241715,1.4939148,1.4972725,1.1172724,0.16086695,0.9641549,19.792933,0.29700038,-0.8903553,-6.575219,-27.875645,-0.3397177,-42.624874,-0.35000747,0.009056273,1.3633341,0.8201174,0.8291591,6.689497,0.3560833,0.36355436,7.161461,8.986145,0.5517736,657.8673,0.28957224,1463.2848,0.15072589,-23.510279,-3.5024672,1541.5188,0.15192264,1316.9711,0.31162003,-27.941338,-2.841717,2797.2512,0.07538839,691.8992,0.4647871,-35.335472,-2.136358,-6.619642,-0.22915359,20.515532,0.2241273,0.082721286,0.10868728,-0.029060615,-0.2405411,0.18691024,0.85198766,20.837496,0.23113126,-0.8644723,-5.825889,-30.041887,-0.23242344,-48.01898,-0.18899964,-4.827366,15.093648,0.08325367,-0.0013771175,0.04709342,0.6920416,0.6980803,1.17,1.8503377,0.192,0.122212924,-23.801373,0
32.42786,0.0069593866,32.33338,32.422607,32.51488,0.18149948,3.962563,1.9610399,1.4688805,0.67383385,0.113165855,0.7800628,0.05551127,0.07024646,0.18577026,0.13025899,0.26928794,0.14988084,0.12683065,0.40452686,0.0076457933,1.7616023,40.06072,0.26720983,1.072817,5.426942,-5.7931027,-0.9097282,-21.790205,-0.19918202,0.0036640982,1.6976044,0.3932485,1.4237447,11.222254,0.17725375,-2.9979515,-0.51739764,21.793695,0.18690118,441.1799,0.17216195,1338.595,0.081058875,-107.27427,-0.91638386,1310.3959,0.074617125,1038.4117,0.13771966,-109.40592,-0.8726014,2627.6575,0.034776133,630.15015,0.23817861,-117.12796,-0.7461023,-11.181377,-0.2606866,25.416862,0.13580163,0.08476448,0.11580404,-0.014764062,-0.4157117,0.013583344,1.2772837,46.327915,0.08398584,-0.83067393,-5.754474,-6.655667,-0.72682333,-24.031813,-0.18050227,-10.670485,24.030478,0.09189041,-0.006378846,0.0022678713,0.974026,0.6557377,0.7125,0.8744819,0.78999996,0.7690578,-44.154015,0
36.315014,0.0033301841,36.212074,36.335194,36.41108,0.19900513,2.1379063,0.779907,1.5555826,0.756342,0.49970204,0.43564215,0.4806966,0.55002683,0.6196563,0.13895974,1.2867815,0.84064096,-0.7067346,0.9747907,0.09741187,0.4512889,29.08387,0.54748803,3.9901166,0.7626555,-7.5242567,-0.531123,2.6200914,2.7755277,0.009441855,0.34449354,0.870045,0.33194482,10.2129545,0.1186691,-0.9376503,-5.315613,24.786331,0.15266538,679.9473,0.33911678,1446.824,0.18412277,-44.099117,-1.6709263,1686.4678,0.1850973,1262.2059,0.22270007,-46.220985,-1.3686751,2864.8164,0.0938332,1111.6913,0.3389183,-58.82994,-0.9840602,-13.48034,-0.30741414,33.229687,0.09229199,0.047296416,0.11969845,-0.0032631462,-2.8338552,0.113138035,0.18309164,35.450676,0.09296133,4.738841,0.53644663,-8.324942,-0.44152337,2.8601909,2.6655862,5.790001,0.2895807,0.065998174,0.043006364,0.00010473832,0.5830904,0.14705883,5.8199997,0.0,0.96,0.0,-26.586697,0
34.332073,0.0106139835,34.053257,34.411358,34.54561,0.49235153,10.888827,14.129938,1.2239708,0.5701634,0.33447474,0.52176166,0.16405311,0.2962992,0.45974833,0.29569522,0.54878724,0.16910143,0.56191605,0.3416758,0.020049073,0.8311785,34.997944,0.10990005,-27.570744,-0.21204899,-22.630053,-0.3257941,-23.066853,-0.30518678,0.004295454,1.4575695,0.4400346,1.0087596,11.75855,0.13861947,10.092405,0.43402466,24.178417,0.19851299,717.26733,0.21264099,1420.0591,0.09248717,8.472828,0.7610952,1590.1985,0.06318877,1091.1941,0.12204958,7.853059,0.45310307,2894.1672,0.046704236,879.6223,0.3141274,-17.987286,-0.31309214,1.9614034,1.008445,28.54499,0.17076653,0.09413981,0.13780127,0.02694214,0.26441228,0.020124765,0.8691607,35.157368,0.097956285,-27.807047,-0.19195017,-22.558554,-0.326414,-23.230246,-0.29619363,0.0,0.0,0.0,0.0,0.0,0.9917356,0.16694492,5.98,0.0,0.0,0.0,-35.137913,0
26.047544,0.008600116,25.882872,26.037647,26.186672,0.30380058,4.298753,3.2982366,4.623102,3.8763509,0.22959848,0.63489145,0.027181823,0.262085,0.3562531,0.32907125,0.66437566,0.5039144,0.31577632,0.40166023,0.03123193,0.9369988,33.36872,0.36749154,8.301362,0.9724153,-7.829084,-0.98600423,-24.147755,-0.47093657,0.0028403732,0.88030654,0.39759123,0.7332707,8.586846,0.09432097,-0.2520758,-6.895565,29.151308,0.20696981,543.4211,0.33788222,1445.834,0.1390728,-39.05436,-2.2008982,1534.4065,0.1984651,1197.498,0.23357552,-48.330486,-1.6577494,2741.4783,0.10163408,993.1819,0.42720973,-58.941887,-1.2599288,-18.093355,-0.38343972,32.3943,0.20041937,0.09476298,0.09307892,-0.033141457,-0.54522455,0.039594423,0.7061536,39.169846,0.14573516,10.597015,0.69001716,-11.020465,-0.47764522,-28.750448,-0.28162235,-4.9810033,12.766288,0.08196928,0.018747104,0.0012157283,1.4285715,0.16025642,4.89,0.0,1.3299999,0.0,-33.870068,0
35.555836,0.008224724,35.392883,35.487827,35.6291,0.2362175,0.98315966,0.7456747,1.3213941,1.3481835,0.59755445,0.59731,0.29244843,0.6016631,0.94602776,0.65357935,0.7059861,0.37374058,0.21535839,0.0,0.053492617,1.025724,21.682262,0.20260006,3.4752252,1.6687621,-12.862089,-1.0122526,-30.450256,-0.45216125,0.003637215,0.6824588,0.37906304,0.898159,12.454805,0.068866625,-11.9535475,-0.21278335,8.484888,0.5893171,483.23907,0.2529938,1485.2297,0.15040334,-37.742397,-2.0126383,1376.4596,0.098981045,1191.6885,0.17997904,-38.054623,-1.8975406,2659.6138,0.06318417,771.75604,0.7342985,-43.341816,-1.6121995,-10.632866,-0.18540972,19.037186,0.16557999,0.07486227,0.13456792,-0.018405644,-0.3782282,0.06373248,0.8645471,22.543247,0.17922999,2.34877,2.4142666,-17.489365,-0.5002258,-34.947594,-0.27868548,-10.947222,18.727177,0.047877267,0.0049079014,0.0037604715,0.15649453,0.15797788,5.2799997,0.0,1.03,0.0,-27.132532,0
30.74787,0.0063920394,30.635191,30.747126,30.86014,0.22494888,4.4523926,5.446736,2.3742673,1.5214404,1.1043248,0.45893624,0.57396716,1.1840154,1.3995237,0.8255566,3.2096245,2.1511579,0.45883942,0.0,0.15254347,0.71264654,34.815872,0.17203017,-27.636547,-0.37728572,-9.458637,-1.0666554,-16.282406,-0.5282931,0.004116693,1.2389699,0.4655177,0.86137754,9.886878,0.11930683,-2.9528146,-1.0208257,12.294227,0.5041123,710.04565,0.3702304,1446.2482,0.16543931,0.82340175,53.13819,1666.9451,0.18093723,1212.4059,0.26410824,-1.2398195,-32.72308,2715.6753,0.10624582,1020.6523,0.25552192,-12.940372,-2.950367,0.29339054,10.722564,14.854842,0.3604419,0.09533683,0.11514751,-0.0018712095,-5.047978,0.15938178,0.66947365,35.719643,0.109608464,-28.97954,-0.28820318,-9.735831,-1.0313753,-16.97215,-0.47617176,-5.8695407,14.878447,0.07198592,0.02250208,0.002619931,0.16977929,0.17123288,5.6,0.0,0.22,0.0,-21.75099,0
31.917582,0.006596543,31.760933,31.881647,32.060913,0.29998016,3.0389476,1.1629921,2.2814877,1.5271405,0.6084111,0.4939796,0.5404805,0.66191345,0.84507775,0.30459726,1.9556304,0.82695985,0.3458952,0.21579073,0.14479834,0.60673296,26.345812,0.60721844,-2.0001957,-1.7814913,-14.90183,-0.42952913,7.0144587,0.84537464,0.009531694,1.7722545,0.8711348,0.6441214,7.9809093,0.22435135,3.994007,0.9269183,20.774338,0.2688172,853.1062,0.08781165,1348.1655,0.09430677,-39.223736,-1.8152708,1650.6653,0.06036943,1200.756,0.12457465,-41.135307,-1.7059555,2867.9824,0.03383162,780.7928,0.3090034,-58.502842,-1.0689243,-3.1351912,-0.64679843,28.97066,0.12092568,0.03277944,0.35786584,0.0076466906,0.7438239,0.17283525,0.38668132,33.180443,0.111601256,-2.387832,-1.5464149,-17.227594,-0.22129513,8.270699,0.6655241,5.8177896,0.26284903,0.065995805,0.042964816,0.00010485774,1.0016695,0.16863407,4.96,0.0,0.95,0.0,-26.765379,0
33.08357,0.0701916,32.859905,33.58813,34.166077,1.3061714,23.795198,27.107534,24.807966,34.59505,0.43347177,0.37745807,0.30660838,0.44702885,0.57590985,0.26930147,1.6356226,0.7537856,1.3535677,0.61433285,0.074238665,0.43318883,42.67113,0.1730452,-20.818129,-0.4505969,-23.026346,-0.4887447,-15.227208,-0.46434397,0.028679578,1.4971275,1.0457006,0.72437394,5.3231454,0.97511595,-1.8492109,-1.8744181,28.546381,0.2414493,867.4219,0.2509446,1501.8208,0.22158302,-4.7473564,-10.529298,1711.3722,0.15229206,1359.2825,0.21199872,-12.610754,-3.6709852,2868.7004,0.093418434,1199.0831,0.25840816,-32.062805,-1.3018764,-0.4901818,-6.181326,28.008905,0.16203196,0.09664253,0.14961712,0.0012209612,5.6760206,0.07874133,0.3549375,44.293716,0.08245344,-22.18344,-0.3547106,-24.591017,-0.38697243,-16.075598,-0.38527435,-4.858883,18.113585,0.061467007,0.023456492,0.008561293,2.2146509,0.17182131,5.48,0.0,0.155,0.114999995,-32.244274,0
30.34973,0.029573327,30.067091,30.291529,30.474321,0.40723038,6.942336,0.50226855,2.530474,1.1452028,0.13506983,0.73957825,0.06287271,0.086070746,0.22836898,0.16549627,0.6514508,0.2926116,0.54987305,0.24517855,0.016525995,1.196957,32.057415,0.27077752,-0.4961737,-9.554299,-11.099728,-0.8927751,-7.4337864,-0.92493975,0.012122834,1.0274552,1.2394551,0.62582606,7.057473,0.35378045,1.8251747,1.7314315,25.580675,0.20726621,740.22107,0.1594181,1376.0696,0.11075703,-98.89643,-1.0199894,1614.7433,0.06118544,1068.0,0.29720864,-104.06776,-0.9131494,2899.653,0.048679177,584.8822,0.50767213,-111.5963,-0.78547096,-10.837633,-0.2820171,25.182766,0.16475949,0.09363098,0.12086953,-0.010807522,-1.0894974,0.029042225,0.7451842,37.48368,0.15198468,-1.4927068,-2.7578812,-18.988075,-0.35329336,-10.71884,-0.6428767,-7.3529925,18.68506,0.09848519,0.01782695,0.004175804,0.9917356,0.83472455,0.592,1.0643195,0.48666668,0.4055312,-43.569798,0
25.383741,0.020294085,25.11021,25.517166,25.745201,0.6349907,5.038858,3.5669622,2.4643984,2.3643837,0.5410208,0.45139912,0.30414054,0.55120116,0.7153578,0.41121724,1.4540788,0.40146184,0.16326287,0.018698491,0.07804851,0.7100965,38.95415,0.1511286,-4.7029734,-1.2040906,-11.542389,-0.78259,-26.756292,-0.30928513,0.0031172351,0.9285398,0.34385693,0.6015156,7.9270797,0.108070485,-6.1061044,-0.20803168,17.617052,0.2700686,420.3689,0.29410136,1369.968,0.08819028,3.0188823,19.200567,1329.3374,0.13769078,967.2069,0.08823417,-2.147647,-26.078728,2507.2534,0.08222921,620.7335,0.1955509,-17.50042,-2.9505775,-8.175281,-0.36579445,21.91864,0.20939241,0.08932247,0.12660924,-0.022369273,-0.3105093,0.08279773,0.63183236,40.412544,0.077113554,-5.986926,-0.56052405,-13.505564,-0.4474848,-28.614693,-0.15437414,-14.245918,23.814917,0.049857296,0.0076052216,0.025044763,0.33955857,0.1715266,5.39,0.0,0.42,0.0,-28.204523,0
35.47299,0.0069711367,35.30009,35.504665,35.65816,0.35807037,2.6730437,1.237065,2.054464,1.4192872,0.22712976,0.8308071,0.07489407,0.13451047,0.394636,0.31974193,1.1895877,0.5662346,0.25073382,0.15302834,0.024349205,1.1296598,41.803314,0.15008079,1.760932,3.9100552,-9.471019,-1.0067056,-22.11767,-0.53622794,0.0048585846,0.8312462,0.48726195,0.48366308,12.300397,0.096408665,15.790026,0.34185484,34.002113,0.16731834,908.88904,0.07179092,1211.1427,0.13759443,-12.085997,-3.294428,1813.2513,0.08089879,1339.5071,0.23796779,-33.527374,-1.0708476,2998.4255,0.036158714,636.7486,0.3346032,-40.357044,-0.8421281,-12.630737,-0.40486243,33.04253,0.13879141,0.09305006,0.106877826,0.0061896457,1.5921342,0.025527237,1.0875928,42.962112,0.08834806,1.4102477,4.852215,-10.320442,-0.8575772,-23.181837,-0.4834404,-11.255712,20.823889,0.056761574,0.013795438,0.0020652215,0.33333334,0.16835016,5.68,0.0,0.24,0.0,-34.71734,0
26.01886,0.03996312,25.8204,26.029322,26.199692,0.37929153,6.385217,2.890117,7.7437396,6.784835,0.18726578,0.5967811,0.1017419,0.15386409,0.2532962,0.15155429,0.4399629,0.24923554,0.4231286,0.38640422,0.028061306,0.89440274,42.030956,0.19493459,0.31130338,17.293516,-19.592855,-0.44036946,-22.682837,-0.3785521,0.00692905,2.3855166,1.1465527,0.5711959,6.8261356,0.15780029,2.829373,0.95782506,31.087307,0.17918761,559.64215,0.33904153,1533.1677,0.10493252,-4.809505,-9.946763,1510.7789,0.19496126,1232.7395,0.14099652,-14.400388,-3.157472,2717.2444,0.11614028,1084.394,0.25048232,-32.384495,-1.2598667,-11.226282,-0.24116926,30.539865,0.17631298,0.08892325,0.117596544,-0.030751163,-0.36795908,0.029737007,0.84215367,43.81306,0.08952507,1.2451041,3.0778117,-20.798618,-0.34942585,-23.906507,-0.299912,0.8799537,5.002882,0.076747954,0.028113775,0.0020343077,0.49833888,0.16750419,5.6299996,0.0,0.32,0.0,-39.00834,0
36.734173,0.16673401,31.06512,35.35012,43.29667,12.231548,89.648155,32.63335,69.731636,49.25794,0.21907382,0.59894234,0.09559947,0.21626434,0.31831294,0.22271347,0.576814,0.37031722,0.35928234,0.16222613,0.016145565,0.85469264,35.189976,0.16379419,-10.663797,-0.593081,-32.777534,-0.2774023,-17.66269,-0.27236453,0.038133837,1.4503396,1.8471454,0.874027,6.972828,0.45393974,9.145371,1.443222,25.879936,0.46502304,787.1777,0.36751106,1518.0115,0.18492761,-3.2935417,-14.426366,1622.3458,0.17436813,1294.1364,0.23555209,-6.2075253,-6.84092,2905.615,0.12078549,1032.5729,0.40772125,-26.544037,-1.4445559,-3.1784,-0.7339686,30.262596,0.14420113,0.06867863,0.17852645,0.010939039,0.47342962,0.017074315,0.8078583,36.405605,0.06299064,-11.189068,-0.552798,-34.358906,-0.18005393,-18.093538,-0.23218551,-3.1178758,13.975845,0.0755448,0.022519818,0.001618821,1.2110727,0.35211268,2.705,2.455,0.22,0.0,-38.548576,0
27.881458,0.065063484,27.505266,27.69957,27.876085,0.3708191,21.660604,21.42227,103.06931,132.79175,1.038915,0.6099849,0.020913446,1.3188457,1.5809406,1.5600271,0.8150891,0.18605684,0.30452523,0.0,0.16545738,0.6891131,27.088938,0.45871854,-23.10905,-0.52826375,-17.449078,-0.7644013,-22.51524,-0.43566492,0.0061056623,3.4141462,0.28734732,0.8217626,8.995275,0.15988763,-4.157091,-0.9227632,6.2831483,0.8658292,700.8325,0.37467703,1351.2013,0.18269621,-41.248524,-2.2362752,1782.2335,0.19257814,933.09204,0.2565555,-36.950005,-2.3629434,2955.7297,0.13063765,1102.4236,0.4130782,-45.47436,-1.8203137,-8.834517,-0.31925654,21.093739,0.19619045,0.07010034,0.1212884,-0.02072461,-0.32680768,0.2129479,0.39080667,33.430367,0.11940623,-28.917974,-0.19730455,-22.83493,-0.2870605,-26.797756,-0.22554815,-0.8643785,8.266828,0.08388209,0.025677813,0.0045330697,0.13495277,0.27210885,2.835,2.8149998,0.79999995,0.75,-18.975191,0
32.389454,0.006485248,32.247593,32.455826,32.542645,0.29505157,2.0586326,1.9770694,1.3917366,1.3923967,0.16912192,0.65096307,0.0745388,0.109664835,0.2936657,0.21912691,0.49212238,0.2692525,0.08373204,0.0,0.008885796,1.1263036,43.707073,0.09101071,8.062573,0.3470187,-24.542793,-0.18603933,-24.715216,-0.23031165,0.0023876817,0.45697534,0.22940765,0.525849,11.9367895,0.017756097,-2.8334649,-0.6785922,33.559464,0.11509954,614.3559,0.19615367,1495.7562,0.12236153,6.4462013,0.55199796,1515.3143,0.10553794,1188.6282,0.20194654,-10.587269,-0.4686062,2805.0918,0.042259414,821.90497,0.2953967,-29.879269,-0.134595,-16.610186,-0.18336049,37.236393,0.10097861,0.09933567,0.0762388,-0.020323507,-0.69420743,0.008844858,1.1583416,43.92635,0.069170274,8.034935,0.34825724,-24.639784,-0.17828073,-24.756054,-0.2303457,0.0,0.0,0.0,0.0,0.0,0.1776199,0.17953323,5.56,0.0,0.0,0.0,-38.41881,0
28.776308,0.072753824,28.890821,29.196722,29.469614,0.5787926,261.36057,184.48445,49.835545,45.178177,0.5773872,0.5568863,0.2704267,0.5900848,0.8961359,0.62570924,1.8029206,0.84794044,1.1259922,0.51227075,0.13595757,0.75694716,27.95006,0.4103821,12.493201,0.5327129,-8.460329,-1.0548348,-38.330704,-0.29171526,0.02513357,2.0452964,0.9683461,0.8360439,6.255236,0.7618957,8.047357,0.5517695,22.581917,0.22865644,596.7964,0.31867805,1399.6683,0.13847797,-12.297321,-4.566092,1578.2389,0.21062483,1289.4789,0.31942165,-22.984388,-2.2805028,2742.4172,0.079775535,712.5317,0.4350468,-28.105572,-1.7952229,-13.919068,-0.19025926,23.673437,0.17456064,0.07349667,0.15502162,-0.046431903,-0.28256994,0.14668858,0.68208665,30.872898,0.14397803,13.621262,0.36878866,-9.171724,-0.9272398,-40.513916,-0.21490765,5.8738284,-1.6665931,0.097986564,0.016094517,0.024982639,1.5060241,0.30395138,3.02,2.96,0.25,0.19999999,-24.857813,0
30.785536,0.006324545,30.620739,30.774475,30.930977,0.31023788,4.211098,2.38693,2.6549873,2.9593425,0.20508559,0.67521,0.07910856,0.15492533,0.35132205,0.2722135,0.98927045,1.2146082,0.44318604,0.2054019,0.014122132,1.0543586,46.712517,0.0942091,3.2402713,1.2307342,-6.9798355,-1.0097398,-23.847391,-0.3933615,0.003025815,1.5184932,0.38950914,0.6413652,10.97574,0.058488928,6.452136,0.34078345,34.69984,0.1661624,781.87994,0.1496295,1380.2477,0.15971725,-14.508336,-3.683433,1627.0315,0.09240335,1100.9698,0.1880976,-27.56287,-1.7954739,2940.4456,0.039644927,569.3615,0.29334643,-42.093475,-1.0729976,-15.914929,-0.17604469,33.390957,0.16098166,0.089973435,0.123275116,-0.010572306,-0.74879855,0.015198513,1.017687,47.378254,0.07605615,2.8107505,1.3587993,-7.7401857,-0.88594747,-24.92237,-0.3656674,-16.904072,29.924246,0.10153231,0.0029764415,0.0030181971,1.2173913,0.8787346,1.036,1.4700558,0.1025,0.04205651,-36.797348,0
24.191587,0.035583206,23.93856,24.170738,24.306778,0.36821747,2.1864738,0.0,34.961082,24.841658,0.34813422,0.54455316,0.19373155,0.36332786,0.5017331,0.30800158,0.8015171,0.47005904,1.1716067,1.5341663,0.055953342,0.8330464,38.020947,0.30043513,11.2537985,0.7855611,-13.48078,-0.51767194,-29.381104,-0.39055887,0.0068025216,2.222306,0.5279433,0.79132843,7.3299623,0.10580679,0.9656262,2.0779877,34.081627,0.14605582,624.6992,0.31208432,1482.265,0.109546445,-23.601053,-3.079165,1677.2383,0.2117992,1201.1652,0.17544338,-37.741566,-1.7496017,2875.9397,0.12795581,1076.1874,0.23600706,-50.000637,-1.2176571,-18.647116,-0.19097604,33.50878,0.16253132,0.07733872,0.1376591,-0.057348475,-0.19268306,0.065124065,0.6814989,42.444794,0.0875279,14.442091,0.2763213,-15.215371,-0.3833975,-33.07656,-0.21704274,-1.56695,9.666125,0.08815461,0.023158852,0.0012143916,0.88626295,0.14880952,5.77,0.0,0.93,0.0,-29.90986,0
28.71695,0.077301405,28.288961,28.38491,28.51072,0.22175789,111.397484,142.907,77.54233,58.37867,0.30514407,0.5622122,0.16136259,0.28251708,0.4460644,0.28470182,0.9683535,0.5649803,0.8018591,0.5933005,0.053736072,0.71177465,22.81928,0.22989295,3.1440907,3.1360548,-18.137314,-0.5584998,-29.427166,-0.4586114,0.019117108,0.866832,1.5282959,0.6525791,5.0783186,0.5514363,2.5858078,1.5154417,20.113007,0.26483396,456.04272,0.20249796,1302.3093,0.091909334,-57.330437,-1.4383668,1331.0515,0.114255704,1057.0365,0.0939868,-49.54503,-1.7288525,2510.264,0.0766404,1099.0144,0.27849618,-70.567505,-1.0430111,-2.0632524,-1.6164849,18.60302,0.23369975,0.04459611,0.24709506,-0.013882091,-0.7069569,0.06525528,0.5553777,24.55006,0.122961186,6.5861187,0.9638358,-20.18196,-0.29280862,-36.14613,-0.19741865,-1.3851423,18.118979,0.04809123,0.013768491,0.0197543,1.1454754,0.6920415,1.0766666,2.3538454,0.3483333,0.34561136,-36.15957,0
26.123032,0.08534862,25.485806,25.647968,25.809479,0.32367325,38.311615,40.36731,79.58621,47.986538,0.28280336,0.4753126,0.1239763,0.29331517,0.41854137,0.29456508,1.2189348,1.4253713,0.44357395,0.25776568,0.04013885,0.75339854,28.723282,0.11103357,11.403069,0.37869966,-36.75835,-0.14351597,-52.608566,-0.12555733,0.00799204,2.8415956,0.61929727,0.69175,7.4310436,0.16280924,-1.918816,-2.3409603,28.071518,0.22377324,693.528,0.3076046,1501.9883,0.15299915,15.022958,0.84391797,1646.9277,0.18957411,1259.606,0.25397196,-1.655411,-8.4651575,2936.2825,0.09120161,1095.8899,0.22527109,-20.310555,-0.5481273,-13.194301,-0.21066922,24.221954,0.18258533,0.085473895,0.14363177,-0.027946252,-0.3411302,0.04066516,0.7429435,28.834738,0.10646708,11.466011,0.36869055,-36.82246,-0.13883334,-52.820812,-0.11966618,-4.283333,29.713593,0.068180785,0.019561674,0.02675023,1.1326861,0.16393442,6.0699997,0.0,0.0,0.0,-35.054844,0
31.575645,0.027277658,31.374691,31.607084,31.844624,0.46993256,392.65247,5.0319977,7.664779,5.0432115,0.24039596,0.64158773,0.14860561,0.17984928,0.3320063,0.18340069,0.6100747,0.27385482,0.44950438,0.24655764,0.022418102,1.0231339,26.407677,0.14497627,-8.709757,-0.53764117,45.5274,0.1829198,-12.309274,-0.7158034,0.006916035,2.3742337,0.4604978,0.58629334,9.178578,0.15832837,9.165275,0.42956182,6.639951,0.54848075,501.2176,0.17929386,1288.7953,0.11920886,-19.022324,-2.502616,1681.3126,0.056841064,675.9255,0.4042493,-31.467772,-1.4026536,2673.9602,0.04147875,1017.01324,0.20301922,-21.186594,-2.2134988,-5.2427955,-0.47275066,6.7648993,0.46267885,0.0655055,0.11153365,-0.025728177,-0.4508771,0.023578743,0.99140835,26.987171,0.077114776,-9.2957325,-0.42486304,47.24441,0.10231573,-12.804235,-0.66348416,-7.8271475,14.025821,0.05974821,3.260206e-05,0.006266649,0.35566095,0.1783591,5.23,7.149578,0.265,0.1439618,-39.026016,0
27.422035,0.06067394,27.35073,27.618073,27.851135,0.50040436,65.258934,44.36982,8.138248,13.370126,0.33657584,0.89949,0.09827853,0.21122529,0.5981191,0.49984056,1.7602692,1.0374305,1.6992432,1.6077673,0.045036793,1.2351203,19.792461,0.44870442,-1.699665,-3.9781659,5.3046455,1.1822336,-11.556954,-0.947022,0.010869583,4.661637,0.5498653,0.59986943,7.8161407,0.32640576,-3.4474711,-1.3573042,12.933155,0.36419594,612.49725,0.35057524,1396.4438,0.1487902,-48.307415,-1.8714371,1675.7299,0.11234994,986.71716,0.2582252,-56.008904,-1.518757,2589.297,0.12527643,949.04333,0.35054648,-55.90897,-1.5220798,-12.440095,-0.2880698,17.971426,0.23458017,0.093285084,0.10289349,-0.04100894,-0.29148144,0.05850822,1.0119652,23.99397,0.16927253,-0.5322025,-11.82292,6.2961335,0.96293306,-14.6688385,-0.6722245,-0.9193254,5.8315873,0.09126874,0.011642788,0.0075812624,0.6896552,0.49504954,1.482,2.8542137,0.42999998,0.49933288,-31.593054,0
32.560272,0.030466193,32.178825,32.342434,32.70655,0.5277252,3.905525,0.0,-3.0667012,2.4150686,0.18767063,0.62033945,0.07946536,0.14549394,0.31078887,0.23132351,0.76030266,0.7725877,-0.0044994885,0.5310342,0.01637771,0.837261,31.65238,0.26064622,8.738273,0.8657532,18.560408,0.43544197,-20.132267,-0.39942178,0.0051866462,2.1867085,0.4265637,0.5420956,11.568503,0.06006862,-6.834369,-0.40220723,18.871971,0.20020156,624.8879,0.15160312,1295.21,0.0929257,-21.029373,-3.0195727,1932.0737,0.062058847,880.9478,0.3040959,-40.429016,-1.3870173,2727.1492,0.047097005,936.47675,0.26374027,-36.045296,-1.5981907,-21.057331,-0.14333688,24.377764,0.14737488,0.09620739,0.16205128,-0.04710298,-0.20051216,0.01796871,0.7612371,34.37948,0.077424414,10.8837595,0.4139003,20.5725,0.28466955,-21.107822,-0.36922953,-3.2377264,10.243384,0.099362925,0.011961063,0.003525551,1.1180124,0.125,7.12,0.0,0.42499998,0.015,-35.87387,0
36.588245,0.009039122,36.378845,36.537453,36.678276,0.29943085,1.2431626,1.0025862,2.954839,1.6424115,0.6081295,0.3648322,0.5500149,0.66660863,0.7575437,0.20752877,0.7907358,0.4885432,0.56562114,0.42039636,0.09870914,0.41682145,23.412344,0.45416936,1.6305976,1.9284197,15.4938,0.5349832,-3.521018,-1.8629708,0.007825232,1.2519249,0.84392667,0.44726178,9.401511,0.22353142,3.6467948,0.9639023,14.174406,0.36535424,531.4633,0.21560454,1342.9679,0.1311075,-27.296858,-2.3725214,1689.0386,0.0774705,1029.9868,0.36566845,-41.468685,-1.4120295,2527.2717,0.08165553,1063.0062,0.27047786,-38.010468,-1.577355,-12.920681,-0.21532956,14.836342,0.281164,0.06449144,0.16892843,-0.020726908,-0.24052264,0.11104464,0.22505957,26.62191,0.11038263,1.7379425,1.8513638,17.52279,0.356088,-4.6701813,-1.1809007,1.0795621,5.78651,0.056780208,0.032035988,0.0114208395,0.45913684,0.18450184,4.7599998,4.4,0.63,0.32999998,-26.924599,0
34.633083,0.006940415,34.47933,34.607647,34.751137,0.27180862,3.5738494,4.3426595,0.7089594,1.8062608,0.29153258,0.51441467,0.16923684,0.24479263,0.40776289,0.23852605,1.8841769,1.570087,-0.68549335,0.81976104,0.016689908,1.1077887,26.714931,0.20907073,-20.004827,-0.28632882,19.276525,0.29270357,-33.65214,-0.24086331,0.010617987,0.831386,0.37649655,0.5691543,11.003953,0.18135954,6.4430156,0.7127234,15.248325,0.2749719,898.1639,0.14150794,1365.3661,0.18582268,-6.5791817,-5.622076,1919.3187,0.05946428,856.01636,0.27409458,-12.586085,-2.7989461,2821.7334,0.04729813,947.86957,0.22458738,-10.211491,-3.5016758,-9.288492,-0.3304097,14.12118,0.2706733,0.11395598,0.0939706,-0.016079733,-0.7501205,0.017106561,1.1166966,27.610613,0.11922891,-20.31144,-0.2637411,19.900684,0.2338927,-34.456676,-0.207616,1.3240451,7.3634095,0.09235112,0.016934272,0.0050337445,0.47961628,0.12062726,8.0,0.0,0.26999998,0.0,-36.621105,0
26.997635,0.11516306,26.069187,26.205742,26.486027,0.4168396,82.46273,126.741585,100.66037,75.860954,0.21433948,0.7388338,0.12302031,0.16536735,0.2999817,0.17696139,0.3129047,0.2500212,0.062158257,0.0,0.028026488,1.4659222,33.76001,0.2570428,0.23035541,32.516117,21.402864,0.46354416,-0.97904295,-7.5605597,0.010148816,2.946074,0.3372217,1.4091928,8.809815,0.07691619,-2.3787668,-3.7865634,16.4143,0.61940116,446.33948,0.30171546,1236.007,0.18355505,-9.78904,-6.6313953,1615.6721,0.09984009,863.2165,0.33921725,-26.573477,-2.1723096,2558.9138,0.12839846,1062.4033,0.2765311,-25.647902,-2.275644,-20.059599,-0.2854782,26.762884,0.2216611,0.112178415,0.06410893,-0.034394085,-0.34908205,0.03085821,1.38464,36.35045,0.09596521,0.7221066,10.367374,23.929703,0.27271944,-0.20277226,-34.407078,-3.045139,11.791141,0.09214905,0.02095852,0.0024366786,0.048567265,0.048685495,18.51,0.0,1.0,0.65,-30.362352,0
35.790432,0.035768077,35.810963,35.913982,36.051807,0.24084473,94.85361,32.90104,-1.8881645,3.075184,0.583064,0.7073718,0.2323828,0.3997122,1.0335741,0.80119133,1.2068856,0.47869807,0.25795364,0.11302625,0.038992673,0.9143407,19.771318,0.15589444,-2.0854642,-2.6308692,2.3722787,2.7623794,-19.719131,-0.38491,0.0050227414,3.3636417,0.32493132,0.63034695,12.346695,0.15017873,-7.9965167,-0.5682862,9.0405655,0.5421229,548.68,0.2269017,1201.22,0.11607189,-12.412623,-4.301185,1723.5874,0.054293107,818.4628,0.25767574,-23.964695,-2.089179,2681.2754,0.0424441,853.5423,0.3903025,-23.0011,-2.1890357,-12.125561,-0.22998294,16.245558,0.23347299,0.09198201,0.103131756,-0.038531788,-0.1622033,0.041836966,0.848998,19.672739,0.15338567,-2.9511683,-1.5921825,1.7617285,3.6087348,-21.070686,-0.29324514,-13.062527,22.511263,0.052280717,0.0044448697,0.0053136274,0.16891892,0.08481764,10.91,0.0,0.42499998,0.005,-25.464312,0
30.939987,0.0124058435,30.867935,30.985525,31.08292,0.2149849,-1.5893152,1.572474,2.259326,0.0,0.6623998,0.71046627,0.32825208,0.52263063,1.0918242,0.7635721,2.1415615,0.73184407,0.54612005,0.3646087,0.082409546,1.208025,27.086319,0.35054937,-18.449886,-0.31436294,32.425644,0.39796552,-18.786427,-0.31893414,0.004422788,2.17299,0.48656434,0.81364316,9.962479,0.2097025,-7.667551,-0.19385757,4.569863,0.7537191,518.92566,0.40003422,1384.5741,0.19088379,-31.592077,-2.5261273,1700.2343,0.08569869,807.11255,0.32105994,-39.51908,-1.8388226,2558.6914,0.085933946,1243.7151,0.28637505,-31.4105,-2.4305985,-7.484062,-0.36547452,11.004945,0.26851708,0.10505602,0.09342677,-0.03448414,-0.23533514,0.09805967,1.0469588,30.999739,0.08675221,-19.067352,-0.2838485,37.619865,0.13927202,-19.370527,-0.2820348,1.3747549,4.047446,0.10961096,0.016177656,0.0070997374,0.16246955,0.08156607,10.179999,0.0,1.025,0.705,-24.547264,0
31.20197,0.09968652,31.72583,31.971027,32.350086,0.62425613,125.4124,78.982155,2.1083305,7.4317894,0.551981,0.46989942,0.50185394,0.55479836,0.60744965,0.10559571,5.9749904,7.530778,5.4063807,3.7182806,0.15037566,0.8828727,25.192753,0.36864763,6.9394746,0.7984594,14.501595,0.4187355,-0.59728277,-8.003748,0.014973871,2.267836,0.9502713,0.3873404,7.740464,0.22377333,2.055616,1.5593292,18.141327,0.2987176,737.7384,0.16233651,1384.6672,0.11670588,-25.228477,-2.0632863,1813.5848,0.09324042,927.04114,0.3331955,-33.168972,-1.488633,2785.2312,0.07059621,824.64514,0.31855536,-35.455765,-1.3723739,-15.567428,-0.2042314,19.15305,0.19197024,0.048021227,0.18177366,-0.025535842,-0.22737207,0.16046101,0.8000032,27.522926,0.10921993,7.3485637,0.7307586,15.8400755,0.25550625,-0.9685141,-4.5465083,1.4437283,5.2265434,0.056192677,0.03128861,0.036796845,0.12634239,0.06337136,14.54,0.0,0.60499996,0.345,-26.823929,0
34.853924,0.06476656,34.857845,35.33403,35.657356,0.79951096,71.35647,33.758083,25.963919,36.88688,0.31657618,0.57809657,0.14616859,0.31683034,0.50968957,0.36352098,1.0027753,0.45081636,0.7720553,0.57785594,0.029833635,0.69924545,25.312511,0.28972185,-8.187009,-0.8211487,37.154503,0.42773604,-24.096317,-0.3778745,0.01676496,4.21794,0.6147138,1.0904008,11.032331,0.31616658,9.471308,0.6890498,21.204227,0.25090656,548.7587,0.31822127,1423.6842,0.14313056,-40.812073,-2.024589,1744.9884,0.07188113,798.7047,0.4928757,-47.59229,-1.5080504,2709.7075,0.082902096,1131.598,0.48807696,-46.574352,-1.5519499,-12.704167,-0.28742215,16.582653,0.2575787,0.10952344,0.07798648,-0.016727665,-0.4631727,0.035877194,0.5081591,28.160261,0.10648106,-10.014142,-0.57117623,43.24508,0.2133892,-26.739845,-0.27717245,-5.660149,11.285816,0.09405847,0.012754917,0.0036967082,1.4580803,0.36674818,2.22,2.5072296,0.36249998,0.4027018,-33.26278,0
30.405777,0.016579432,29.999634,30.351578,30.751392,0.7517586,5.491445,2.9537983,8.513463,18.55059,0.19245239,0.6963916,0.07527659,0.13298014,0.34964585,0.27436927,0.72899354,0.24807417,0.5769235,0.28056332,0.029526025,1.0694015,35.262638,0.3132541,-6.245764,-0.7479558,13.200227,0.43819627,-10.379575,-0.58408326,0.011806367,0.88554114,0.99880904,0.6059856,8.135605,0.23264049,0.3129194,11.234444,18.6817,0.2466057,708.9927,0.09650048,1193.7632,0.06790673,-42.46406,-2.037039,1821.0248,0.031295232,714.279,0.12930062,-54.208607,-1.4768021,2781.8115,0.026418893,689.1246,0.17033188,-58.704494,-1.3204807,-14.558306,-0.15132616,15.552489,0.1991281,0.09715315,0.10398211,-0.04984824,-0.26351395,0.037676513,0.85027856,39.736046,0.10456527,-7.6482797,-0.50387686,13.7230835,0.33685672,-11.768549,-0.4953844,-8.26502,12.032559,0.09849122,-0.009137697,0.0037757643,1.0575793,0.47281325,1.6075,2.594989,0.31833333,0.36512172,-38.348316,0
24.539145,0.047664385,23.72091,24.459505,25.463755,1.7428455,40.323383,79.75878,32.039833,71.98664,0.33896375,0.8005233,0.18367451,0.23506097,0.41861138,0.23493686,2.4415624,2.1157987,0.90673476,0.8234061,0.049609076,1.1795237,29.060135,0.1585693,-1.114361,-3.4993274,12.139356,0.34623292,1.0660275,4.3134956,0.00912801,2.5118752,0.44180304,0.7993242,6.913736,0.22082207,-7.2290707,-0.32336956,10.1895895,0.36992282,415.89847,0.24889386,1287.4304,0.11317532,7.348962,6.6078,1481.8357,0.07879212,1041.3613,0.18156296,-8.437824,-5.283931,2379.627,0.060688347,868.3922,0.23813994,-7.1360326,-6.3006654,-13.999948,-0.13662091,16.582956,0.14112921,0.094892286,0.15726559,-0.018934188,-0.54176164,0.050811645,1.1734524,29.685144,0.095844716,-1.1096909,-3.2523685,12.226827,0.2754155,1.3877914,3.0583484,-6.7883267,13.841022,0.08163967,0.006037891,0.029904084,0.13568522,0.18132366,5.2174997,5.096594,0.22,0.18814887,-28.677242,0
35.309433,0.010743773,35.12256,35.25223,35.520447,0.39788818,5.528076,2.8289363,2.2888713,2.2300177,0.28146017,0.57404417,0.16557214,0.2107469,0.46571493,0.3001428,0.9568917,0.7154233,0.13526952,0.07110422,0.02412453,0.89334714,30.076553,0.18137075,10.714141,0.45762724,24.533117,0.25204906,-20.539892,-0.43262026,0.004715687,2.4395974,0.3180603,1.0261666,12.743261,0.119684294,13.378994,0.24996053,27.776781,0.2447026,735.71875,0.13755813,1268.3812,0.1374764,-19.96215,-2.3272974,1924.0017,0.061282814,640.4325,0.51018524,-30.867943,-1.4095875,2890.8713,0.065154284,687.6356,0.35272688,-31.881718,-1.3599063,-19.63759,-0.22922562,22.300802,0.2622012,0.1013553,0.08638888,-0.036049712,-0.25447512,0.025577487,0.850644,30.940372,0.13496876,10.776395,0.4579796,25.291885,0.21886314,-21.860756,-0.3429271,-11.668819,19.304296,0.054101173,0.0105483765,0.004337627,0.58422595,0.097847365,9.58,0.0,0.305,0.035,-30.602308,0
26.543163,0.092679925,25.754967,25.942888,26.184677,0.4297104,119.738556,81.5066,78.58971,61.66236,0.20561907,0.7280648,0.091306664,0.13547528,0.31926757,0.22796091,0.87203515,0.24474001,0.6576273,0.7476275,0.030291708,0.9898935,29.663109,0.13258305,-2.590576,-2.1588964,32.879597,0.26579314,-5.1094537,-2.2635021,0.014935335,2.009852,0.7541318,0.6201614,7.452707,0.1393885,-1.8166395,-4.200917,14.647518,0.34780324,408.29037,0.27302,1188.7898,0.14915611,-6.043226,-9.881818,1591.3375,0.08662961,805.55505,0.3787899,-24.442324,-2.1579518,2483.8635,0.06227376,991.5577,0.23884746,-20.57257,-2.6200032,-15.356656,-0.29768717,20.722134,0.24911131,0.10864144,0.078983724,-0.020925093,-0.598127,0.032573592,0.93329257,30.371344,0.07192832,-2.4677076,-2.3012266,34.43057,0.1837816,-6.3080096,-1.7465394,-9.168994,15.843368,0.10040375,0.009039007,0.0070580253,0.34188035,0.25751075,3.5433333,4.947392,0.2375,0.21775846,-33.880257,0
32.425713,0.019241637,32.240097,32.424778,32.552864,0.31276703,-0.3297756,0.0,0.70533234,0.0,0.17078191,1.0838408,0.08136212,0.09644213,0.18823051,0.10686839,0.28716955,0.3007582,0.42021075,0.35320726,0.010220997,1.9643881,30.43387,0.23429053,-3.0404646,-1.6259352,9.10208,0.68190867,-19.768578,-0.40843952,0.0027990644,2.6846733,0.23732136,0.73618394,11.750903,0.070877045,1.9228768,2.5873806,20.396912,0.20960198,737.3655,0.10391824,1328.0498,0.12583809,-8.052486,-6.343216,1807.6427,0.043720447,771.399,0.21533139,-21.184181,-2.2424116,2830.6743,0.026871514,582.2953,0.30218223,-21.545076,-2.1997583,-16.75183,-0.20759039,20.413147,0.20687242,0.11020116,0.08875538,-0.033367056,-0.3549581,0.010710797,1.9271998,31.765465,0.1607053,-2.4059772,-1.8245775,10.119053,0.48037365,-20.50956,-0.37489095,-1.7158248,10.300148,0.094007775,0.019412776,0.0038324199,0.09496676,0.09519277,9.804999,7.145,0.45,0.3902136,-37.413662,0
30.132763,0.098826855,29.212067,29.336142,29.47036,0.25829315,85.01906,48.01395,41.97262,29.086735,0.8109118,0.6088893,0.54634315,0.6520347,1.4650093,0.9186662,1.7806973,0.99150634,0.20980187,0.08941419,0.07901703,1.0018454,30.543589,0.2688688,-24.69346,-0.34773856,6.349888,0.7664537,-5.3507624,-1.0798414,0.0061502336,3.1895256,0.51206535,1.5567319,9.505868,0.18279406,1.3855247,3.7584,7.8151746,0.5252254,416.54776,0.37578434,1192.1405,0.091664195,-17.43967,-3.8625062,1464.625,0.099063724,863.45514,0.103645615,-18.273266,-3.4347754,2408.4922,0.06480873,901.78046,0.17303649,-21.173954,-2.915299,-5.7324405,-0.24045484,15.464337,0.17186041,0.09110598,0.09855322,-0.028056957,-0.23754807,0.08803621,0.89445436,33.207527,0.067553066,-27.333529,-0.13139904,6.6692886,0.7309353,-5.210048,-1.1164606,-2.6572077,9.975599,0.08828391,0.019433698,0.0041496083,0.14416146,0.048169557,18.56,0.0,1.0849999,0.765,-23.01543,0
32.817047,0.0100302305,32.539898,32.91513,33.066692,0.52679443,1.5626206,1.5806507,1.1662871,0.90453017,0.19214177,0.8247124,0.092464015,0.10708252,0.3740064,0.28154236,0.71221715,0.45377943,0.6055411,0.75887966,0.0114050815,1.3985215,36.211414,0.18619813,14.21044,0.35267958,12.107209,0.521439,-27.84542,-0.2485665,0.0029002104,0.7227657,0.18015969,0.599399,12.237048,0.04311102,-9.121902,-0.16423194,22.722025,0.24662133,723.92334,0.16124475,1268.7141,0.16366784,-10.590901,-4.6780562,1963.9783,0.05930298,946.4028,0.37123686,-32.048836,-1.3703804,2839.633,0.056981687,775.29254,0.25289202,-28.956755,-1.5362942,-26.38172,-0.13954969,29.487682,0.1558933,0.10329557,0.080426134,-0.05836859,-0.122262955,0.012012135,1.3668717,37.824768,0.06938008,14.998452,0.26630822,12.64082,0.47664276,-29.053576,-0.17967252,-6.9203544,12.21348,0.096602544,0.0049743294,0.002875376,0.24038462,0.08045053,11.639999,0.0,0.38,0.03,-32.23607,0
29.035265,0.05660642,28.912811,29.186394,29.501017,0.58820534,379.9794,558.59216,83.825226,104.897156,0.2293571,0.64661646,0.1462728,0.16771598,0.3136628,0.16739,0.54122555,0.28785723,0.77095,0.5454136,0.04450005,1.616569,27.036331,0.18323304,16.407192,0.32245916,17.457987,0.3283124,-4.9194474,-1.6174116,0.010542537,2.9153273,0.5938419,1.0168558,8.91402,0.31680274,-2.1048603,-2.3662844,26.02212,0.29972634,504.74274,0.22047332,1387.2917,0.11768365,-8.256823,-6.0584464,1644.5581,0.06991883,851.1135,0.37385172,-23.48109,-1.9501199,2796.5999,0.09889023,884.3791,0.6776217,-30.181494,-1.4614251,-18.36024,-0.2552215,26.280579,0.18604632,0.10384605,0.13462107,-0.024782805,-0.40633956,0.041663837,1.5709853,27.792538,0.13906752,16.54248,0.3027451,18.166004,0.2637572,-5.328997,-1.4831604,-12.8280945,20.623392,0.09932613,-0.010526346,0.0875995,0.24286583,0.48721072,1.91,4.3592944,0.122499995,0.102072276,-33.86635,0
31.443472,0.056730893,30.755886,30.860285,31.017223,0.26133728,18.77495,17.494938,-29.060316,30.235554,0.2451494,0.5362793,0.10618023,0.23201832,0.3681126,0.26193237,2.4385931,1.3466173,1.5541383,1.519614,0.021455057,1.2974461,38.06645,0.19378847,2.5824711,2.8536553,24.651392,0.31435037,-0.88076687,-8.850778,0.003505763,4.4809837,0.30461103,1.2183498,10.997958,0.1249099,5.04795,0.73420256,24.761003,0.19922625,548.51135,0.24083662,1361.5198,0.10291146,-5.2740297,-6.345083,1707.8123,0.05106664,807.3384,0.2072199,-20.101925,-1.460428,2699.3354,0.0479816,691.9371,0.21399465,-19.755798,-1.4916198,-18.800957,-0.25662857,21.667206,0.23192757,0.09808856,0.11418752,-0.029023446,-0.43674615,0.021100251,1.3035203,38.938335,0.14166726,2.5944295,2.8538585,25.254734,0.279827,-0.79045177,-7.9737453,-7.99979,16.926044,0.100965396,-0.0005069411,0.0128175225,0.75301206,0.15174508,6.41,0.0,0.16,0.0,-33.25409,0
23.571123,0.036680385,23.28391,23.818308,24.03989,0.75597954,-10.324579,0.0,0.58030653,0.0,0.36005655,0.6438821,0.17643267,0.31894302,0.5366631,0.36023045,0.9785592,0.5454093,1.329286,1.3767833,0.075446814,1.1028699,35.394554,0.22019556,10.152881,0.69667435,13.637282,0.49772424,5.2127323,1.6153511,0.005297842,1.0005987,0.5513726,0.67270553,7.2378893,0.14694798,-0.9974042,-1.5549613,30.300325,0.2519291,458.03973,0.24899909,1329.5039,0.12900022,-6.222174,-10.802108,1648.4758,0.070668496,876.2944,0.1899317,-25.783693,-2.3339953,2800.859,0.07490677,1181.4467,0.2233089,-37.98094,-1.4823052,-22.727402,-0.15494697,32.656555,0.12158044,0.09106765,0.14746502,-0.037024297,-0.22342516,0.084616385,0.9928108,37.86636,0.08754178,12.048604,0.378174,15.143431,0.31525797,6.2832446,1.1525786,-4.5194297,13.817437,0.086754605,0.011428147,0.0034753894,0.41724616,0.14005603,6.37,0.0,0.37,0.03,-25.419226,0
29.546062,0.0097759385,29.367996,29.51608,29.663822,0.29582596,4.0285187,2.9638426,9.748316,13.836858,0.52860874,0.5110818,0.3297163,0.44608223,0.8039169,0.47420058,1.0775625,0.5879201,0.7118779,0.6807955,0.07253358,0.6915214,31.295607,0.20989974,-6.588611,-0.7857791,1.0156009,6.310144,-11.568761,-0.5140092,0.004370085,0.86743003,0.5705198,0.52828676,9.052054,0.14063692,-2.3082197,-1.0436372,10.190454,0.6365152,423.6299,0.12366806,1188.7368,0.09981729,-18.589468,-3.3090458,1482.9202,0.052889287,953.44464,0.1877434,-22.94457,-2.6077185,2357.9443,0.07059717,1124.836,0.23381016,-29.666174,-1.9475964,-9.895695,-0.3690579,22.744581,0.16183475,0.07862798,0.113307625,-0.029470967,-0.31967643,0.080479994,0.5852075,33.184284,0.10878408,-7.0808196,-0.6791493,0.9706029,5.8041716,-12.39698,-0.44068414,-4.515374,16.152985,0.05332409,0.017488917,0.0056453003,0.56872034,0.0952381,9.42,0.0,0.525,0.315,-27.41865,0
25.653862,0.0592592,25.287893,25.45976,25.629751,0.3418579,106.06596,151.21944,8.366888,6.9498343,0.1175655,0.59043664,0.07770635,0.09816766,0.12879878,0.05109243,1.069266,0.54151464,0.369177,0.292962,0.009313114,1.1653471,21.67059,0.118751846,11.5484915,0.5162019,17.264153,0.2873641,-30.22077,-0.3170546,0.0053198915,2.9684944,0.52716774,0.75086784,7.7625957,0.08453449,-3.373164,-1.12584,17.3907,0.23078102,548.6069,0.26118892,1400.3986,0.107768826,-35.123035,-2.4857335,1738.0212,0.074211076,960.44446,0.24383585,-49.650402,-1.5922114,2697.5247,0.07359551,1014.9735,0.2805726,-50.27582,-1.5660592,-15.203529,-0.17115866,20.193491,0.14283057,0.11105337,0.058409646,-0.033192627,-0.27143255,0.010863086,1.0790379,22.14805,0.07160614,12.962891,0.4149087,18.35218,0.22994204,-33.737484,-0.20066528,-10.915094,17.147255,0.10454273,-0.017130882,0.003686796,0.6484642,0.5470086,1.4181249,2.478428,0.38875,0.73469275,-43.45132,0
31.233307,0.017109796,30.934216,31.168427,31.347643,0.41342735,5.56962,2.8993273,8.901353,4.8594236,0.20023616,0.6320134,0.119037956,0.16426037,0.31051028,0.19147232,0.99996346,0.5272388,1.1192268,0.86875856,0.023805564,0.9585835,34.113026,0.18595208,2.949044,2.271237,37.907875,0.28745285,-5.2359,-1.2947246,0.005220076,1.5277755,0.39990512,0.57654476,10.772761,0.068971865,15.666424,0.31056774,22.829506,0.23605464,666.77954,0.16689008,1366.1763,0.1329804,-41.432194,-1.6704161,1821.4597,0.052823473,662.1456,0.1856088,-48.9315,-1.3442842,2819.8225,0.038749404,858.2746,0.36539042,-51.522404,-1.2546331,-16.330067,-0.22082111,18.745804,0.2594381,0.052378263,0.21865112,-0.027605664,-0.4083949,0.027824953,0.82508034,36.5558,0.085984945,1.3391657,4.3587613,42.03918,0.13859305,-6.690777,-0.9308452,-15.502599,25.715115,0.040673617,0.007519499,0.003362018,1.300813,0.16420361,5.12,0.0,0.95,0.0,-36.581944,0
28.151445,0.010410284,27.913921,28.097212,28.322098,0.40817642,3.4679768,1.5885332,3.1396215,1.9627391,0.554893,0.4923199,0.27876818,0.4572236,0.8503578,0.5715896,0.8548784,0.2125932,0.34953907,0.19659735,0.06587026,0.58154464,21.615198,0.14183044,3.0877771,1.2866232,13.789063,0.3450886,-21.892809,-0.38498682,0.0045622564,0.54848534,0.45078808,0.481397,9.121355,0.053588767,-8.3885565,-0.36498785,13.757579,0.36732954,789.1938,0.21736611,1453.2888,0.15435782,2.920352,1.592295,1809.1412,0.07885634,903.7831,0.3453086,-5.315606,-0.5648722,2801.2944,0.091060765,876.6424,0.3192519,-6.686865,-0.47999382,-13.243341,-0.2753599,18.365017,0.21709071,0.09351635,0.098236136,-0.044210598,-0.26046145,0.066329435,0.5816652,21.64112,0.14164019,3.1721785,1.2232506,13.716767,0.34352002,-22.01808,-0.37928396,0.0,0.0,0.0,0.0,0.0,0.49833888,0.16750419,5.96,0.0,0.0,0.0,-28.443514,0
31.572279,0.10791649,32.003006,32.195583,32.394012,0.39100647,81.97504,24.839655,24.475737,21.896807,0.14165843,0.7058544,0.05809968,0.09527377,0.24698526,0.18888557,0.5632509,0.18651077,-0.14306808,0.43807185,0.011647487,1.3065482,30.511726,0.24518988,5.2426457,1.1703598,19.520206,0.5035824,-14.346585,-0.47206315,0.00987998,1.8282428,0.50413305,0.80618095,10.007246,0.247054,-2.062055,-1.4922737,16.81798,0.19884023,674.6889,0.12708862,1218.8857,0.07004207,-60.547733,-1.5275402,1925.0721,0.047274143,717.9797,0.2726649,-73.17047,-1.148698,2771.1545,0.03822737,890.0753,0.23939602,-71.0126,-1.2027726,-16.465872,-0.16968076,18.228022,0.19209267,0.09201488,0.12345625,-0.039632976,-0.28548306,0.015317179,1.0723029,33.60338,0.09589437,6.3365126,0.5330433,22.814579,0.23022409,-16.847126,-0.37554944,-11.133498,15.39019,0.08060657,-0.008278302,0.002646802,0.9735744,0.5610098,1.23,1.701984,0.53249997,0.2723394,-41.30306,0
35.931213,0.01090594,35.76601,35.887356,36.024975,0.25896454,1.9684556,1.5500993,6.551057,2.8154216,0.38634095,0.48697308,0.23781925,0.4699293,0.5051577,0.26733845,0.3285335,0.11211301,0.28850216,0.20043384,0.08771001,0.5651264,19.108006,0.6611632,9.755785,0.50175977,9.477887,0.6963523,2.4214618,2.570318,0.016062181,0.42066813,1.4457891,0.21745381,7.6935935,0.17308529,6.8537235,0.46786922,22.495106,0.19327906,613.7762,0.18858929,1569.788,0.12361652,-61.611767,-1.4023154,1753.8597,0.08349548,1113.7673,0.35180056,-70.39407,-1.1224428,2667.5847,0.08780515,1171.1155,0.27592516,-72.72182,-1.0672773,-16.414404,-0.12536235,20.259005,0.18873718,0.05248037,0.14891958,-0.014639109,-0.26374206,0.114585206,0.17940827,24.747835,0.08165252,11.670599,0.21017528,12.75599,0.2761502,0.6153671,6.2642474,-2.1410716,10.053688,0.048930656,0.02463279,0.017128902,0.6546645,0.1650165,4.42,0.0,0.805,0.16499999,-30.509373,0
35.590683,0.09178349,35.027275,35.183826,35.30326,0.27598572,175.20488,91.243454,29.773756,26.05876,0.32316288,0.48297796,0.15688993,0.31297544,0.4626941,0.3058042,0.32563847,0.19609296,0.28353325,0.111594334,0.018295793,0.83293384,31.995726,0.093821436,-15.136852,-0.28631678,21.48216,0.24088925,-26.884604,-0.17273873,0.021299658,1.8969604,0.37164932,1.373828,11.976429,0.20431955,14.265787,0.57864165,17.67493,0.36130908,862.2953,0.028464492,1165.0248,0.12616515,0.6673155,11.276965,1916.5894,0.015068151,618.6955,0.1420156,-6.8645396,-1.09193,2826.891,0.013131491,731.8546,0.13645017,-5.7509713,-1.2308378,-13.49427,-0.18213142,18.130344,0.15177092,0.11412793,0.06912061,-0.020965355,-0.40612864,0.018456416,0.85866123,32.002514,0.093630746,-15.1761875,-0.28451824,21.496672,0.24137391,-26.920218,-0.17286488,0.0,0.0,0.0,0.0,0.0,0.36166367,0.18281536,5.46,0.0,0.0,0.0,-33.55617,0
43.356743,0.22481422,34.09282,49.603317,49.748848,15.656029,147.76598,96.28443,92.213974,45.337624,0.36006847,0.46101457,0.25660357,0.3995026,0.4968701,0.24026653,0.5364691,0.12975855,0.24051149,0.13046905,0.05165252,0.7221948,32.65707,0.32530442,5.754749,0.9210361,13.602388,0.46883872,-6.219121,-0.8894475,0.042362563,0.9413099,1.5131909,0.44342968,9.679953,0.19406603,4.813327,3.8285792,0.92130953,23.089891,618.1771,0.31219804,1648.1012,0.19313915,-71.073975,-1.2054763,1776.2686,0.10010754,1161.2716,0.23256335,-57.321823,-1.0654703,2929.9766,0.1113054,1278.3893,0.2230029,-59.760338,-0.99752414,-26.889027,-0.122668274,34.50714,0.1198214,0.11130444,0.07036557,-0.041918825,-0.15586875,0.060740095,0.5536477,36.890396,0.051362954,7.172812,0.56057996,15.296283,0.30443028,-6.1543226,-0.9506563,-2.3167086,9.653992,0.08777051,0.02390228,0.0024105993,0.7949126,0.32467532,2.625,0.105,0.85999995,0.0,-25.226175,0
35.82794,0.0051608784,35.698475,35.78955,35.910233,0.21175766,3.4149182,4.879332,3.3858461,6.7437835,0.6674037,0.5773846,0.30101734,0.68973684,1.0501883,0.74917096,0.5499056,0.35285828,0.1971348,0.0,0.071889795,0.681334,19.636139,0.2785883,3.074215,1.753205,2.230756,3.091471,-30.744272,-0.42321074,0.004476702,0.993292,0.4714182,0.675392,12.637041,0.09335452,-11.5884905,-0.32251927,10.122155,0.48315486,669.69244,0.25300437,1308.9838,0.13473767,-26.086828,-2.8674927,1953.7848,0.09179964,783.1922,0.2836912,-39.8368,-1.7139696,2793.4194,0.08673535,1152.7189,0.37390485,-37.50663,-1.8481634,-16.44902,-0.21457791,20.31885,0.1942466,0.08905978,0.107665166,-0.052002117,-0.12119998,0.084056646,0.5191168,20.777145,0.18153743,3.4241743,1.3852955,0.7445353,6.1313076,-35.309998,-0.22386812,-4.610949,10.983132,0.056895252,0.0059988173,0.0065319915,0.14409222,0.14513789,5.83,0.0,1.04,0.0,-23.806347,0
30.663536,0.004170826,30.558498,30.667807,30.759779,0.2012806,2.5837524,0.95062584,2.604669,1.111714,0.97026485,0.50774074,0.4864127,0.93029404,1.4877715,1.0013587,1.5339016,1.1709203,0.5784491,0.21921898,0.14186773,0.6841116,30.754057,0.14586763,-21.004889,-0.32164836,32.00672,0.2611108,-19.729063,-0.26205626,0.0038776696,0.6551362,0.47098473,0.45049742,9.87343,0.10943096,-8.700089,-0.26203012,3.5041897,1.3794979,516.6374,0.37189308,1345.4602,0.17432241,0.91772485,38.239014,1686.1816,0.09526495,916.2947,0.30288586,-8.681729,-3.6891358,2538.0002,0.07885623,1222.2706,0.308115,-1.7052774,-19.604868,-7.7026772,-0.62496275,10.633635,0.5355802,0.10464207,0.08275882,-0.037868965,-0.19733225,0.14702356,0.6598941,31.173344,0.1089282,-21.438858,-0.28902495,33.151695,0.17993775,-19.98499,-0.2531692,-8.73784,15.133857,0.110154115,-0.013220565,0.008251062,0.18214937,0.18382353,5.2799997,0.0,0.14,0.0,-22.420591,0
30.656982,0.08043264,31.120302,31.213156,31.323647,0.20334435,253.94907,143.6229,6.0113664,4.9812894,0.40076953,0.45756847,0.40004754,0.46176162,0.50510997,0.105062425,0.29875106,0.15935013,0.48842657,0.43750563,0.10182388,0.48528326,21.001242,0.64118236,9.138898,0.5583599,11.727122,0.606845,-0.78716195,-7.1122384,0.037134234,1.2152388,1.0593592,0.3840545,5.993633,0.28953728,1.4416366,1.2592907,20.529924,0.1953333,693.7137,0.1898336,1510.773,0.10995944,-45.509068,-1.6276348,1739.8364,0.10880732,1136.6744,0.27659434,-55.98389,-1.2272239,2702.0264,0.07719632,901.1538,0.38271946,-55.924286,-1.2291569,-16.75564,-0.121287175,21.925318,0.15186158,0.05054425,0.18970616,-0.022134924,-0.25822333,0.123889826,0.14843155,26.99331,0.07167966,10.90273,0.30165473,14.824861,0.1953085,-1.6271542,-3.124254,3.5176947,3.042546,0.06130944,0.037739925,0.007217571,0.4909984,0.1650165,4.94,0.0,0.545,0.42499998,-30.636734,0
34.209152,0.053797673,33.54413,34.087246,34.67163,1.1275024,89.77266,85.23865,260.00128,184.56444,0.4908468,0.27844337,0.3335982,0.52311087,0.6076573,0.27405912,1.1676669,0.5722271,0.7836756,0.6266791,0.06123639,0.4874814,24.588907,0.17579369,-15.152546,-0.42521954,41.756107,0.15971479,-30.00575,-0.25762776,0.010667973,2.45092,0.538774,0.76835185,10.148405,0.18054506,2.1167562,2.827224,12.639008,0.43668044,517.5486,0.4055621,1370.0396,0.20511918,5.051341,3.2899327,1736.6451,0.06899975,707.50354,0.34001243,-10.392296,-1.2469205,2702.8735,0.06544537,1354.4371,0.44913474,-3.9863324,-3.434903,-8.619194,-0.47226894,10.895842,0.44219157,0.105648965,0.098864414,-0.023815671,-0.52715904,0.06068371,0.48970723,24.686699,0.16977473,-15.127392,-0.42477676,41.75372,0.1597449,-30.050282,-0.25563627,-15.919357,20.267357,0.122140005,-0.030692684,0.15184446,1.7301039,0.34904015,2.84,2.28,0.02,0.0,-31.916382,0
30.423473,0.012988277,30.1102,30.438522,30.727343,0.6171417,6.52274,3.0832596,4.0966225,2.3857524,0.16867787,0.6194562,0.08000095,0.11474496,0.28467527,0.20467432,0.68164736,0.49262878,0.5989959,0.28225842,0.025194602,0.93100816,35.09602,0.27770966,-2.915465,-1.7154951,15.767325,0.4749251,-10.3343525,-0.69062054,0.01380411,0.78455263,1.2233386,0.71952754,7.6625333,0.26828238,2.1632771,1.3898032,18.987337,0.24166237,688.8959,0.11750441,1185.6423,0.077496,-37.42584,-2.105282,1836.0498,0.04084931,730.1002,0.17936002,-51.55454,-1.3976482,2750.321,0.028318804,725.2404,0.2790504,-53.553535,-1.323435,-15.405625,-0.20616579,16.522724,0.24594685,0.090855144,0.112015635,-0.04703072,-0.2978101,0.03066086,0.7651573,38.510506,0.13101016,-3.3541126,-1.5608072,16.617281,0.4161856,-11.295402,-0.64464086,-8.66286,11.427586,0.09433865,-0.009004553,0.004322148,1.7699115,1.2522362,0.6257143,1.0258635,0.1275,0.10802198,-40.64367,0
25.415028,0.031724103,24.836475,25.230753,25.854414,1.0179386,12.180557,9.787837,6.825273,7.341822,0.37250984,0.4287276,0.23873514,0.35298586,0.5153975,0.27666235,1.4676912,0.89645636,0.7434761,0.87411654,0.09883988,0.6184762,28.53224,0.12515397,7.581082,0.54878145,7.660286,0.578281,8.683376,0.8733935,0.013277977,0.9373267,1.2393109,0.5616459,5.9033713,0.357044,-5.8498087,-0.46049675,17.502916,0.2763069,432.4943,0.2753924,1330.111,0.10454699,4.4686017,11.743142,1521.5017,0.08085301,1089.2673,0.20271745,-14.518894,-3.2377944,2405.0757,0.08255936,896.3099,0.19758113,-15.061914,-3.1223583,-17.139477,-0.1712253,20.70684,0.18507145,0.10051198,0.10949097,-0.019963449,-0.4600691,0.104499005,0.5617282,28.993671,0.10849785,7.524605,0.55619645,7.3353677,0.55809706,9.193742,0.80956763,-14.530573,23.677517,0.054163095,0.006975404,0.023945656,1.5280136,0.3430532,2.725,0.66499996,0.17,0.13,-29.509377,0
34.830982,0.027547251,34.78142,34.90467,35.077766,0.29634476,63.1563,58.006237,-2.5297503,3.5299263,0.31769627,0.5962944,0.07514725,0.32674113,0.51303643,0.4378892,0.832003,0.48717067,0.35787386,0.16859616,0.029506424,0.772497,27.457632,0.16332567,11.572692,0.52276546,19.267618,0.32959813,-16.740244,-0.5910901,0.0071522663,4.0084305,0.43284,0.88135207,12.562818,0.12275318,13.945859,0.24106044,24.83525,0.1616536,795.39276,0.096167274,1162.7487,0.10735063,-46.402832,-1.6484944,1971.2703,0.037985865,526.2131,0.39239648,-53.329582,-1.3679509,2923.3362,0.024159992,568.9198,0.29014292,-51.392853,-1.4369025,-19.15799,-0.20103979,22.616842,0.19899061,0.097918406,0.09783929,-0.0396436,-0.1906564,0.036033668,0.5830954,29.128456,0.09532542,13.212137,0.39013147,21.198326,0.25358,-20.579031,-0.3308375,-10.551814,20.08584,0.053735677,0.0040090075,0.0035890827,0.6116208,0.15432099,5.2,0.0,1.26,0.0,-29.87585,0
26.157469,0.009443712,25.997927,26.1969,26.332685,0.33475876,4.039146,2.198714,2.0817285,1.3913325,0.29811487,0.64645976,0.15849005,0.24502127,0.5090172,0.35052717,0.499228,0.18947695,0.8718259,0.68228525,0.045202192,0.866032,28.253479,0.3323868,-1.916151,-3.795324,29.052912,0.50993514,-7.664401,-0.95634735,0.0036967113,0.8398283,0.47139198,0.640587,8.185025,0.092889145,-2.8417857,-0.77290606,17.41672,0.4568939,412.60077,0.22122018,1184.0072,0.14181069,-12.295198,-5.4583464,1556.4973,0.08194458,785.38666,0.27771553,-27.80925,-2.2080042,2530.7773,0.08385889,964.03723,0.2464506,-28.559958,-2.1466835,-15.375963,-0.41597426,22.122784,0.38432875,0.10000693,0.07394175,-0.023459626,-0.43105698,0.051125407,0.74484456,31.070177,0.18071331,-1.7720835,-4.2990756,32.593407,0.35884577,-7.6497464,-0.9985089,-1.8343734,9.329093,0.09241347,0.025725236,0.0009619813,0.6611571,0.16694492,5.31,0.0,0.65999997,0.0,-31.470007,0
31.647127,0.0044059833,31.523083,31.623133,31.748968,0.22588539,1.7425021,0.80040926,1.7915283,1.0682305,0.19045952,0.63948166,0.083875924,0.15513827,0.32960075,0.24572483,0.65892214,0.3462493,0.3480844,0.23330905,0.011292767,1.0610656,31.018028,0.26130864,-0.086051844,-55.92258,-1.2891717,-4.2091236,-23.806946,-0.4074908,0.003573198,1.0281342,0.22796422,0.55736613,11.375758,0.0706331,0.19926378,22.711765,22.12501,0.2015115,779.1715,0.08794049,1235.8806,0.11253177,-13.1385975,-4.772326,1866.3073,0.05082709,901.6514,0.2214203,-31.981762,-1.7499716,2828.7068,0.036846053,709.1308,0.30337733,-33.06809,-1.6841934,-18.36344,-0.13902225,22.879995,0.14927754,0.10535321,0.12732314,-0.036791064,-0.23600444,0.012478795,0.97612673,33.650887,0.067485824,0.83825165,4.55585,-1.1248943,-4.953272,-25.921026,-0.2981616,0.051429555,6.9788737,0.08494919,0.029619226,0.0008878097,1.0144928,0.14598541,6.16,0.0,0.66999996,0.0,-38.851482,0
28.695639,0.010387072,28.557915,28.735426,28.866228,0.30831337,3.4629505,1.7234869,3.2312007,1.9885029,0.9962614,0.500914,0.6090635,1.1752888,1.3878896,0.7788261,1.5875089,1.2209585,1.0969204,0.39944017,0.130056,0.66128653,30.393496,0.33289987,-20.585894,-0.4429557,10.089111,0.6234482,-2.6312141,-2.132626,0.0041195955,1.2541182,0.3254327,0.8789547,9.450559,0.07936091,-4.017893,-0.47474158,8.019498,0.38588417,401.504,0.21963291,1214.5187,0.105821095,-22.71086,-3.382117,1449.5323,0.058555346,820.50446,0.08971723,-29.112724,-2.5196958,2393.6973,0.040565543,899.5269,0.14311595,-31.1825,-2.3256168,-5.739175,-0.32148808,14.512458,0.1987295,0.086082414,0.109736525,-0.035238244,-0.1577082,0.1519441,0.47385934,34.36418,0.093135126,-23.950613,-0.19402628,11.577773,0.46745202,-1.5211354,-2.8537352,-2.7458704,9.91702,0.08509675,0.017602285,0.015211663,1.0115607,0.1457726,5.79,0.0,1.05,0.0,-22.229631,0
34.078236,0.14932795,32.462086,32.59717,32.748592,0.28650665,2.546018,1.6905053,30.841059,0.0,0.28714207,0.41366017,0.16526283,0.31164372,0.39115062,0.22588779,0.89433664,0.74650306,0.20590559,0.11937201,0.017837252,0.8637054,38.47281,0.12590502,15.793662,0.2216031,6.981428,1.1789731,-34.606815,-0.17979847,0.0042130454,3.6310668,0.30179185,1.6788834,12.091772,0.058640532,-7.5381317,-0.9303254,25.978838,0.38280633,799.1326,0.13960119,1379.1298,0.18925726,-3.290007,-8.948084,2015.9022,0.05122769,1059.2964,0.2824585,-25.801098,-0.9504621,2965.5413,0.05429276,946.734,0.2612949,-24.553938,-1.0178121,-31.230885,-0.18981554,36.65203,0.2081868,0.102134764,0.08339552,-0.062485985,-0.11544905,0.0182916,0.8400396,38.940475,0.08633067,15.983935,0.1844437,6.956542,1.1987205,-35.19696,-0.12791616,-5.297667,12.424952,0.06405215,0.019406462,0.00096676755,0.8833923,0.17825313,5.5,0.0,0.089999996,0.0,-30.441978,0
28.6179,0.0103153335,28.364527,28.603067,28.859848,0.49532127,4.763393,1.9359753,3.817164,1.7905775,0.3046211,0.48937517,0.16588421,0.27097356,0.44261664,0.27673244,0.9962664,0.98333603,0.74786854,0.5835888,0.044455547,0.711596,22.854425,0.16006377,20.611252,0.18945779,18.602238,0.22396348,-1.2483565,-6.9396534,0.004638769,0.6643235,0.6366784,0.51504254,9.151513,0.093340576,-2.3621025,-1.1927236,22.253017,0.24170718,488.7922,0.2322113,1329.5839,0.14388359,4.743289,0.94496363,1630.2078,0.067697495,862.76685,0.36383432,-12.639107,-0.31310332,2665.1245,0.11365182,1060.9158,0.63312966,-16.445898,-0.2425195,-16.62754,-0.2320628,23.647333,0.16984937,0.08646543,0.14009477,-0.027100228,-0.2766616,0.044756528,0.71509,22.848507,0.16075099,20.65187,0.18891276,18.60944,0.22470663,-1.2783141,-6.8035517,0.0,0.0,0.0,0.0,0.0,1.9512194,0.16420361,6.08,0.0,0.0,0.0,-32.985855,0
30.310266,0.022121321,29.910389,30.23758,30.560398,0.65000916,5.805518,1.7512519,6.3498816,1.1590681,0.19796522,0.6090741,0.09314735,0.16818152,0.33920562,0.24605827,0.5406463,0.24398525,0.5399886,0.24863532,0.018283142,0.9205254,35.699287,0.29652277,5.2392454,1.5483364,22.555763,0.53150874,1.9884609,4.358557,0.003131743,1.0573695,0.38144726,0.9440807,10.690688,0.06769009,0.65236104,9.194006,26.01974,0.2623002,501.0767,0.19731374,1328.2032,0.10438734,-22.755949,-2.8563943,1712.7301,0.053892054,847.90216,0.30239552,-40.04083,-1.4541706,2696.8525,0.050245877,833.37054,0.28745604,-40.55748,-1.4313599,-20.653572,-0.30059707,23.357635,0.32737195,0.097123034,0.11748928,-0.025737349,-0.510489,0.020617405,0.8097713,39.24202,0.12049732,7.2156105,0.85330856,26.053417,0.29810295,3.0491915,2.849652,-0.3181436,7.573852,0.075272806,0.026003655,0.0011168232,2.1558874,0.16750419,5.27,0.0,0.68,0.0,-34.37265,0
23.689297,0.011037115,23.45845,23.702698,23.892181,0.43373108,2.5769422,2.0495408,1.480621,0.96341807,0.36302096,0.5447179,0.17470613,0.35274076,0.5641705,0.38946435,1.2114836,0.72694755,0.6215951,0.36831716,0.07002163,0.88669986,34.801647,0.19641252,15.225809,0.38464978,20.100525,0.36255813,6.12959,1.6469563,0.0041156868,1.0017926,0.55085623,0.5634392,7.4109883,0.06373266,-0.6090387,-3.3020868,30.386679,0.19355483,465.74017,0.24414423,1317.3353,0.11330067,1.3522927,38.712933,1689.5226,0.07515913,888.1875,0.24151985,-20.877502,-2.215832,2801.5845,0.078029394,1205.8649,0.25708547,-30.358261,-1.4470627,-23.73453,-0.16019368,33.08864,0.12022942,0.08311535,0.13319519,-0.03640821,-0.16995841,0.073509626,0.79053605,36.337875,0.08817792,16.379683,0.22388105,21.593155,0.20614472,7.168732,1.3123263,-4.9946756,14.47307,0.09146728,0.008667843,0.02254624,0.81037277,0.16366613,5.72,0.0,0.37,0.0,-26.138111,0
29.465607,0.03506048,29.031,29.263153,29.494484,0.4634838,23.342081,25.144348,63.88257,36.028854,0.4883233,0.94430393,0.024180576,0.4899242,0.99537665,0.97119606,2.3007958,1.2122538,1.4659623,1.4766276,0.07587692,1.0456088,27.164486,0.31667432,-0.5852891,-11.149711,1.3182639,6.192467,-1.4590745,-3.0020583,0.005824069,2.3887048,0.48864245,0.5394258,9.25964,0.17222345,-3.5121272,-1.5641582,9.695821,0.8097114,442.99615,0.21069139,1214.9619,0.11363477,-90.787895,-1.129895,1532.7435,0.06715903,951.4624,0.17380296,-95.18083,-1.0264163,2372.7554,0.07502758,1020.3113,0.23895231,-96.36893,-1.0036236,-11.153777,-0.35596102,21.49985,0.1557446,0.074848644,0.13250798,-0.03629495,-0.26077217,0.13920061,0.39962104,34.3379,0.124485254,-3.7870119,-1.6204475,-5.1549964,-0.8578246,-1.9226955,-2.438455,-9.29624,18.447624,0.0416577,0.014000973,0.0027837951,0.9126467,0.1312336,4.1,0.0,1.745,1.415,-24.887312,0
25.368628,0.009631933,25.177568,25.346136,25.592169,0.41460037,3.977879,2.5150938,3.8149397,1.9074998,0.2118622,0.46094432,0.13198651,0.17146084,0.31641966,0.18443315,0.8698789,0.487283,0.36995393,0.23246941,0.02351048,0.7857322,20.012915,0.17832555,16.461166,0.31228626,17.11979,0.26691234,-35.885803,-0.3070837,0.003354376,0.69051415,0.59601295,0.4061128,7.5606675,0.08498522,-6.9254475,-0.5033381,17.527208,0.26930833,606.3305,0.25637227,1375.189,0.1332772,2.7354698,14.663691,1789.1145,0.07752148,934.619,0.3099897,-14.974906,-2.4314103,2771.423,0.09636088,1011.89026,0.2845477,-16.48685,-2.1871228,-15.510894,-0.2132672,19.710361,0.1931623,0.108064674,0.06548665,-0.039518747,-0.2970215,0.024571326,0.74364275,20.455265,0.14453992,17.06296,0.24471693,17.702314,0.20477922,-37.30165,-0.24446817,-4.094842,11.2029705,0.086522,0.02488989,0.0005096671,1.4376998,0.16129033,5.96,0.0,0.22,0.0,-38.427612,0
31.79433,0.022618089,31.550512,31.80848,32.051006,0.500494,1.3997025,0.35500163,-61.7287,53.432396,0.12833557,0.55788404,0.08745913,0.107555285,0.14629233,0.058833197,0.47993997,0.2948247,0.217983,0.19385755,0.012004354,1.0817049,24.82147,0.1387177,21.58411,0.21236463,58.20386,0.21368858,-10.395237,-0.6906721,0.005793474,2.6547544,0.33241874,0.5648506,11.287317,0.07096566,25.580418,0.1368515,27.050291,0.1681616,573.37384,0.27162316,1464.5825,0.12714584,-29.128937,-1.3928152,1869.3645,0.07747095,900.28674,0.6140043,-40.594524,-0.8895897,2776.9358,0.08413638,992.7563,0.3290931,-31.363895,-1.2091027,-19.820463,-0.19935468,23.152897,0.20907669,0.0566627,0.16104546,-0.0032534348,-1.8991455,0.012244268,1.0337757,25.141478,0.12128045,22.065788,0.18187873,60.40455,0.12908176,-10.73318,-0.6569323,-13.326304,21.520626,0.055513903,0.003972452,0.0078004817,0.88809955,0.08900757,10.69,10.67,0.515,0.275,-38.38143,0
27.491072,0.05506894,27.446335,27.75544,27.964298,0.5179634,169.77333,47.25513,139.1072,186.08063,0.19237216,0.6786337,0.098602645,0.12742195,0.3080816,0.20947894,0.74379706,0.47015974,0.35277715,0.26451194,0.021277243,0.74609977,19.087534,0.21304019,13.558254,0.42152977,36.990036,0.24741784,-6.963418,-0.6675735,0.027990311,2.700112,1.0633594,0.9833437,7.3349557,0.4089014,1.1779492,2.792372,21.110317,0.25241846,584.98395,0.21734844,1451.2798,0.115691826,-19.143454,-2.7825766,1778.7657,0.059928752,793.3003,0.5782574,-30.180973,-1.6459678,2732.6628,0.08542059,1115.107,0.42533582,-26.194996,-1.9396371,-13.344079,-0.19537763,14.21964,0.22852531,0.075131096,0.118970506,-0.0085166,-0.98665047,0.022240292,0.71105504,19.59722,0.17927581,14.349777,0.2643696,38.89732,0.13191634,-7.337727,-0.6006574,-8.438001,13.464653,0.07846131,0.012150923,0.01185147,0.7246377,0.4162331,2.2,3.380784,0.144,0.08708616,-37.14273,0
33.97031,0.029516034,33.662525,33.826202,34.00934,0.3468132,11.769559,4.425694,-3.0882316,2.319327,0.21415642,0.57711565,0.09754081,0.2016226,0.35307968,0.25553888,1.7137114,2.462702,-0.23384163,0.5350149,0.014895291,1.3043417,28.604301,0.23206694,16.445797,0.57906204,33.521046,0.48063183,-21.07859,-0.3079374,0.0027963698,2.7346964,0.1604487,0.71701753,12.718226,0.064556636,17.88701,0.1450475,27.272762,0.2796922,735.3906,0.2822291,1540.4878,0.16599025,-44.317776,-1.4738978,1989.9973,0.09415955,925.1574,0.561904,-48.996136,-1.2024711,2872.392,0.10137916,914.28845,0.34744683,-40.245327,-1.5470709,-21.692324,-0.2192191,23.97976,0.22514907,0.08801542,0.11081996,-0.02142697,-0.21267082,0.016114254,1.241432,30.677736,0.100220226,19.898613,0.17795208,38.44577,0.28251028,-22.843895,-0.1851893,-5.4197373,12.539849,0.086100064,0.00965692,0.007358564,0.575374,0.115740746,7.5,0.0,0.555,0.145,-32.305122,0
36.324146,0.003517404,36.23071,36.318752,36.4127,0.18199158,1.7978803,1.0874496,2.3841882,1.435434,0.44354773,0.33945063,0.4560563,0.48209393,0.5202159,0.06415963,0.4266835,0.32898027,0.36918962,0.19108003,0.10583375,0.41982642,21.523106,0.4712115,14.188863,0.386472,30.527248,0.3888222,1.5588903,2.6961038,0.023351552,0.41756427,1.0245849,0.21310672,11.261446,0.07821053,17.665499,0.15314884,13.833802,0.30714038,670.71796,0.41427645,1349.907,0.14257284,-75.12852,-0.9412056,1774.1111,0.15329847,948.95435,0.37837073,-52.169323,-1.0540528,2906.235,0.12749143,837.2726,0.44052887,-49.28692,-1.1377977,-21.726366,-0.104201056,26.028976,0.1583368,0.039665263,0.180732,-0.0022014764,-1.3759787,0.1189595,0.2297358,24.728697,0.07471866,16.011194,0.15484141,34.69602,0.10697102,1.2410008,2.9419217,1.6714773,5.614396,0.05771871,0.03425064,0.013588425,0.57581574,0.096432015,9.11,0.0,0.615,0.355,-24.322601,0
38.11064,0.13925698,36.65008,36.76478,36.984055,0.33397293,223.5568,139.3164,10.861862,41.698643,0.2451042,0.6611534,0.119949505,0.17061602,0.445513,0.3255635,0.8699972,0.58986485,0.24610476,0.13097431,0.018452967,1.023439,15.790801,0.30651313,9.201388,0.5757516,44.364407,0.22158335,-35.018913,-0.2522325,0.021587467,1.6957456,0.61472785,0.68429667,11.491039,0.20207505,31.542997,0.56628203,14.258361,1.2692502,571.9175,0.41108397,1388.5256,0.16318427,-19.90375,-2.5288434,1805.6726,0.11796532,1065.4436,0.55681086,-35.38143,-1.0145129,2600.8853,0.14094023,896.8832,0.5442106,-21.219513,-1.8265532,-12.251465,-0.28001964,14.370639,0.24075064,0.131811,0.08081186,-0.003618835,-2.5793667,0.019086495,0.99768233,15.946265,0.27740046,9.522015,0.52647746,45.916847,0.13492796,-35.848915,-0.22297002,-9.486157,16.30885,0.11551687,0.014344825,0.0055237752,0.48038432,0.08038586,11.91,0.0,0.25,0.14999999,-33.805206,0
25.923903,0.010855965,25.707458,25.868193,26.169676,0.46221733,2.883888,1.4805063,2.3221676,1.7659929,0.1463553,0.6514704,0.09665642,0.11075481,0.15390128,0.05724486,0.7537118,0.7391435,0.011147329,0.31847057,0.018371873,1.2907763,29.943022,0.181151,16.861609,0.28890404,36.488358,0.23950289,5.775503,1.2784737,0.0027298778,0.67990005,0.32182902,0.55314505,8.737696,0.035856858,-6.600114,-0.14501072,20.230558,0.38667166,519.1195,0.2654298,1388.199,0.13962477,-2.211324,-19.469173,1795.3816,0.0502724,784.09674,0.40784547,-18.480421,-2.1001952,2745.8738,0.10243346,1270.6097,0.26382518,-17.53638,-2.231889,-19.715363,-0.236652,21.94465,0.24885865,0.0973306,0.08274545,-0.021461548,-0.3401971,0.019063976,1.2663558,30.839708,0.1082752,17.6737,0.15664963,38.081333,0.12291981,6.349046,1.0897452,-5.0990868,12.066931,0.09358449,0.019237906,0.0033545545,0.3448276,0.049382716,19.369999,0.0,0.42499998,0.16499999,-34.33989,0
37.28066,0.03866879,37.322742,37.378414,37.536884,0.21414185,-51.38591,0.0,0.9127171,0.0,0.45129994,0.62293506,0.2708594,0.33605197,0.83114994,0.5602906,1.004708,0.36999756,0.20013697,0.09453691,0.03285104,0.88472253,15.502631,0.20556352,10.74197,0.37171718,33.35479,0.2684857,-20.727468,-0.39344254,0.0036873189,2.848349,0.31705287,0.67955464,12.507198,0.11806676,13.87858,0.20151116,4.3386307,0.90910965,463.69604,0.14817405,1187.7103,0.10387419,-23.531673,-2.566569,1791.1086,0.032208066,385.23996,0.6386387,-47.998055,-0.9901858,2786.0686,0.03915336,1022.6532,0.36448172,-22.53617,-2.4540694,-5.9759192,-0.42529172,5.301426,0.60259193,0.102119505,0.09369034,-0.034162596,-0.20700361,0.035507742,0.8196876,15.024419,0.17718987,10.988609,0.3235953,35.465153,0.1708908,-22.262747,-0.29777348,-11.77337,18.88792,0.06807769,0.0009794531,0.006485919,0.2117149,0.07082153,12.87,0.0,0.61,0.089999996,-29.759293,0
31.236082,0.0061958493,31.160458,31.258345,31.330082,0.16962433,14.161593,10.568492,0.82094944,0.5203926,0.6027303,0.53066224,0.37567854,0.53550494,0.88251257,0.50683403,1.3429523,0.030451773,0.115011506,0.0,0.08058088,1.0349246,22.52428,0.18581434,-0.81563395,-6.262363,55.196705,0.27376458,-23.674187,-0.2621235,0.0041889115,1.3788748,0.5492575,0.55888873,9.840327,0.15444387,0.54925126,4.1648927,7.640134,0.5936198,441.32562,0.24299574,1291.2883,0.15274802,-6.2150764,-8.145225,1786.8425,0.053901784,479.53445,0.7885658,-28.388586,-1.5433431,2629.1855,0.071266,1341.6532,0.34914124,-8.693577,-5.628887,-5.3932295,-0.5612008,6.524862,0.56568456,0.100659125,0.07933995,-0.019244716,-0.37565714,0.08575471,0.9780892,22.897972,0.15893231,-0.6180573,-7.465916,58.831776,0.09898761,-24.311518,-0.2350942,-8.25668,16.09541,0.09267896,0.010868285,0.008032039,0.06297229,0.063331224,14.82,0.0,0.47,0.39999998,-25.383728,0
30.654268,0.13029104,31.76706,32.145683,32.406265,0.63920593,177.54456,165.85811,69.078835,74.61619,0.33785707,0.27715752,0.31399056,0.34630758,0.4024285,0.088437945,0.5042013,0.5055363,0.41478536,0.64448065,0.12818965,0.35193354,23.800003,0.3600639,18.401037,0.29380897,17.33871,0.42600256,12.347926,0.44119552,0.043197416,1.2172515,1.463702,0.4104642,7.024813,0.2886693,13.930309,0.31078163,27.16948,0.18992437,656.0114,0.44511884,1592.2009,0.22483043,-30.254316,-1.832005,1662.5662,0.13975935,1234.7639,0.31679705,-39.02471,-1.2397976,2856.3318,0.08798594,945.645,0.40928772,-43.743164,-1.0713664,-21.50109,-0.098681465,31.807543,0.110260256,0.028323451,0.2968798,0.00022964782,13.353188,0.13799417,0.22024943,25.994467,0.06525833,19.729452,0.12897992,18.857244,0.2809232,13.061373,0.35630906,0.4318197,7.171237,0.05309691,0.03345595,0.020249259,0.42630938,0.18326208,5.0133333,5.5851007,0.315,0.38577843,-29.121923,0
35.274525,0.05565768,35.117664,35.598873,35.858017,0.74035263,281.91776,178.77196,93.103516,91.24774,0.12312526,0.73890465,0.06590978,0.08148655,0.19009124,0.12418146,1.4104168,0.62362283,0.13480335,0.1378893,0.0076212543,1.4680988,19.623869,0.22044043,23.650843,0.23823388,51.20043,0.19920665,-13.099815,-0.5526778,0.00524518,4.8004193,0.2738664,1.7485294,13.091935,0.13370048,26.757845,0.20820883,18.985737,0.26615453,590.03296,0.18737856,1400.4952,0.14203812,-42.389656,-1.2802435,1943.4498,0.061748397,747.5927,0.7083399,-54.228767,-0.9015399,2808.8413,0.067960404,878.73334,0.4110882,-42.598026,-1.2413707,-17.881964,-0.21182318,20.832098,0.22579221,0.094160125,0.083488435,0.0039138924,1.9112179,0.008120442,1.4401535,20.162485,0.18256317,24.111345,0.2013486,52.949604,0.13919698,-13.757411,-0.51399404,-14.156663,18.656902,0.09170797,0.013344875,0.0034006338,0.28763184,0.867052,1.0155555,2.0683224,0.092727266,0.04350359,-39.811836,0
31.257322,0.052676946,30.86951,31.329285,31.743008,0.873497,91.80151,0.0,1.6696261,1.2067326,0.08824109,0.79540104,0.043546237,0.052981857,0.16360459,0.12005835,0.62330014,0.270855,0.44611445,0.21625693,0.02768169,1.398212,25.725948,0.30365136,27.887703,0.34038797,43.73516,0.29134482,-4.4497957,-1.355889,0.040792834,0.6365274,1.390948,0.4715204,7.1887608,0.3389482,17.074436,0.26757926,32.820602,0.17861451,490.8662,0.33393204,1417.9178,0.15115675,-54.113705,-1.447531,1634.3784,0.13596578,1410.6407,0.34387532,-78.35044,-0.7982623,2562.5872,0.084915854,695.42645,0.46117,-67.062706,-1.017632,-23.794369,-0.14250697,27.064966,0.15371712,0.07277157,0.14089777,-0.0071198326,-1.136455,0.034754496,1.1876842,28.388466,0.125616,31.210033,0.08111396,48.17403,0.10480107,-4.925854,-1.1397773,-13.332647,17.704012,0.08217587,0.0105428025,0.0031437706,0.97276264,1.4662757,0.524,1.0237043,0.14571428,0.18569231,-39.762405,0
28.193142,0.23909914,25.019295,25.663813,31.083334,6.064039,164.49002,114.35968,128.15019,99.10381,0.2521457,0.57729495,0.16604601,0.2038626,0.35535023,0.18930422,1.56085,1.1408631,0.69696146,0.5270203,0.042147923,0.74431705,30.087833,0.1136488,12.157591,0.3401918,37.04129,0.23590368,12.526961,0.36556268,0.028644789,1.9284415,0.7044429,0.892697,8.283052,0.19822976,-2.0820448,-5.281094,21.931942,0.6003825,631.0459,0.34581435,1477.456,0.17217544,-16.066177,-3.6317842,1791.0371,0.068715006,823.7585,0.4819332,-23.516876,-2.185053,2862.3538,0.11347252,1247.0754,0.27152967,-26.35393,-1.9318384,-22.038965,-0.14956683,25.654657,0.1571461,0.0854666,0.1593072,-0.00705283,-1.1509706,0.044285215,0.6762845,30.610016,0.0807413,12.4099045,0.29026294,38.50802,0.17008454,12.9759035,0.30475515,-15.672629,22.023895,0.06395913,0.010099063,0.016231533,0.2233805,0.07473841,12.4,0.0,0.475,0.325,-29.106651,0
36.387096,0.024899853,36.234177,36.375896,36.53767,0.3034935,11.029769,0.13759041,-1.981473,2.2693992,0.18954329,0.57543325,0.110153705,0.1538077,0.27717677,0.16702306,1.1574252,0.9225917,0.0970178,0.8425513,0.016101884,1.0912154,26.061565,0.24657376,24.922821,0.2698999,36.72719,0.25782353,-20.509716,-0.3528897,0.0066343257,2.4571195,0.33113873,1.0360024,13.274338,0.12528002,27.736868,0.11667062,24.143583,0.2218561,527.3698,0.15866555,1283.3207,0.12089993,-23.78346,-1.9234751,1769.6051,0.14305624,1125.2988,0.4383675,-50.467335,-0.737613,2676.4468,0.0740093,711.0574,0.3998046,-34.611736,-1.1820805,-20.670599,-0.26480395,22.488842,0.25146386,0.0993167,0.09009425,-0.013204151,-0.6095554,0.016595382,1.0693669,26.442879,0.23860408,25.839842,0.22212842,38.172527,0.20050578,-21.750214,-0.24105047,-14.288854,23.550726,0.040546324,0.008032807,0.00862605,0.56634307,0.081234775,11.599999,0.0,0.34,0.099999994,-32.996506,0
23.833157,0.0092999125,23.684114,23.85546,24.002659,0.3185444,3.4457967,2.107671,2.3065367,1.7765979,0.11602887,0.92056143,0.05707972,0.080104336,0.12431402,0.06723429,0.625663,0.3474233,0.4311142,0.31156823,0.01088809,1.2907002,18.07525,0.23002957,18.136679,0.35711682,48.21455,0.33172178,6.7692285,1.2889581,0.0055638235,0.680939,0.5551287,0.47970915,7.099682,0.06596993,-0.31114486,-7.1566415,20.139065,0.20339352,488.63712,0.35958365,1316.2488,0.18357083,-36.35811,-2.2256007,1740.9825,0.06238438,627.029,0.33738503,-56.735516,-1.2380565,2673.4517,0.07552664,1028.3862,0.22991271,-45.620323,-1.6573881,-15.615559,-0.23720635,18.268509,0.21053544,0.0538813,0.21236473,0.008100013,1.0036117,0.012880775,1.172774,18.874596,0.16754562,19.767056,0.14535117,52.137127,0.22940795,7.5010858,1.1180562,-11.767838,15.776372,0.07163057,0.016157135,0.0027568145,0.24958403,0.16708438,4.825,3.945,2.27,0.0,-41.476593,0
32.09186,0.05355797,31.784847,31.887121,32.00212,0.21727371,40.02019,40.425552,6.038849,7.2487807,0.08567252,0.58560055,0.059546042,0.06804904,0.107241966,0.047695924,0.30669484,0.11660044,0.11383981,0.084258676,0.0054654474,1.3794384,23.46232,0.2027373,20.319145,0.43052098,27.700296,0.33847174,-7.8025866,-0.6771831,0.0044412166,3.1880696,0.24659005,0.6238288,11.634664,0.05049695,36.365467,0.18084462,29.394447,0.2050427,772.639,0.30342737,1562.6165,0.13467094,-35.48118,-1.6145376,1926.463,0.13042685,1077.7443,0.41150832,-43.010017,-1.2055755,2792.7664,0.10649987,1016.33795,0.31516114,-38.31654,-1.3953359,-22.128819,-0.14379096,27.55806,0.1491006,0.063898675,0.15631564,0.008172845,0.6100386,0.005864973,1.335849,24.519968,0.100205295,22.586119,0.21167399,29.658455,0.20041882,-7.8331375,-0.6635402,-7.7475185,14.823063,0.07892325,0.019109562,0.0017977977,0.33783785,0.33879167,2.6483333,5.428672,0.24142855,0.29235148,-42.720142,0
31.737776,0.15005788,29.209877,29.368908,37.18821,7.9783325,129.08713,124.551506,78.66682,75.586945,0.46202037,0.66141313,0.29815018,0.35759783,0.7999075,0.5017573,0.6391613,0.22611608,0.7182606,0.51439893,0.054669324,1.0998774,24.384413,0.24977633,4.881181,1.175608,45.398552,0.33197817,2.5504267,2.3875687,0.020258263,2.0105903,0.43465102,1.0787947,10.769522,0.08969863,13.061511,0.3331892,20.097065,0.52660716,702.13153,0.45896626,1442.711,0.23541465,-33.013683,-1.9238365,1749.2183,0.09362425,695.8115,0.54160726,-34.76313,-1.6307741,2847.8562,0.096883915,1035.8085,0.45147172,-32.56292,-1.7862875,-17.387945,-0.2555657,20.09454,0.24049443,0.0802215,0.1577149,-0.010222007,-0.56743515,0.060717925,1.0015572,26.228365,0.09994182,5.3202477,1.0606557,50.205795,0.11086042,3.6437104,1.4004877,-4.822452,11.862929,0.08360306,0.0182897,0.0037494805,0.40369087,0.17351072,5.1566668,7.2643433,0.4375,0.4451053,-19.802736,0
32.72613,0.005223205,32.64475,32.704926,32.79271,0.14796066,2.7166622,2.7212532,1.0787838,0.85316795,0.11817291,0.6804781,0.072600484,0.082252145,0.18669808,0.114097595,0.20173386,0.14681193,0.027884712,0.0,0.0064308536,1.6825672,26.927896,0.17808582,23.203474,0.2219173,43.10079,0.21733215,-22.997057,-0.19080217,0.0018606959,1.1421186,0.14084148,1.2461569,12.2610235,0.049830455,13.645931,0.18505898,22.274088,0.24188656,748.13696,0.14213991,1367.6478,0.11608069,-29.1765,-1.4340682,1998.909,0.08018228,485.14804,0.77889955,-36.071266,-1.0921459,2989.2446,0.06112907,935.44794,0.23844212,-23.382761,-1.8069344,-18.201782,-0.16540311,19.650978,0.20592125,0.08867556,0.09613091,-0.022971217,-0.19751392,0.0067038788,1.6507542,27.723822,0.12661006,24.337662,0.07954702,45.182438,0.07115585,-23.762373,-0.117367715,-8.085334,14.899792,0.093424305,0.01154159,0.0020286532,0.06858711,0.06882313,13.74,0.0,0.38,0.22,-37.634415,0
29.559378,0.013726851,29.183462,29.515543,29.908201,0.7247391,7.172858,3.8149648,3.9955444,2.2746987,0.13373424,0.7170065,0.070256785,0.10137838,0.15593807,0.08568129,0.88883644,0.63801277,0.8732311,0.9557461,0.01834405,1.3206863,16.056734,0.25976723,32.160557,0.22140963,45.66637,0.25163603,-11.940348,-0.7354191,0.00480805,0.8474605,0.5377005,0.6702414,9.538007,0.107301004,22.373177,0.32040057,25.289291,0.21439551,658.2725,0.20181149,1460.0814,0.10478683,-39.565678,-1.2957741,1802.9243,0.054642655,772.9995,0.5880576,-41.881065,-1.2064972,2963.5068,0.06559693,665.58765,0.69949085,-38.244747,-1.3475109,-15.184672,-0.30664778,18.830545,0.29393926,0.044811435,0.4028254,-0.010762491,-0.41552517,0.019996557,1.2464881,16.728504,0.21112238,33.134697,0.15072724,48.24612,0.16841076,-13.223771,-0.6047647,-10.478485,15.220406,0.07415569,0.0060671163,0.0030704674,1.0964912,0.5497526,1.637,4.237058,0.16,0.25365332,-37.32102,0
32.603638,0.037986934,31.800404,32.593563,33.015556,1.2151527,12.341281,4.5063567,3.5053818,9.228787,0.2027774,0.49966493,0.10040948,0.19815631,0.30515003,0.20474055,0.7200396,0.4168944,0.48507598,0.38758746,0.029798938,0.641235,32.821682,0.1335262,22.283062,0.2589738,41.45296,0.21734145,5.986066,1.1001135,0.0045441114,0.7861431,0.42970616,1.216526,11.74131,0.08311438,33.64814,0.17495328,33.093243,0.2457349,521.23755,0.39180547,1376.3969,0.08743923,-14.915621,-2.5114737,1695.3007,0.13599254,1139.5121,0.27055052,-43.76674,-0.624732,2639.2988,0.113168485,742.01514,0.3198031,-29.982496,-0.98704123,-25.64708,-0.17811121,28.172861,0.1924197,0.059749544,0.26565158,0.0011584596,6.9320927,0.030305438,0.62830764,33.265804,0.10553402,22.959612,0.18040459,42.611454,0.15387882,6.469541,0.9487364,-11.863922,18.90502,0.11185147,0.01250519,0.005328305,2.003643,0.36832413,2.625,2.5449998,0.14999999,0.0,-30.522337,0
22.56854,0.025115535,22.40732,22.64052,22.927048,0.5197277,1.1333597,1.6363664,0.5435947,0.23113003,0.13756931,0.801124,0.07148912,0.096491635,0.22383587,0.15234676,0.779525,0.41384348,0.12818602,0.08716505,0.016367668,1.2418807,19.73239,0.32948804,19.538902,0.46866134,43.950333,0.34808192,16.327686,0.6660414,0.0040976843,0.65405697,0.3767037,0.55824095,6.615268,0.075116485,1.061714,3.285251,23.995522,0.22104442,545.18945,0.4873071,1398.2589,0.22840719,-31.334093,-2.3554025,1781.1519,0.08780181,654.1081,0.6297387,-47.574005,-1.3717052,2678.4678,0.085091,1110.798,0.31571126,-38.176846,-1.8138739,-17.83779,-0.22578205,21.474455,0.20014961,0.042641077,0.30066404,-0.0036023282,-2.4908218,0.01885891,1.1384217,21.88569,0.17708142,22.656372,0.2291057,49.567425,0.081803665,19.884022,0.28897792,-4.4395466,10.14124,0.08115694,0.01833351,0.0021959136,0.18939395,0.095147476,8.889999,0.0,0.79499996,0.145,-33.796326,0
31.814894,0.016163582,31.457668,31.624365,32.144485,0.68681717,9.755315,8.879026,7.7417293,6.398005,0.4206475,0.5601051,0.2293961,0.44426447,0.5892694,0.3598733,1.9072192,1.8519592,1.5411204,1.2400173,0.0608627,0.8888294,19.099024,0.26417917,26.832478,0.42905602,35.024025,0.41888967,6.8539615,1.1464849,0.005049152,1.584877,0.35492176,1.094383,11.084092,0.10965572,21.479225,0.13320364,23.92602,0.32187092,534.603,0.30649933,1371.2264,0.13214217,-50.639748,-1.4751385,1789.2358,0.07534513,965.56036,0.5924695,-62.359356,-1.0672208,2661.2944,0.12626672,1144.4456,0.3509821,-56.02761,-1.2433368,-17.124428,-0.24729122,17.320885,0.27294958,0.044725433,0.23769654,-0.019005701,-0.409773,0.07275005,0.7220226,19.420258,0.25108144,31.800577,0.16000809,41.358948,0.17709763,8.7434435,0.6622163,-10.05863,18.088749,0.054777887,0.011425721,0.011794551,0.974026,0.3264418,2.4733331,1.157478,0.42499998,0.59268457,-25.788445,0
25.487402,0.0081951115,25.366549,25.469673,25.568594,0.20204544,3.2403107,2.2774258,2.4515178,1.61551,0.08119952,0.5908147,0.05850733,0.063734256,0.08159433,0.023087002,0.59272504,0.3682883,0.37349415,1.325555,0.0056102844,1.1736312,15.074472,0.15848917,30.09692,0.24826905,41.754616,0.18371126,-17.414818,-0.34487212,0.002514176,0.6527733,0.39831066,0.5115235,8.058337,0.049661864,0.081002235,34.36767,26.150057,0.23837219,655.03204,0.31386712,1507.3555,0.1228794,-74.37355,-1.2394445,1799.9208,0.13968462,1018.54865,0.54536337,-82.81789,-1.0216798,2831.2483,0.13037503,908.86273,0.35110584,-77.401596,-1.1419543,-15.637288,-0.21307173,17.44805,0.24766433,0.07382675,0.123833574,-0.0032883903,-1.9752479,0.0071260654,1.1022457,15.589669,0.14740126,33.262814,0.18695161,40.896072,0.1772021,-18.449297,-0.32762337,-12.086083,13.139804,0.07923787,0.0045847967,0.0028143972,0.25010422,1.5037595,0.4194444,1.039706,0.23705882,0.39054656,-45.211178,0
31.605305,0.047858495,31.610912,31.828827,32.004234,0.393322,58.54154,43.984238,1.3335164,1.2258389,0.1618242,0.62178946,0.080117546,0.13634717,0.24209198,0.16197443,0.27260444,0.18873632,0.27988645,0.24218504,0.019290606,1.0248377,28.50444,0.16640659,25.425968,0.23939694,48.93229,0.2901749,-7.4865055,-0.9194658,0.007938975,3.5635905,0.27883303,0.7588902,11.416514,0.098132476,26.164785,0.19552124,32.860596,0.14777091,536.90424,0.39135444,1462.1891,0.10897007,-33.85317,-1.8147004,1776.4231,0.12873168,1239.1458,0.36577955,-55.64163,-0.89732105,2673.2727,0.106222786,965.38324,0.31753916,-44.822525,-1.1879201,-25.267838,-0.17490032,29.251064,0.17080063,0.05405815,0.22001407,-0.005233936,-1.1048328,0.021374308,0.9440041,29.518728,0.1320523,27.07399,0.13507922,53.059704,0.15101719,-8.088129,-0.85943985,-13.559111,22.6955,0.04758144,0.008142032,0.0027157685,0.46728972,0.15723272,5.69,0.0,0.65,0.0,-34.179375,0
27.424633,0.009797468,27.184057,27.372786,27.63804,0.4539833,3.6836822,1.7133461,2.7059102,1.3788587,0.26596883,0.6377491,0.12130789,0.19070674,0.46441028,0.3431024,0.70840824,0.4190194,0.50855446,0.43357325,0.028062776,0.86840516,21.397053,0.22559257,13.981813,0.27730608,39.844475,0.13539197,-7.1124806,-0.69051677,0.0035669857,1.3243425,0.35246432,0.66089356,9.295456,0.058171682,1.1958209,1.9278076,20.628225,0.280548,561.8787,0.21616277,1415.1366,0.089687474,1.4498371,6.0430775,1782.4957,0.048482668,685.59344,0.5211209,-11.680044,-0.4129801,2741.517,0.06945425,1172.6744,0.41293216,-6.864674,-0.73730165,-14.514564,-0.20539534,15.559358,0.23319255,0.07523525,0.08893527,-0.016816812,-0.4975334,0.028282627,0.8721502,21.345001,0.2261014,14.035719,0.2742222,39.936394,0.13391739,-7.133937,-0.69106245,0.0,0.0,0.0,0.0,0.0,0.7067138,0.17857143,5.5899997,0.0,0.0,0.0,-32.60123,0
33.75419,0.0037569979,33.628643,33.778828,33.858524,0.22988129,2.024207,0.8960188,1.0972216,0.7021902,0.23704347,0.49949834,0.097307004,0.24173656,0.3519646,0.2546576,0.38410679,0.37519735,-0.33966678,0.5527183,0.011400147,0.8465674,32.35903,0.07212551,21.56768,0.120211534,35.45459,0.22379516,-18.77987,-0.1127165,0.0013777171,0.7774469,0.15228015,1.5319035,12.875223,0.03681667,18.20567,0.068613015,28.627298,0.24795099,656.73193,0.31166625,1560.6586,0.20578401,-15.354749,-0.67687976,1912.9033,0.10466484,963.4752,0.4082153,-27.234861,-0.22047818,2797.3762,0.10410439,831.2333,0.333671,-16.452177,-0.31798542,-22.722311,-0.17573518,25.202751,0.17330718,0.08524011,0.09976174,-0.02172904,-0.21781023,0.011330782,0.8872316,32.501236,0.049936775,21.522451,0.11858162,35.50664,0.22345102,-18.80416,-0.11145612,0.0,0.0,0.0,0.0,0.0,0.6968641,0.17574692,5.68,0.0,0.0,0.0,-31.246538,0
36.24231,0.006609702,36.15094,36.257713,36.369686,0.21874619,2.634898,1.5859135,4.3787503,5.968948,0.6286016,0.6521197,0.45526862,0.49665508,1.0010171,0.5457485,5.525771,5.5255256,5.2888527,3.8689907,0.41206002,1.0847225,24.588518,0.61150444,17.49751,0.5025285,27.983835,0.50675935,-0.14251141,-44.015152,0.023138823,0.34441188,1.1478752,0.35336328,11.103087,0.087420486,19.346449,0.15740536,19.475437,0.31158057,506.9227,0.43748495,1410.2488,0.116783,-84.54641,-0.9530497,1618.7334,0.15806237,1142.2225,0.23974991,-64.31012,-0.93075097,2639.9568,0.10596994,746.28253,0.43154907,-58.289097,-1.0715214,-25.656332,-0.17741244,29.300196,0.19738202,0.04274711,0.28468907,-0.015476944,-0.7488513,0.49347615,0.90735054,30.824076,0.14695661,20.842766,0.22988634,33.706997,0.16980265,-0.45243803,-14.517492,5.127043,1.1109823,0.063429445,0.04145338,0.002276703,1.5408322,0.155521,5.39,0.0,1.02,0.0,-13.790942,0
37.56653,0.0059215752,37.461914,37.550056,37.684174,0.22225952,2.3898084,2.9611173,6.627365,12.816692,0.31094462,0.3618995,0.18667528,0.3620166,0.40815112,0.22147584,0.7672021,0.9006964,0.569826,0.43241894,0.027972437,0.6786286,19.846977,0.20471102,13.763404,0.4126862,48.621178,0.1696153,-39.866386,-0.2658162,0.022462558,0.91349775,0.6482139,0.789652,11.067327,0.24306683,39.816975,0.10843799,21.987646,0.3037594,507.8627,0.16192488,1295.8896,0.13301322,-10.423275,-2.263481,1830.263,0.11227093,1131.76,0.6062495,-38.042034,-0.406512,2607.5972,0.08011273,876.0788,0.44175744,-17.812035,-1.0017442,-13.285532,-0.25830108,14.9052,0.25048262,0.121760525,0.09539709,-0.020641308,-0.4095208,0.028347647,0.66813684,19.943027,0.20020175,13.972384,0.39281178,49.092625,0.14844511,-40.335453,-0.24737272,-3.9631593,13.922415,0.05908226,0.028843682,0.0009509048,1.3864818,0.17513135,5.65,0.0,0.04,0.0,-31.900723,0
27.121725,0.0051720943,26.993393,27.116034,27.23465,0.24125671,2.481735,1.3546497,2.1405435,1.1613386,0.2622423,0.45390224,0.15340923,0.28753638,0.3562816,0.20287238,0.3863545,0.23809184,0.08499675,0.0,0.03422453,0.7309593,31.454266,0.24836442,16.753876,0.5883409,29.840567,0.44800797,-0.18379848,-32.47921,0.0016022212,0.5022814,0.13196701,0.97703886,9.544239,0.021543203,-4.7961197,-0.37585837,31.352205,0.20178425,612.28925,0.2567837,1556.6627,0.16635108,-18.347265,-3.438324,1839.3843,0.08562934,1040.8103,0.4750072,-30.80171,-1.8818581,2926.8044,0.105548434,1255.8534,0.28103173,-33.24276,-1.716894,-26.687138,-0.18965411,28.965118,0.2145853,0.08616406,0.10342825,-0.023130137,-0.26568028,0.038078416,0.6332018,33.96519,0.0889413,19.711628,0.23211126,33.71231,0.21269096,0.4424364,13.384281,-0.5688622,9.914765,0.083537474,0.023909252,0.0017806503,0.15360984,0.15479876,5.7799997,0.0,0.65999997,0.0,-29.129133,0
36.44797,0.002834725,36.363243,36.4298,36.553055,0.1898117,1.6830666,0.8105946,1.4885266,0.6682528,0.46806985,0.50458795,0.3187709,0.51524305,0.6420456,0.32327473,0.6119282,0.31443265,0.56263566,0.59135884,0.03652677,0.6616638,20.907324,0.2536744,14.104785,0.32173946,20.401415,0.36008695,-14.591285,-0.59073097,0.0022655085,0.6930833,0.2405323,0.871319,13.430667,0.05406796,16.807833,0.09217435,14.590075,0.23432112,567.5544,0.21870287,1369.1094,0.1230357,-34.83151,-2.1477087,1854.3744,0.046274636,502.29553,0.620123,-49.22586,-1.3243105,2762.9475,0.03373485,970.4552,0.30157828,-35.992886,-1.9614493,-11.742936,-0.25170088,13.871379,0.24932714,0.11458095,0.09822138,-0.0353828,-0.1307602,0.042698912,0.5010239,21.30322,0.24995352,14.731734,0.28969052,22.304518,0.28055963,-16.58484,-0.43713707,-11.981609,19.738142,0.052271493,0.005221018,0.003946837,0.7680492,0.15503876,5.44,0.0,0.98999995,0.0,-28.029507,0
31.765453,0.045009404,31.534111,31.63212,31.708427,0.1743164,20.744846,14.542346,4.339583,0.0,0.57046163,0.5160547,0.31625795,0.6291524,0.7905037,0.47424573,1.8550907,1.5679739,1.9946134,1.7341206,0.078362,0.84638095,21.575151,0.17917489,1.9595834,2.1355577,63.07658,0.3864419,-31.251234,-0.40170547,0.0046256874,3.254636,0.5208422,0.648733,10.232064,0.13187993,8.582727,0.31624246,11.179151,0.5558557,522.5495,0.43392694,1318.149,0.17980476,-32.024124,-2.344944,1788.762,0.069659136,416.60568,0.77652836,-48.350513,-1.2917626,2707.9177,0.067170426,1102.0549,0.28024352,-27.106995,-2.6181417,-6.4865217,-0.3861769,9.720219,0.2878174,0.0893808,0.086629204,-0.02489808,-0.2920503,0.09145844,0.69457495,22.467144,0.1351061,2.3386164,1.7221639,72.71675,0.08827066,-35.76383,-0.18330689,-6.2491136,15.235586,0.072733894,0.01888425,0.0036687956,0.35460994,0.17889088,4.7799997,0.0,0.78999996,0.0,-26.511156,0
32.989594,0.0047393106,32.86781,32.97597,33.08076,0.21295166,1.9224983,1.1479282,2.2117498,1.4121788,0.32769212,0.43835223,0.35199308,0.37029362,0.39570475,0.043711662,0.82965386,0.39606267,0.73881954,0.43816495,0.14473084,0.45105723,20.862925,0.63406354,18.343817,0.44969752,17.086262,0.5714067,9.784881,0.58685863,0.033940144,0.30358702,1.285723,0.2656991,8.798805,0.09859698,15.871988,0.29919353,28.244368,0.16702841,618.0776,0.42230672,1640.5688,0.17822325,-56.19009,-1.2804489,1695.8853,0.14390762,1172.8772,0.21062438,-60.69906,-0.9964117,2919.2417,0.097547136,1012.9727,0.43012887,-63.004795,-0.9448961,-23.030409,-0.09605791,34.212303,0.12665434,0.030472679,0.19165324,-0.00021501043,-19.77176,0.17140089,0.12944031,26.447847,0.10193136,21.764719,0.10599771,20.683704,0.24615413,11.520429,0.3722025,5.790001,0.2895807,0.065998174,0.043006364,0.00010473832,0.64102566,0.1618123,5.2,0.0,0.96,0.0,-27.982746,0
36.05391,0.024971874,35.463062,35.989685,36.58171,1.1186485,8.712931,5.025747,4.998088,3.5772464,0.17119019,0.5865317,0.10326985,0.16149451,0.2526137,0.14934385,0.32981446,0.16210376,0.43708608,0.30129743,0.014955566,1.2831544,15.978705,0.40103927,18.907137,0.52979416,44.73836,0.40145797,-18.279402,-0.43676656,0.0053907856,1.3552554,0.32166705,1.9645513,12.940053,0.08544312,28.75803,0.12597667,18.35306,0.29728758,571.1543,0.19969928,1362.1088,0.111411706,-57.889862,-1.2542964,1935.1912,0.07121916,877.88055,0.7235712,-68.565956,-0.94290495,2751.173,0.0693979,877.9094,0.4795057,-57.121426,-1.2294805,-16.425375,-0.23281354,19.667297,0.21615878,0.09678318,0.09285123,-0.00262975,-3.7069356,0.018261066,1.101153,17.990532,0.29369494,23.499237,0.13772635,53.094944,0.0995641,-19.737495,-0.40271363,-2.843368,8.304976,0.09332879,0.01973198,0.0013845367,0.56577086,0.14265336,5.65,0.0,1.3399999,0.0,-36.661972,0
31.563509,0.023333602,31.074724,31.49159,31.92004,0.84531593,6.8028474,2.0051064,10.179389,20.064644,0.120661475,0.61966413,0.053288814,0.09130934,0.2034269,0.15013808,0.6368331,0.34152964,0.4939199,0.2607919,0.03402855,0.87865835,26.695,0.28291807,30.084854,0.2804859,46.69765,0.2295096,-9.189004,-0.4707789,0.040813617,0.6128934,1.5479028,0.5345248,7.140042,0.3790863,18.90832,0.26168904,33.11374,0.17209592,465.29855,0.30736777,1357.3395,0.09808247,-29.084425,-2.0413888,1609.4288,0.1338352,1380.8601,0.31146073,-61.94669,-0.72268707,2550.057,0.08174492,637.5357,0.41296908,-47.492504,-1.0395823,-24.361414,-0.17900789,27.883778,0.1896116,0.06644422,0.19364713,-0.010524996,-0.58932024,0.037602473,0.7945577,28.437622,0.16266246,32.30364,0.090464085,49.210587,0.11962644,-9.1242285,-0.4756512,-7.8767557,12.05849,0.08628864,0.008175106,0.005682228,1.6891892,0.85616446,1.04,1.2420466,0.103999995,0.120764226,-37.571228,0
27.759413,0.21262449,25.134546,25.343496,25.99904,0.8644943,193.22592,137.71368,71.53704,37.232258,0.29777673,0.35342044,0.24589418,0.29742756,0.39174625,0.14585207,0.7363816,0.4673663,0.3091865,0.2990724,0.0578081,0.47608444,33.046455,0.13984977,15.725332,0.3525908,35.31649,0.35674748,13.92206,0.7063778,0.020025518,2.2463655,0.49603164,0.9440735,8.731217,0.14035405,-0.72017145,-12.666953,29.291647,0.4234835,649.2069,0.31602702,1493.3396,0.1680492,-24.45725,-2.4990404,1843.4579,0.07115131,785.547,0.29409483,-28.678808,-1.9736603,2983.8962,0.10023602,1188.6913,0.17838976,-33.633015,-1.6581608,-25.42038,-0.22430235,28.60269,0.23233978,0.08081836,0.20892444,-0.010840375,-0.40022454,0.06281491,0.35019645,34.24461,0.080765605,16.765097,0.18932532,37.882973,0.2545087,15.528144,0.5675208,-11.673811,20.692087,0.05508498,0.009826041,0.012253363,2.106969,0.16447368,5.5,0.0,0.56,0.0,-27.695175,0
35.973446,0.006023006,35.77822,35.94335,36.165253,0.38703156,2.7568767,1.1045558,1.9382714,1.004837,0.19600384,0.5060062,0.11165184,0.1516737,0.30456015,0.19290832,0.66798925,0.4193104,0.45257226,0.6293212,0.017243102,0.7821348,27.972677,0.119468465,30.4066,0.21160921,32.419617,0.17234571,-11.787857,-0.34415248,0.004069935,0.42964575,0.27310297,0.40535504,13.625811,0.024409013,30.67272,0.13562763,25.988146,0.18671705,501.83798,0.17248634,1304.251,0.119766995,-17.517216,-1.9586703,1671.2131,0.16544709,1221.7688,0.32398498,-50.377106,-0.54698634,2648.9553,0.064969346,625.3923,0.48298508,-33.37906,-0.9101742,-23.793205,-0.14178857,25.320564,0.16059531,0.094575696,0.08032271,-0.0055384943,-1.5491667,0.017747585,0.7836208,28.175163,0.113849,31.2522,0.1572438,33.160595,0.12606762,-12.200689,-0.28856322,-15.376037,24.240372,0.07235431,0.013210278,0.0048444844,0.5988024,0.15082957,6.41,0.0,0.19999999,0.0,-32.503906,0
22.89561,0.015075681,22.781246,22.96228,23.118639,0.3373928,9.199007,17.320618,3.310681,2.189886,0.15344429,0.7029199,0.05546215,0.09916646,0.27957344,0.22411129,0.48921257,0.11407772,0.41518986,0.22639579,0.015383516,0.86075115,18.973011,0.20356557,17.77321,0.40689108,51.501656,0.33144328,2.1987658,2.87296,0.006961015,0.57238984,0.6515067,0.602941,6.420885,0.0740401,-1.7773015,-1.3307259,16.275188,0.26548988,430.4256,0.3958433,1254.8855,0.1966751,-40.19434,-2.1398432,1686.2344,0.07134238,621.1914,0.38679442,-60.969986,-1.2146597,2579.8364,0.07287402,1048.8322,0.2215915,-50.105915,-1.5949625,-13.618802,-0.22832449,16.100805,0.17099443,0.04495019,0.30738026,-0.002757551,-2.9066992,0.019069955,0.6830674,19.225344,0.18213098,17.615095,0.20754096,57.148006,0.22994807,1.680907,3.55081,-14.104501,16.671465,0.062924445,0.010175586,0.0032629194,0.9756097,0.49261087,1.56,2.0864484,0.266,0.20587376,-40.116043,0
33.026928,0.08364543,32.14463,32.31828,32.484795,0.34016418,11.328176,10.833336,33.750374,20.4941,0.11852241,0.5434229,0.06303308,0.12447818,0.18278143,0.11974835,0.16886574,0.084606096,0.2956249,0.38582775,0.006223058,1.2180378,23.032875,0.36540452,19.345005,0.7490778,26.383657,0.5411048,-11.9275875,-0.36992803,0.0071806554,3.4050307,0.21353213,1.3434267,12.174207,0.022892661,34.16955,0.16727506,32.352108,0.23390366,723.63586,0.4371622,1544.8811,0.15868483,-54.77117,-1.425496,1853.1718,0.17530303,1218.3312,0.342372,-58.430725,-1.1347064,2958.0906,0.15964241,947.65454,0.36565655,-54.794296,-1.2418326,-25.166693,-0.14317594,29.221275,0.16554962,0.06638997,0.1436436,0.003077891,2.4766111,0.0073642307,1.0842067,26.774158,0.09200741,25.725859,0.19326462,32.54379,0.15545966,-11.99918,-0.37197828,0.24467807,6.304638,0.083817765,0.023218473,0.0011988273,0.777605,0.15698588,5.23,0.0,1.12,0.0,-38.39619,0
29.180305,0.009878754,29.045465,29.22104,29.35624,0.31077385,3.7397385,2.2437203,2.4866393,1.6316974,0.6534992,0.5385576,0.39281386,0.74035364,0.9261453,0.53333145,0.81705093,0.26117373,1.0476493,0.6882961,0.092187464,0.64194596,25.226028,0.37740391,-2.1323655,-1.3591181,44.358356,0.4287587,5.9244704,1.1199399,0.0025061488,0.8934482,0.3231365,1.2373363,10.253831,0.051707596,7.7434816,0.5176713,16.107695,0.38689342,490.86215,0.63112485,1152.8873,0.18293977,-33.06517,-2.5883527,1657.3274,0.13450442,652.72064,0.7469082,-49.092037,-1.4863392,2603.1746,0.110014334,1109.5391,0.22104962,-36.876846,-2.1411543,-11.434649,-0.21498248,12.906535,0.2682257,0.08533517,0.15852854,-0.019474242,-0.21274297,0.11378582,0.39369097,29.47971,0.120859265,-2.4177284,-1.1652935,53.007187,0.13090354,8.207016,0.56077623,-1.8252773,9.021557,0.076515324,0.023974232,0.0013669701,0.9538951,0.16051364,5.0499997,0.0,1.16,0.0,-21.751053,0
32.78235,0.007436645,32.592102,32.720943,32.985603,0.39350128,3.1065977,2.807079,1.8820904,1.1935683,0.18684842,0.54720396,0.0821568,0.18959738,0.2861572,0.20400038,0.34320363,0.1916945,-0.38929167,0.3910848,0.013713117,0.91177857,30.633814,0.18072493,20.245869,0.30730242,43.832947,0.25047293,-18.868061,-0.20454295,0.002385187,0.7512202,0.17905776,1.4546386,12.311989,0.053566094,18.60299,0.1446313,26.949402,0.17830773,772.49854,0.17579398,1465.1082,0.1177014,-36.562897,-1.2995785,1991.474,0.08790986,602.22534,0.5914425,-37.82288,-1.2288861,3053.9924,0.07808809,1052.7341,0.27179265,-29.468777,-1.6441927,-20.944542,-0.14106706,22.25529,0.18031551,0.080096655,0.13214207,-0.02236361,-0.2015654,0.014690781,0.8561668,32.01305,0.08698043,21.734213,0.11047816,46.74577,0.09864318,-19.103235,-0.1967786,-8.796076,13.741158,0.10510234,0.0019288887,0.0020524561,0.5217391,0.17574692,5.2599998,0.0,0.41,0.0,-32.965187,0
29.78854,0.013923994,29.367857,29.840347,30.162231,0.79437447,7.5663037,2.2719686,4.3063717,1.5548121,0.21042246,0.59975207,0.10494074,0.15507393,0.31381944,0.2088787,0.52382404,0.19052123,0.34095624,0.30806738,0.045459256,0.822982,17.039824,0.2347031,36.24477,0.13456553,52.643227,0.096659824,-1.5901365,-3.732638,0.01115828,0.655765,0.68936616,0.54034597,9.152641,0.12778759,27.327538,0.18101756,29.05057,0.1586998,633.42444,0.21978994,1509.9175,0.13935196,-30.897781,-0.2636393,1826.335,0.053650387,803.7949,0.4866979,-29.815302,-0.22799583,2992.5173,0.075441964,945.6179,0.4859046,-28.416761,-0.1815441,-17.47231,-0.18170418,21.539324,0.18197562,0.021844601,0.71633613,-0.0053970474,-0.86981255,0.04579286,0.83403504,17.023705,0.23592706,36.264896,0.13506334,52.572376,0.09635039,-1.468048,-3.9786282,0.0,0.0,0.0,0.0,0.0,0.34843206,0.17605634,5.67,0.0,0.0,0.0,-32.422745,0
32.456566,0.02073972,31.85116,32.600876,33.017822,1.1666622,8.843625,3.0695047,8.163004,4.1363525,0.14068335,0.67512137,0.053455893,0.1141681,0.24352579,0.1900699,0.5505091,0.23124942,0.35404179,0.16398872,0.01655251,0.90039647,30.77913,0.29879594,23.208878,0.4738768,38.853092,0.41375834,3.979075,1.5680676,0.003531708,0.8409844,0.37169233,1.1123499,11.984202,0.057097413,32.381844,0.22180477,33.211945,0.21578151,467.90707,0.35580552,1374.0896,0.08414386,-30.480083,-2.164472,1621.9446,0.13250388,1293.8917,0.26524627,-60.93268,-0.82176906,2546.5796,0.09168388,777.76483,0.30871242,-46.21463,-1.1991168,-27.961754,-0.16837357,30.46491,0.18936342,0.059484605,0.1873765,0.00063573854,10.067753,0.018662432,0.7873458,33.940323,0.095738314,26.983042,0.13202912,43.947674,0.17484015,5.619453,0.74870145,-1.0611084,8.458556,0.0906042,0.024073632,0.00079323666,2.113821,0.16420361,5.39,0.0,0.68,0.0,-33.708187,0
22.870262,0.02130083,22.487173,22.766752,23.165405,0.6782322,2.506972,0.8000449,3.1856124,2.6628375,0.20663476,0.6820555,0.095986605,0.12851226,0.36523324,0.26924664,0.43548766,0.104751684,0.15348178,0.0607135,0.028955441,1.2056489,20.863071,0.24013864,22.979464,0.51355267,41.579052,0.39629155,22.529041,0.5351707,0.0046598385,0.8429034,0.41383156,0.5894857,6.908765,0.07314719,-0.13157316,-17.175375,26.855474,0.1834514,542.97577,0.43619093,1513.3707,0.26556572,-26.15745,-2.4873095,1783.859,0.07096041,800.17926,0.47094664,-41.95833,-1.3681245,2698.9932,0.081402116,999.1199,0.3329545,-35.14518,-1.7013996,-20.754002,-0.17585897,23.865923,0.15932408,0.03361612,0.43377882,0.00042075355,20.051771,0.0326904,1.1255938,21.903143,0.18557273,26.987455,0.15590066,47.316654,0.1062135,26.499294,0.20384528,-2.719629,11.858909,0.08491069,0.017558737,0.0022586791,0.48939645,0.16474466,5.3599997,0.0,0.69,0.0,-29.843487,0
30.995832,0.009920093,30.834087,30.946795,31.130535,0.29644775,4.8599453,5.3046193,6.0740576,6.45691,0.3908533,0.5712641,0.083640456,0.43338588,0.5813001,0.49765962,1.6463342,1.3984063,0.7717465,0.9453742,0.054601282,0.7549425,17.32521,0.26116017,28.145636,0.67474544,33.015972,0.4607468,7.6574526,1.1228472,0.0027149331,0.7202732,0.25854734,0.7530284,11.093717,0.05529489,22.465641,0.17640558,28.975344,0.26497328,614.9822,0.27241623,1484.176,0.12611736,-65.208206,-1.2077001,1853.0023,0.06774742,823.3298,0.62446105,-70.388374,-1.0579507,2912.3833,0.098121524,1129.6385,0.2484711,-67.387596,-1.1298857,-19.568249,-0.22587208,20.895906,0.2907638,0.044421166,0.2229119,-0.019136945,-0.38606557,0.07051278,0.5035049,17.935776,0.1948442,38.66021,0.10340236,41.093742,0.13352136,9.259778,0.8511314,-3.1427512,10.665415,0.05720475,0.015312586,0.006710673,1.2278309,0.13755158,5.48,0.0,1.77,0.0,-25.550484,0
25.496332,0.005581019,25.391369,25.506063,25.60801,0.21664047,3.2129214,1.4855666,4.3882384,5.8299513,0.112174116,0.52712035,0.06038723,0.08854321,0.18377443,0.123387195,0.5007867,0.32204574,0.17695354,0.13480984,0.01056945,0.8684767,15.3074,0.13560314,38.034763,0.16294867,40.404064,0.14240843,-17.934425,-0.29879278,0.003129783,1.0966192,0.4282743,0.98927885,8.063611,0.08112813,-0.97938216,-2.087753,29.634624,0.12947373,663.7559,0.2931443,1562.1251,0.12291651,-26.800463,-2.0418987,1787.9937,0.15722552,1145.29,0.482539,-38.95219,-1.2708198,2864.0002,0.12433663,818.7783,0.25672424,-32.254467,-1.5952682,-16.88244,-0.14857057,19.152569,0.16151248,0.06583702,0.16765048,-0.0022801491,-2.2966995,0.011456613,0.81051767,15.488858,0.121034265,38.91263,0.118937686,41.034588,0.09781338,-18.396303,-0.28371498,-14.243226,18.406363,0.07031241,0.006128385,0.0027684888,0.8333333,1.1784512,0.7585714,1.1136994,0.07,0.024494898,-41.85907,0
31.81368,0.029814374,31.629086,31.86812,32.183968,0.55488205,51.128548,113.637405,74.866714,124.32156,0.15083683,0.8068696,0.08099821,0.10383814,0.20007741,0.1190792,0.73361397,0.60302466,0.50879467,0.41318768,0.015321118,1.4113159,40.107166,0.16383758,2.2706242,2.4099128,9.645127,0.644593,-29.486435,-0.35204905,0.006499481,2.889253,0.4370124,0.59089535,10.413885,0.14838691,0.92165387,5.0001774,21.43875,0.22687535,614.0905,0.32802933,1354.913,0.1373793,-23.330442,-2.279505,1656.6382,0.24960868,947.63916,0.2359621,-30.419283,-1.6303978,2839.3992,0.12670204,900.09485,0.43536237,-41.47126,-1.1083125,-11.971465,-0.39481595,24.720581,0.17182875,0.066580564,0.14750375,-0.03340544,-0.26693767,0.016128499,1.3557401,41.6994,0.075700164,1.656463,3.1247182,9.581656,0.64717764,-31.371689,-0.24851705,-13.738844,23.081852,0.049866196,0.0017827523,0.006275417,0.38932148,0.11154489,8.26,8.0,0.45333332,0.3392475,-39.388206,0
26.654697,0.0890863,26.302803,26.572031,26.912752,0.6099491,42.24833,0.0,4.8610573,0.46500584,0.29108927,0.90863883,0.13193318,0.17743254,0.51031876,0.37838557,1.7357255,1.0094831,0.68760824,0.3891812,0.055954244,1.0608053,28.506807,0.21624771,13.004624,0.5888911,-12.631667,-0.6331139,-54.447517,-0.34044412,0.013295546,1.2164801,1.0427774,0.6807164,5.937449,0.55924815,-2.1128638,-1.7938265,19.798124,0.19272386,869.57684,0.1350891,1126.8495,0.13524048,-20.256874,-3.885216,1973.9124,0.1068272,1355.2133,0.26783878,-48.120396,-1.3604925,2926.6433,0.047179487,635.2547,0.49244028,-41.019325,-1.6680115,-17.4659,-0.19951434,25.29645,0.16325119,0.100924246,0.09093436,-0.0600984,-0.24342225,0.06372013,0.9667355,30.256842,0.093081206,15.444519,0.28142312,-14.046274,-0.5420164,-60.22051,-0.20406404,-9.748067,16.813631,0.08733366,-0.009858294,0.016043447,0.47393364,0.47619048,1.76,3.410079,0.265,0.19636276,-29.616776,0
32.284187,0.030415379,31.80015,32.152798,32.480694,0.6805439,6.570539,3.006935,1.4426861,1.2085716,0.19882159,0.5869121,0.0894246,0.17462139,0.2960947,0.20667008,0.982957,0.62211585,0.39346874,0.3050353,0.016854873,1.0865835,44.611404,0.14382325,13.998164,0.3001968,-11.753533,-0.38505,-37.31611,-0.15863009,0.0030924208,0.996318,0.26380298,0.55896294,11.828239,0.049636304,-10.184144,-0.32363975,36.639313,0.1156503,690.2077,0.28401226,1542.479,0.11346499,-6.530908,-4.708014,1786.9703,0.17610922,1376.1388,0.18486552,-28.66134,-0.94007736,2952.9475,0.08827276,1196.5294,0.20149429,-36.24149,-0.6851126,-24.731155,-0.16916619,43.6169,0.08937682,0.10308861,0.101394914,-0.04751577,-0.20798486,0.01718621,1.0740705,45.52781,0.06549099,14.418625,0.23244447,-12.014747,-0.34135675,-37.838505,-0.12160749,-5.9823837,15.079039,0.09356835,0.010456359,0.005287158,0.89786756,0.11286682,8.65,0.0,0.089999996,0.049999997,-33.172523,0
36.123955,0.005829407,36.01219,36.11859,36.255074,0.24288177,-0.3864179,0.6314244,0.8453136,0.6942806,0.49150035,0.37250182,0.43901694,0.5136573,0.6344074,0.19539046,0.44608468,0.2597143,0.15484214,0.08263564,0.11046373,0.40119824,32.213432,0.43758845,10.344019,0.40778664,-2.3626025,-1.4904791,-17.427505,-0.5718572,0.013458367,0.5609317,1.0600435,0.36667487,9.503265,0.17569761,1.0310265,4.644994,34.643917,0.17974053,804.61426,0.08947799,1358.4905,0.0988186,-30.421041,-2.0317154,1839.7692,0.060759235,1235.823,0.13622525,-49.79578,-1.0877951,2941.328,0.044797536,848.4225,0.2621085,-56.339943,-0.9196669,-21.182312,-0.14640234,31.020704,0.12483479,0.059723113,0.26409918,-0.025132347,-0.2834281,0.122544326,0.21651879,36.901543,0.10036156,11.52368,0.21337032,-2.660081,-1.11668,-20.195532,-0.32413206,2.349677,4.617532,0.058316678,0.03596307,0.019629948,0.3992016,0.10030091,8.82,0.0,0.56,0.39,-26.705952,0
37.00079,0.041427873,36.959076,37.036427,37.142254,0.18317795,35.00356,33.19371,5.3699265,10.916587,0.28546014,0.6110563,0.13627382,0.22288728,0.4541633,0.3178895,0.90523636,0.677869,0.33551824,0.29709995,0.024145886,1.4325136,35.06638,0.22454551,-13.809549,-0.32832947,-26.417389,-0.35286865,-39.431915,-0.23786582,0.0042242524,3.959908,0.22379632,1.0481312,13.061696,0.15614957,9.476637,0.49589944,28.18983,0.27828106,990.8817,0.07468177,1083.7766,0.1351802,0.27324188,177.44989,1938.6138,0.061332893,1419.9434,0.1524271,-30.920448,-1.3227229,3039.9058,0.040673327,1009.8788,0.20852965,-30.21,-1.3665841,5.01505,0.74530655,33.649857,0.1878917,0.11975771,0.09827409,0.0014646997,4.9537134,0.025349285,1.3916721,36.676422,0.09180407,-14.2852335,-0.25010872,-27.788534,-0.2644641,-40.893597,-0.17353666,0.3657215,9.005439,0.10008759,0.01529947,0.0051478785,0.39177278,0.098425195,9.599999,0.0,0.265,0.035,-32.711464,0
31.119831,0.31098482,25.562292,25.696663,42.595146,17.032854,106.8808,89.2827,86.65989,94.31679,0.21439491,0.8262482,0.089905575,0.1127707,0.43465018,0.34474462,1.0575435,0.58860546,-0.41100875,0.7789092,0.030657064,1.2519102,38.429947,0.19209568,16.92409,0.3725299,0.5480245,8.726928,-30.58781,-0.1950483,0.016670914,1.9032223,0.8348441,1.1815265,8.680583,0.19523956,4.1531353,3.6759512,26.424238,0.40768623,789.076,0.20188254,1615.4178,0.1266929,-21.240343,-2.5674198,1934.3645,0.11688668,1363.0726,0.17684463,-40.492294,-1.1733719,3021.8796,0.07048762,1126.228,0.24061161,-39.48003,-1.1911427,-29.50299,-0.12962669,41.228794,0.11621986,0.1121488,0.0574175,-0.03834522,-0.21280748,0.032619447,1.1988004,40.33207,0.053606823,18.423914,0.13491918,0.63178664,7.624476,-31.789783,-0.11798449,-9.033264,17.78816,0.10512951,0.0058575193,0.006653221,0.36310822,0.1457726,6.3599997,3.46,0.47,0.17,-27.81549,0
34.190117,0.020466084,34.090023,34.279236,34.408394,0.31837082,174.85597,56.808144,17.92587,18.792583,0.49837172,0.72736967,0.23376642,0.3202152,0.85502976,0.6212633,0.5662882,0.22024044,0.23464894,0.101569705,0.0443904,1.0092486,38.311962,0.17441276,11.538104,0.3130226,-21.618973,-0.53919035,-41.74579,-0.31535003,0.0039684447,3.4944243,0.30617222,0.810096,12.670906,0.09293846,-11.833116,-0.20793486,32.18038,0.24647754,761.5893,0.3152842,1347.2073,0.15580837,-17.778809,-3.5664353,1924.2059,0.21166734,1122.0085,0.21746176,-34.761562,-1.578393,3118.0938,0.12046713,1096.5303,0.28748345,-42.412437,-1.2190022,-18.668213,-0.226334,40.709827,0.18093252,0.081144,0.13354988,-0.05786875,-0.08022704,0.048961435,0.91993684,40.302383,0.07516389,11.740703,0.2984253,-24.53824,-0.30102232,-45.606285,-0.13749604,-12.393751,21.727585,0.05747175,0.0021857417,0.003834255,0.24449879,0.08210181,11.01,0.0,0.57,0.28,-20.470753,0
31.825418,0.011264167,31.76001,31.864586,31.977198,0.21718788,2.3998756,2.376691,1.0806264,1.6715995,0.4734943,0.7067524,0.26393053,0.33194235,0.7427361,0.47880557,0.62972504,0.37734658,0.19825722,0.12359707,0.053839084,1.4307872,39.02927,0.22003767,8.300667,0.9335179,-1.519488,-4.8796916,-51.88226,-0.28094277,0.002175227,1.0466053,0.25826353,0.94213974,11.634425,0.07034891,-4.3172855,-0.6258353,28.674551,0.19620581,794.36444,0.176336,1202.8013,0.14547333,-14.58545,-4.148024,1948.3604,0.13538244,1121.5865,0.32940298,-34.10415,-1.5439205,2919.5283,0.07775293,898.293,0.36099362,-36.68811,-1.406824,-19.74397,-0.16542315,30.08751,0.172457,0.099612996,0.09079676,-0.06676896,-0.1276048,0.05878804,1.3471892,41.465904,0.086213335,10.070301,0.48364457,-1.6563367,-4.440487,-55.843937,-0.14026913,-4.6015368,12.862681,0.10304805,0.011202397,0.005154126,0.1384083,0.06944445,13.099999,0.0,0.635,0.53499997,-24.846794,0
29.953684,0.13566162,31.20985,31.442947,31.716125,0.5062752,158.15526,169.86879,3.700852,1.0796809,0.4183496,0.39946133,0.39851606,0.4368503,0.48401898,0.08550292,0.2787507,0.16328211,2.2093592,2.1262841,0.12339037,0.69526464,28.170017,0.4385907,12.119038,0.36218452,-6.7409554,-0.68884706,-4.405809,-1.3412701,0.016641544,2.03191,1.1170582,0.42508072,6.284018,0.28347728,2.6474097,1.0228076,30.315392,0.12727202,854.22815,0.07253858,1298.2521,0.096638225,-30.365772,-2.2274137,1844.5269,0.05560912,1229.0164,0.14374916,-47.174606,-1.2991532,2934.4275,0.04227525,874.6928,0.27485996,-54.706795,-1.0657696,-16.161005,-0.112133436,32.120373,0.07327415,0.04175644,0.21571624,-0.022206837,-0.27320856,0.13631083,0.476999,32.399273,0.09740664,13.288947,0.16123892,-7.691072,-0.514879,-5.5827994,-0.91774017,-0.83131504,9.230718,0.048112404,0.027879799,0.04389543,0.18148822,0.09115771,9.49,0.0,0.72499996,0.24499999,-29.4721,0
35.261925,0.10539886,36.20368,36.54172,36.908203,0.704525,13.725137,9.281335,2.6946034,2.3469505,0.27261955,0.4895011,0.16436902,0.23549867,0.3950088,0.23063979,0.910566,0.50292635,0.33349895,0.2733679,0.025504805,0.86632264,36.9256,0.23820372,4.848165,0.8564912,-5.2258334,-1.621913,-48.159176,-0.31116343,0.015426695,1.59395,0.37521455,1.1812309,11.909275,0.2362992,8.189805,0.47551623,35.240135,0.18678541,807.76227,0.22347155,1410.8539,0.1408297,-20.522192,-2.7481973,1930.3951,0.15932867,1391.8188,0.31822473,-33.99584,-1.423827,3029.6313,0.09375359,1137.9415,0.41287857,-36.304947,-1.3011348,-20.290264,-0.22579536,30.393547,0.25617316,0.121758915,0.08131484,-0.03548388,-0.32781026,0.026965393,0.82328427,39.208817,0.09770262,5.401431,0.6627625,-6.0501533,-1.3024601,-50.954273,-0.22274125,-2.420976,8.457074,0.09362344,0.016661506,0.00803359,1.1293634,0.10319918,8.97,0.0,0.345,0.055,-32.311184,0
31.192657,0.042134937,31.190407,31.363276,31.589975,0.39956856,132.44687,80.16588,21.082212,28.009785,0.11249679,0.7353619,0.053486146,0.06607079,0.20458928,0.15110314,0.5295517,0.36341605,0.3038474,0.20832871,0.032171715,1.2812129,37.97443,0.21867524,20.166048,0.30206338,-9.162937,-0.53363776,-37.805775,-0.34367177,0.066925235,0.65805835,1.8971751,0.43201017,0.3830393,7.6882825,-1.7990185,-2.1141531,36.12446,0.14992975,608.7916,0.2411581,1460.4437,0.10020981,-119.87201,-0.786948,1628.909,0.17456532,1288.9048,0.15635742,-127.66474,-0.6506145,2846.7102,0.08090404,1168.958,0.28312457,-131.94548,-0.5924163,-18.000929,-0.17121425,31.288969,0.11339838,0.091642,0.12460517,-0.056555234,-0.17791049,0.05565579,0.7600727,41.75571,0.094446346,23.100735,0.122535884,-10.171612,-0.3621437,-46.339985,-0.19963855,-14.0131035,29.112272,0.091783665,-0.02999338,0.015087309,0.55401665,1.3914657,0.29333332,0.34780583,0.40133333,0.9629875,-42.502277,0
24.483116,0.03823619,23.94384,24.674656,25.155914,1.2120743,9.700745,4.7821565,7.9587526,7.6848245,0.20040883,0.83569026,0.099097334,0.122024655,0.322896,0.22379866,0.94704574,0.51644224,0.37205765,0.29316762,0.03588954,1.2833543,40.593956,0.1647057,17.499016,0.23170257,-0.86206484,-5.619843,-31.842812,-0.3009836,0.006273234,1.4064013,0.46770978,0.59366363,7.41043,0.17717285,-5.614889,-0.37726673,33.006073,0.13690655,719.4473,0.2730633,1356.7141,0.1561813,-5.7493424,-9.406533,1901.2365,0.19074467,1033.6083,0.2771655,-24.491753,-1.9801514,3080.2275,0.10454395,1129.8634,0.37270737,-31.707191,-1.4505271,-21.58832,-0.21540333,35.12137,0.13174747,0.09234024,0.1500805,-0.0408157,-0.25217667,0.03844245,1.2190747,42.06391,0.09218677,18.117867,0.17829153,-1.7546872,-1.8543253,-33.707607,-0.20278859,-12.568815,21.888811,0.05812068,0.0045941356,0.003042713,0.34989503,0.07022472,13.25,0.0,0.48,0.14,-31.254456,0
35.95273,0.029965956,35.787197,35.98317,36.20407,0.41687393,114.55261,11.004748,1.5883698,0.32599956,0.1290912,0.77432805,0.06823537,0.08617572,0.18994819,0.12171282,0.563455,0.35280243,0.43719554,0.34836465,0.012163589,1.2364198,41.910328,0.19178918,14.179156,0.36992684,-5.683518,-1.12557,-31.68234,-0.27508828,0.0062821386,2.2367005,0.42198077,0.7186568,12.603944,0.1287178,13.638438,0.2665096,43.036102,0.16611645,691.04205,0.25509188,1448.5248,0.13280521,-23.30665,-2.235145,1762.5219,0.1697523,1362.1017,0.26124823,-40.716267,-1.0320499,2914.353,0.082405984,1168.8286,0.3395343,-49.6755,-0.78416306,-18.987537,-0.287088,38.76146,0.15910718,0.106704995,0.09331387,-0.02092696,-0.51912856,0.012660866,1.2174683,43.69709,0.08171988,14.811646,0.30981764,-6.753995,-0.70569843,-33.440998,-0.1612189,-9.090256,17.158722,0.06669165,0.011854506,0.00472583,0.5457853,0.121654496,7.7,7.6099997,0.32999998,0.30232432,-37.03636,0
25.752188,0.20019627,22.626804,22.818909,34.810165,12.183361,105.85756,82.02263,79.07475,84.74875,0.12864117,0.8829984,0.05109693,0.071600586,0.24425848,0.19316155,0.80543876,0.37163937,0.30506548,0.18501046,0.01376247,1.1993102,38.110603,0.17747219,18.340378,0.3594501,3.5817432,2.0216498,-26.522429,-0.5088667,0.019645358,2.2960174,1.0129118,0.9407873,6.6459327,0.106939085,-0.5816814,-10.606196,32.300148,0.2986279,825.5497,0.10032492,1191.547,0.16207731,-47.42544,-1.7963231,2047.5936,0.077007174,934.3157,0.26339898,-66.68709,-1.11033,3065.1125,0.055434756,1008.8892,0.293197,-66.96015,-1.1046524,-30.180595,-0.13043118,37.901123,0.15400024,0.091485485,0.13961679,-0.04456264,-0.38694385,0.016947906,1.0521022,40.505558,0.09443624,19.681288,0.15901643,4.0825925,1.8670567,-30.994331,-0.396621,-21.245228,29.70879,0.0867995,-0.014884456,0.0039952327,0.6902502,0.95320624,0.78272724,1.6362655,0.22166665,0.30353016,-37.12898,0
32.252872,0.013811851,32.1033,32.265873,32.400597,0.29729843,10.392453,0.0,0.49922246,0.0,0.1400353,0.9296223,0.07572415,0.08684817,0.15865552,0.08293138,0.96495986,1.1145954,0.44036424,0.38897616,0.009469984,1.9650111,38.877693,0.17370227,10.320752,0.5779375,-11.357111,-0.5140111,-45.76158,-0.23177859,0.006232242,1.4562624,0.30569398,1.1021713,11.411122,0.11255221,8.147183,0.83477795,39.5038,0.12374122,875.5646,0.13656533,1233.155,0.1845152,-7.7072577,-6.2021303,1964.3401,0.114602916,1400.1982,0.24196166,-34.628876,-1.1725439,3033.3267,0.06749041,980.2146,0.30334726,-36.621613,-1.086765,-17.533604,-0.20580682,34.7755,0.13875964,0.10725281,0.09402247,-0.03704974,-0.22787294,0.009705799,1.9733541,40.27712,0.08742391,11.527264,0.23557664,-11.5131645,-0.50560904,-47.60322,-0.13708353,-3.315391,14.2569685,0.08497839,0.014381323,0.005923941,0.32154343,0.08054773,11.715,11.285,0.66999996,0.41,-38.14874,0
29.676088,0.00843173,29.510649,29.68048,29.859098,0.3484497,4.827429,2.5259156,4.6754217,2.1960418,0.5585155,0.67153823,0.2882197,0.4034481,0.9193194,0.6310997,1.4551686,0.14175266,0.13354833,0.0,0.08108129,1.0897328,44.612137,0.2942094,-6.8762984,-0.8831765,-6.258957,-1.4478328,-35.237175,-0.30309513,0.004197091,0.6477808,0.2703696,0.95676744,10.34252,0.08621012,-8.9068365,-0.3094572,23.869444,0.2630336,811.1999,0.19251785,1120.8569,0.15608576,-14.057632,-4.818851,1929.3004,0.12454279,931.43427,0.21791321,-31.914856,-1.876525,2947.4863,0.07581355,826.50507,0.30207926,-38.716923,-1.4840096,-19.676071,-0.11194323,29.297039,0.20922975,0.10572661,0.09404423,-0.058664147,-0.14020196,0.09119743,0.97696084,49.074036,0.07560003,-7.594038,-0.791635,-7.351632,-1.1665951,-38.338715,-0.14421785,-4.480742,11.846606,0.08267107,0.015354232,0.0029613646,0.06958942,0.06988121,12.69,0.0,0.79499996,0.415,-22.36471,0
32.10096,0.008160999,31.951054,32.104225,32.240936,0.28988266,4.448017,3.8876712,1.7887183,1.5020523,0.1933501,0.73163867,0.09339281,0.11540448,0.37430805,0.28091523,0.39539424,0.18872294,-0.3863674,0.48876116,0.010986644,1.2736884,43.849747,0.19765714,17.579588,0.27284926,-11.197878,-0.52155554,-45.67204,-0.22653711,0.0019850086,0.75254613,0.1469408,0.9954099,11.968477,0.049079984,-10.20012,-0.18400863,35.92254,0.13921498,842.5304,0.10471477,1246.4412,0.135154,-11.4484625,-4.7854366,1976.1643,0.07974021,1295.0392,0.23750633,-49.36709,-0.8741228,3015.6396,0.042683374,918.35376,0.2314794,-42.27862,-1.0693822,-29.432835,-0.1088723,44.623043,0.10068549,0.106497236,0.07213085,-0.06250958,-0.12647925,0.011654961,1.2265829,46.162563,0.046986636,18.652464,0.11733064,-12.273651,-0.36500636,-48.247314,-0.103275456,-10.502221,18.331175,0.089151576,0.0033727498,0.0031054977,0.37678978,0.15128593,6.1,5.8399997,0.32333332,0.18208668,-32.56377,0
29.08665,0.010567239,28.865463,29.072084,29.323864,0.45840073,5.6970115,2.7437577,3.7523212,3.1355846,0.13284642,0.77261895,0.07302219,0.09141465,0.15840763,0.08538544,0.7699224,0.57546484,0.5298249,0.48538166,0.019493641,1.6600649,38.74741,0.12270095,28.496933,0.19016661,1.3517962,3.483929,-28.734581,-0.28033024,0.0038773932,0.9682448,0.46823964,0.81023985,9.768345,0.14612085,-1.2490522,-2.405085,39.25998,0.14896427,775.07654,0.14454414,1294.5244,0.13712509,-8.585881,-3.4982378,1920.4923,0.10104208,1165.4216,0.19365896,-33.721363,-0.7820233,2976.0107,0.053224888,765.2542,0.3189774,-35.763325,-0.7198846,-29.992163,-0.13743651,36.31466,0.13688543,0.10274404,0.14660582,-0.04541517,-0.19116883,0.019952463,1.6386644,39.3055,0.07063597,28.951286,0.14275114,1.2810107,3.6758506,-29.130116,-0.26769155,-15.770248,23.393251,0.10453774,-0.0069623617,0.0031359908,0.38784745,0.064850844,15.0199995,0.0,0.17,0.11,-38.52395,0
31.588125,0.03528193,30.938744,31.311369,31.736578,0.7978344,7.3164825,4.368926,4.882367,5.9103484,0.14540362,0.6556625,0.05819996,0.10371405,0.25844523,0.20024528,0.9343179,0.6942075,0.24071673,0.18621539,0.014355017,0.9141512,43.648346,0.19968808,15.627934,0.55218625,-0.9034822,-6.9942307,-20.65848,-0.45123672,0.004658443,1.5285355,0.45133984,1.2226727,10.912142,0.2112347,8.730352,0.49550816,43.81797,0.15331902,766.9422,0.24770729,1488.1632,0.20237167,-22.391966,-2.203215,1856.0358,0.17581609,1315.6548,0.2637871,-42.444904,-1.0243268,3030.8252,0.08546693,1126.3274,0.36187616,-50.128147,-0.8093909,-21.252653,-0.23279394,39.869465,0.1674117,0.086776786,0.13355981,-0.024224177,-0.667553,0.01477232,0.8364844,45.36911,0.12676127,16.817442,0.44485453,-0.92102706,-6.8918514,-21.682722,-0.3916021,-7.8307214,20.214891,0.08471267,0.0145175895,0.002935837,1.52207,0.7680492,1.198,1.6196716,0.1025,0.06905613,-37.99172,0
22.962032,0.088095926,22.612425,23.117018,23.523605,0.9111805,36.08844,40.96328,28.033976,32.71649,0.30587766,0.68036336,0.0690186,0.31310356,0.5063093,0.43729067,1.5110012,1.1026703,0.5768749,0.42962605,0.110238776,1.1937137,38.294735,0.34532675,22.0115,0.68572843,12.30006,0.67448926,-13.659617,-0.51699907,0.012341973,2.1276896,0.6903296,1.0996864,6.175206,0.3416814,-4.9725213,-0.591224,36.967945,0.1936196,656.7026,0.29379457,1517.8699,0.1544238,-34.877304,-2.2781847,1877.4886,0.09672629,1379.4751,0.17256144,-61.510406,-1.0773236,2933.3142,0.0641605,1187.4333,0.22579375,-58.391342,-1.1573303,-37.189835,-0.087059915,44.86643,0.098097205,0.08659046,0.25546348,-0.031881236,-0.29597056,0.12693302,1.0048102,43.850544,0.07878725,27.979095,0.20756385,14.7649145,0.4595891,-15.089084,-0.40872404,-6.6330953,14.220978,0.09255578,0.016716225,0.040952977,0.90556276,0.5208334,1.5525,1.38709,0.3425,0.30994958,-23.193914,0
40.834393,0.09390232,42.204323,42.311996,42.416996,0.21267319,174.11852,132.30739,20.200607,18.61432,1.0400333,0.45841768,0.67022514,0.86567974,1.5305803,0.86035514,2.8841784,1.442062,1.364279,0.9143007,0.17096195,0.87472373,33.685253,0.14804676,12.847359,0.35712376,-25.27491,-0.33932832,-63.617523,-0.1979435,0.029616063,0.8703669,1.7295833,0.46807948,8.21046,0.21335243,-0.5783875,-5.9406238,39.291584,0.2264694,808.46765,0.22726835,1175.6156,0.13455002,0.5321946,88.38804,1932.5209,0.14657325,1207.8615,0.17313296,-36.954628,-0.9882607,3032.8264,0.08099558,988.54895,0.25261945,-35.945553,-0.96865964,-14.383044,-0.18734239,31.966562,0.18519194,0.0708205,0.103350416,-0.06132367,-0.18780506,0.17904827,0.82913053,34.31829,0.11886746,13.312455,0.31085622,-26.536148,-0.24112774,-66.000145,-0.089618385,-9.855899,19.84488,0.050689835,5.5464425e-05,0.0047199223,1.0463378,0.15003751,6.37,6.33,0.17999999,0.139523,-16.125603,0
25.080564,0.010147621,24.88692,25.076462,25.24762,0.3606987,8.461692,12.094966,4.433678,3.2892475,0.08886871,0.8157408,0.06096109,0.06662594,0.075753585,0.0147924945,0.3467009,0.15889436,0.18289898,0.09703644,0.008048449,1.6808544,33.228745,0.13898556,22.62637,0.2366989,-19.452637,-0.26559785,-52.03884,-0.17761452,0.0030946448,1.2481217,0.40975583,0.5500802,7.949366,0.07138488,-5.7738347,-0.49453253,28.545277,0.1530486,814.70026,0.19395673,1235.3633,0.14029013,-77.82201,-1.2938297,1982.089,0.13366947,1236.114,0.18673064,-97.43759,-0.8576489,3074.116,0.07750695,1144.4299,0.21043408,-97.12656,-0.8615816,-24.684792,-0.108927466,31.818914,0.12985012,0.10839642,0.08029079,-0.054050557,-0.19960563,0.011339462,1.4943023,34.95121,0.08532837,23.38956,0.1323504,-20.628523,-0.21096946,-55.99457,-0.1028062,-21.492065,27.852179,0.1057846,-0.04076034,0.0035451024,0.18368846,2.5395658,0.2168116,0.5424728,0.14561643,0.46535882,-43.50843,0
32.087257,0.013828485,31.846619,32.058685,32.333828,0.48720932,5.7526608,3.834793,5.8455415,4.3178377,0.23504287,0.6705756,0.12489772,0.18748564,0.37774736,0.25284964,1.2889508,0.92416185,0.5496765,0.5640548,0.029954014,0.986317,39.61156,0.25412574,0.31740296,21.203852,11.211036,0.7242312,-29.310843,-0.48166546,0.005599751,0.8320101,0.4839946,0.55151737,10.745227,0.08252261,-8.419904,-0.65162444,13.167261,0.33588704,494.26953,0.2843848,1401.7106,0.114099555,-43.49906,-1.6228154,1400.7172,0.20064154,989.21106,0.19925554,-41.71354,-1.645319,2647.615,0.09693244,657.0049,0.2946908,-53.799664,-1.1781265,-10.863041,-0.41325194,24.322811,0.24326596,0.05553577,0.19008115,-0.041339103,-0.252765,0.03431517,0.8634826,43.642952,0.078774564,-0.18388796,-33.466454,11.4589405,0.7282925,-34.460716,-0.21101944,-8.159055,18.790781,0.04837884,0.012879978,0.0066479202,1.5625,0.14326647,5.8799996,0.0,1.0799999,0.0,-35.44953,0
26.344727,0.010816744,26.090048,26.327019,26.565424,0.47537613,5.2632313,4.0036435,4.123495,1.9222778,0.4067422,0.5840549,0.19101585,0.3466949,0.6258421,0.43482625,1.5981134,0.76627266,0.49267745,0.24418621,0.09318379,0.7465104,31.970362,0.2031429,15.54806,0.44624466,-20.266464,-0.35700834,-60.190044,-0.2322392,0.010018888,0.6532048,0.87863225,0.52588946,6.9955006,0.18528166,-0.698741,-3.7592998,23.88417,0.21241073,869.13556,0.14257728,1198.1199,0.25788534,9.490937,4.2975464,1922.4875,0.1243111,1392.4686,0.24783014,-26.350527,-1.2934711,2978.936,0.04935176,710.9362,0.44291568,-21.164553,-1.6364615,-15.774088,-0.14919074,30.071354,0.18688418,0.09909691,0.074686125,-0.06732564,-0.15863262,0.097406484,0.70261514,32.86606,0.14456564,16.548044,0.2943883,-20.948517,-0.31272793,-62.27957,-0.15829335,-0.07195279,7.2464595,0.08166404,0.021720655,0.0010233206,1.0676156,0.17985612,5.35,0.0,0.19,0.0,-28.93782,0
32.608715,0.008736337,32.46518,32.587677,32.772675,0.30749512,4.314174,5.836071,1.7075986,2.0192971,0.17354025,0.6157418,0.06795754,0.17109954,0.2916314,0.22367385,0.57701534,0.2760431,0.34435758,0.36075953,0.013123966,1.1673285,47.055008,0.16922358,15.928675,0.2578431,-11.981808,-0.5300985,-37.35654,-0.18534997,0.0036382824,0.9886571,0.34047407,1.3041764,11.967593,0.07183016,-8.864463,-0.23260607,36.98082,0.1375248,625.3201,0.30860427,1496.85,0.112348504,-15.243077,-3.3519475,1688.2312,0.22424665,1308.536,0.14141762,-34.676086,-1.2898325,2894.9736,0.1050095,1189.3483,0.20399375,-47.78653,-0.8486684,-20.44615,-0.14065668,42.724415,0.10521503,0.09272826,0.10223598,-0.056770366,-0.14622734,0.014148621,1.1120814,48.609867,0.07204866,16.26989,0.14868884,-12.921934,-0.43845767,-38.56176,-0.12027133,-12.353245,24.757544,0.093528345,-0.0139389215,0.0010078613,1.0380623,0.17482518,5.33,0.0,0.17999999,0.01,-36.324112,0
36.27598,0.011931441,36.15823,36.323116,36.517178,0.35894775,3.8291523,2.8397515,1.0684822,0.7673531,0.6098755,0.6876907,0.45555365,0.5292461,0.82541704,0.3698634,3.8240912,2.8271074,2.8767903,2.1094792,0.24758066,1.310119,32.239685,0.5451514,10.022341,0.63194484,-8.464966,-0.81202304,-13.727465,-0.72135967,0.011066316,0.54189557,0.9649654,0.3356046,9.743021,0.13794859,4.3519435,1.2262427,37.875748,0.19187063,771.6816,0.24350838,1461.5353,0.16473866,-41.484016,-1.712249,1784.2125,0.15181439,1450.5948,0.2326177,-54.526928,-1.1239424,2914.4167,0.08007896,1108.0863,0.26336607,-63.63406,-0.8920538,-17.187916,-0.36536825,35.229645,0.17373222,0.06403282,0.17760956,-0.02276062,-0.6645921,0.29067335,1.1508553,39.205067,0.13125631,11.813002,0.42695343,-9.439868,-0.7376097,-16.20404,-0.52937716,5.4891577,0.6750768,0.06491966,0.041749883,0.002290007,1.0014306,0.14430015,5.91,0.0,1.0,0.0,-18.613977,0
36.612465,0.0062491847,36.539425,36.599365,36.684097,0.1446724,4.053318,1.6543744,3.5593255,3.9956656,0.26415494,0.52829033,0.1164895,0.32451886,0.38484162,0.26835212,0.5364194,0.15054435,-0.0825995,0.43427035,0.020186834,1.4234035,37.98943,0.29784486,-5.347764,-0.64093596,-26.931383,-0.41344807,-31.475237,-0.28563884,0.0020067694,2.3222399,0.16683713,0.9148413,13.544998,0.07490147,12.010208,0.39388624,36.93486,0.1337106,982.4359,0.12372745,1079.1089,0.19846524,-10.666578,-6.1867504,2016.8025,0.09243926,1333.906,0.19522718,-44.4123,-1.2000004,3162.129,0.05120935,1085.8064,0.23256433,-45.42218,-1.1581783,2.6686294,1.333865,39.751648,0.10770185,0.12261251,0.09087003,0.0006052016,13.75546,0.022572324,1.3418939,41.81126,0.06996013,-5.78495,-0.5441826,-30.318354,-0.16317286,-33.788532,-0.17916091,-2.6797147,10.097264,0.09935968,0.02274979,0.0010738104,0.9538951,0.16051364,5.58,0.0,0.63,0.0,-33.92755,0
36.36674,0.3340024,25.650084,26.039137,49.691654,24.04157,192.58534,108.5597,56.258213,23.752584,0.32661492,0.5079131,0.13398208,0.36795765,0.4736761,0.33969402,0.7193317,0.44968754,0.20759319,0.25519472,0.055177234,0.7356019,38.593,0.26340178,19.641901,0.4083458,-0.7421827,-5.7114835,-29.054674,-0.24408269,0.03552165,1.2437214,1.0658958,0.86361164,8.980208,0.19600232,5.149842,3.5466702,23.772038,0.6101767,817.9002,0.20737533,1736.9725,0.14014982,-36.649277,-1.743873,1969.0391,0.088657245,1470.7286,0.14620213,-58.205627,-0.85317594,3090.2427,0.05679522,1251.6525,0.22182098,-54.390408,-0.92703366,-34.515972,-0.13574542,48.13594,0.12764664,0.11248461,0.07029781,-0.043872338,-0.21249294,0.060428426,0.64284277,41.777615,0.0647226,21.97985,0.14637657,-0.9323022,-4.6146383,-31.169819,-0.09144752,-5.8966937,14.332137,0.09781334,0.015344282,0.010403186,1.0542169,0.152207,5.97,0.0,0.58,0.0,-24.586672,0
34.04397,0.0054063094,33.912903,34.026752,34.15783,0.24492645,1.2653784,0.64725524,0.21668412,0.49651822,0.5115621,0.49134192,0.24645677,0.51682603,0.70706975,0.46061298,0.78230166,0.49860936,0.15457235,0.0,0.046249524,0.95117855,42.511887,0.18363151,11.402401,0.39464855,-22.983925,-0.44810423,-43.60427,-0.2560147,0.0017597179,0.8096433,0.3049093,0.7069712,12.794847,0.05821973,-11.012444,-0.19117437,36.736675,0.13744575,769.1684,0.24162331,1356.0961,0.10841743,-11.937524,-4.4189568,1962.2007,0.15558562,1161.8812,0.1206638,-33.53267,-1.3260914,3162.2263,0.08474064,1204.8804,0.20033455,-42.708775,-0.9710172,-17.784996,-0.13530186,44.396755,0.12700447,0.07514855,0.10178669,-0.053542223,-0.1238588,0.04915743,0.89750636,44.357113,0.07903237,11.812123,0.33402207,-25.042803,-0.22323647,-45.989136,-0.13489842,-7.539631,15.556056,0.059025496,0.003005362,0.007845913,0.1552795,0.15649453,5.97,0.0,0.39999998,0.0,-22.5263,0
31.68405,0.011360983,31.66075,31.752192,31.828299,0.16754913,4.727941,2.1776588,9.30033,7.379758,1.0197693,0.46447513,0.5359912,0.96527,1.3949393,0.8589481,2.2865937,1.5242155,1.8947769,1.5823246,0.15873294,0.8171977,35.8079,0.1363649,4.3075666,1.4417144,2.9684868,3.6255867,-58.95053,-0.18564764,0.0022906258,1.0991982,0.30443785,1.5239768,11.268245,0.08725919,-4.1657486,-0.63522583,19.134403,0.36127838,862.1487,0.12873217,1057.2506,0.12524268,4.668323,6.4296227,2161.4355,0.09129985,609.1002,0.38800785,-12.0432625,-2.2467818,3098.1116,0.056888573,995.1138,0.33578494,-13.464655,-2.0070648,-18.041248,-0.35706425,22.028534,0.34336928,0.095765784,0.09094097,-0.067240976,-0.1596277,0.16311072,0.7914355,36.27466,0.098180115,4.2827806,1.4652342,2.80046,3.873315,-60.089638,-0.1332386,-6.8409905,12.969564,0.07801317,0.018192258,0.0018866431,0.6097561,0.15384616,6.3599997,0.0,0.12,0.0,-19.233706,0
31.027493,0.029261319,30.857342,31.10856,31.308056,0.4507141,390.63474,0.0,1.2927881,0.9500391,0.38512832,0.43320966,0.3827733,0.41978726,0.4955556,0.1127823,0.8266597,0.58041394,0.24255843,0.18402712,0.09770838,0.45378768,22.39688,0.600371,13.445354,0.44825473,-4.8650336,-0.6941496,-7.023362,-0.88605016,0.018463166,1.644465,1.2995943,0.46297196,6.0723124,0.28804192,-1.121968,-2.210818,24.673313,0.15257014,836.45715,0.079909556,1315.6404,0.10740496,-35.68774,-1.8993661,1819.1775,0.05204427,1209.7112,0.1107625,-54.447163,-1.0988547,2971.602,0.041853514,780.74536,0.27909592,-59.295895,-0.9752534,-15.689685,-0.16253501,31.108768,0.11087948,0.030709624,0.2432383,-0.017923992,-0.42843956,0.11394728,0.18767823,27.667692,0.14247912,15.683169,0.15552938,-5.241029,-0.6471179,-8.299103,-0.69173676,5.8177896,0.26284903,0.065995805,0.042964816,0.00010485774,0.29542097,0.1490313,5.74,0.0,0.95,0.0,-31.258734,0
28.891281,0.2028462,22.853792,31.816036,34.74435,11.890558,110.04752,102.18172,28.844234,25.1849,0.30394942,0.35649854,0.19285616,0.32376143,0.4085977,0.21574154,0.55949706,0.30696496,0.6759421,0.74579185,0.030617272,0.79459894,40.68749,0.106388524,9.703861,0.4710228,-11.677733,-0.4697695,-56.000813,-0.15491082,0.01808263,1.8894018,0.48127884,0.96727794,8.479793,0.3336433,-0.6114986,-6.9207025,30.977036,0.26048243,775.0857,0.25597996,1417.4666,0.16068815,12.643958,2.7676632,1876.9652,0.18790595,1415.5895,0.32805437,-11.038223,-2.8664343,3023.9607,0.09377684,1078.61,0.40606686,-14.684311,-2.151943,-19.513815,-0.23868741,31.130741,0.16075282,0.11765896,0.12505874,-0.049577266,-0.20593905,0.031258024,0.7805022,40.924732,0.097527586,9.847167,0.4493708,-11.73931,-0.46774283,-56.600792,-0.13954984,-12.424829,28.702118,0.10369359,-0.026050074,0.01053295,1.52207,0.15337424,6.39,0.0,0.11,0.0,-32.908592,0
30.914465,0.031679474,30.803389,31.021326,31.201138,0.39774895,226.11378,0.0,0.08495141,0.0,0.15825981,0.56703126,0.07671116,0.13631509,0.25906843,0.18235727,0.5086293,0.32290304,0.4064542,0.27105173,0.04281082,0.91522366,40.28535,0.25615385,21.071741,0.38095486,-7.4437327,-0.7284241,-40.297443,-0.2612219,0.02580706,1.9653112,1.4103973,0.67992675,6.6666126,0.53108495,-4.239644,-1.2834101,36.444595,0.15994431,712.4972,0.21163845,1420.1714,0.121705554,-26.169086,-2.3617208,1812.3265,0.160908,1375.5757,0.16566986,-52.993614,-0.9751372,2949.0225,0.074225985,1040.1118,0.31664985,-54.329273,-0.9350906,-21.49569,-0.14737165,34.88059,0.11482403,0.09695748,0.092190444,-0.055162255,-0.22110882,0.048235554,0.80080533,43.362823,0.074551895,23.303162,0.15389599,-8.281616,-0.59667087,-43.087334,-0.15780865,-6.9772234,15.035273,0.09248804,0.0051308586,0.0022948298,1.5,0.5050505,1.7533332,2.3878348,0.1525,0.16931848,-38.544834,0
24.520704,0.018456852,24.263512,24.598185,24.794724,0.53121185,19.882467,41.345146,17.861633,38.075832,0.33522266,0.5157963,0.16564575,0.3451764,0.49050435,0.3248586,1.0778168,0.6129639,0.6941336,0.43447462,0.05975672,0.6573756,42.833645,0.16376625,17.106579,0.20788328,-7.139017,-0.82665855,-33.624916,-0.27771804,0.00571631,1.9611732,0.43717274,0.741147,7.7323027,0.08505427,-7.550557,-0.27279618,31.707365,0.12831438,698.70746,0.2326947,1424.945,0.11460661,-6.998773,-8.426186,1893.3817,0.17273353,1095.5978,0.20320308,-25.12527,-2.1037984,3071.9517,0.095966324,1114.2769,0.32490864,-33.193714,-1.5100797,-24.042643,-0.18246686,36.842762,0.11428785,0.09291561,0.11838295,-0.052569024,-0.19946113,0.06432795,0.5790866,44.559383,0.08619882,17.50788,0.15876746,-8.33487,-0.4496993,-36.045433,-0.12184006,-13.4736595,24.287931,0.0569677,0.002467182,0.015067865,1.9933555,0.16778523,5.46,0.0,0.48,0.0,-28.424944,0
35.984417,0.008191855,35.813572,35.965183,36.071503,0.25793076,3.343699,2.0776594,3.3828034,3.1976492,0.23032358,0.5254326,0.10619363,0.21169455,0.35374838,0.24755475,0.5832374,0.20135477,0.5021307,0.32243764,0.02516886,0.84165543,44.8667,0.17038012,19.71779,0.26306787,-6.714008,-1.1863508,-31.928009,-0.32278502,0.0035309917,0.69872916,0.29586607,0.6181442,13.549617,0.040946282,12.864842,0.25302437,49.48164,0.09788254,721.3526,0.23875327,1503.9988,0.13130349,-25.299608,-2.1199956,1863.1156,0.1494751,1358.0851,0.22898239,-48.378567,-0.89720654,3031.9453,0.07221224,1175.1526,0.26224902,-55.03857,-0.73910266,-25.497646,-0.30576977,44.821358,0.10822937,0.10657519,0.10034174,-0.030624017,-0.28234044,0.027100647,0.7754364,46.89231,0.06803586,20.568914,0.19905327,-8.240044,-0.74436677,-34.512413,-0.14101851,-12.316356,21.941208,0.049629495,0.0143753765,0.0026538586,1.1345218,0.16366613,5.66,0.0,0.42999998,0.0,-32.318085,0
23.945923,0.13830298,22.678493,22.850101,23.1119,0.43340683,118.69386,91.02147,66.67695,42.957592,0.20544955,0.5568792,0.08482422,0.21293841,0.31570762,0.2308834,0.34776476,0.18313517,0.6850939,0.9494398,0.023925463,0.8208815,42.650414,0.16434184,15.363016,0.42571476,0.4150043,19.799675,-38.187656,-0.28048703,0.014104085,2.5769708,0.7023487,1.0044711,6.7281,0.11691233,-3.3621883,-1.6613355,29.968264,0.27215698,849.16077,0.07945202,1054.7891,0.108241946,1.836321,24.717154,2088.8694,0.05757998,816.1754,0.19259752,-26.394833,-1.4814614,3148.5674,0.0378482,932.17004,0.18714082,-30.256195,-1.264652,-32.626175,-0.08626484,38.94276,0.09153725,0.09517411,0.107075,-0.053404633,-0.22268698,0.025172155,0.77651656,44.124905,0.062781826,16.603125,0.19421566,0.7735226,10.599626,-39.709454,-0.22463311,-4.675022,13.463204,0.06499337,0.012286019,0.0030819043,0.748503,0.15174508,6.27,0.0,0.29999998,0.0,-33.099068,0
31.863865,0.048927836,31.843142,31.973953,32.17079,0.32765007,139.3792,70.610916,19.03344,20.698385,0.25387123,0.6734197,0.09853021,0.24304372,0.41307938,0.31454918,0.47032917,0.25024414,0.3570112,0.23098771,0.018446974,1.0091301,41.360237,0.22678733,8.842976,0.46290684,-19.617786,-0.46843058,-47.023357,-0.31067562,0.0069637266,2.9522054,0.24277022,0.78422064,11.266035,0.13436694,6.6654725,1.4408225,37.411785,0.22925365,730.2473,0.2716621,1487.0353,0.14707528,-11.670875,-5.3010135,1760.5082,0.17549877,1325.0803,0.23406398,-32.814297,-1.63611,3031.126,0.08553081,1131.7025,0.33795837,-43.419716,-1.1384854,-12.570123,-0.32173997,37.09031,0.16304857,0.09441292,0.13659856,-0.042526394,-0.18856649,0.02025978,0.9235022,44.08865,0.08897548,9.699412,0.30117604,-22.030277,-0.24375416,-51.26761,-0.12031038,-5.2508554,11.972518,0.071432486,0.016404122,0.0013176261,0.30487806,0.15384616,5.91,0.0,0.57,0.0,-33.96462,0
29.627922,0.016254574,29.525215,29.679937,29.846527,0.32131195,1.2795736,0.68092453,1.6614721,1.0143427,0.8673076,0.42109168,0.66152513,0.9409325,1.1554791,0.49395394,1.7245028,0.1282466,-0.027486995,0.14172344,0.13335213,0.5562365,43.529625,0.262535,-2.0513446,-2.1135876,-8.698582,-0.9387087,-36.943348,-0.31321973,0.0033206476,0.86752594,0.21047708,1.4184362,10.386908,0.09440297,-8.434447,-0.3330959,24.378363,0.21078026,721.4565,0.25387138,1174.0236,0.12623931,-12.243297,-5.3452854,1809.9135,0.1650724,866.91974,0.16732089,-24.028265,-2.438822,2934.1724,0.09944116,715.6655,0.26884717,-34.52556,-1.5893303,-20.13145,-0.15682612,28.459305,0.16483806,0.10179376,0.100650005,-0.06147441,-0.10993149,0.14837676,0.42540058,47.058563,0.09509456,-2.7173579,-1.4528941,-10.566098,-0.58144116,-40.42112,-0.104342066,-6.7167034,15.374844,0.08525731,0.023353532,0.0010252128,0.2994012,0.1510574,5.96,0.0,0.64,0.0,-19.594704,0
32.057762,0.011339358,31.870861,32.097233,32.352562,0.4817009,0.7247727,0.0,0.12759167,0.0,0.28767192,0.56327605,0.10297695,0.3429034,0.42532355,0.3223466,1.037672,0.97028404,-0.77449185,0.65249884,0.020004237,0.9828776,45.454357,0.15135539,20.028234,0.20101039,-13.700558,-0.42836276,-46.587555,-0.1782761,0.006073985,2.6116233,0.29060683,1.8700594,11.388822,0.20024173,-8.863698,-0.19947365,39.21607,0.14649238,838.33765,0.093786955,1223.412,0.1370085,1.7141197,19.116985,1979.3767,0.06773907,1236.0673,0.21743876,-43.5476,-0.57314795,3033.8018,0.042732157,906.24945,0.22758126,-34.88057,-0.7538634,-30.35418,-0.12699164,45.8105,0.11873868,0.10632311,0.09060518,-0.0662704,-0.13671191,0.020601114,0.95707333,46.458027,0.083479464,20.440304,0.13934162,-14.26897,-0.35008574,-47.633335,-0.10994646,-5.3876247,11.872021,0.07847789,0.020419504,0.00059683097,0.3460208,0.17482518,5.5699997,0.0,0.13,0.0,-29.04862,0
28.609936,0.010426683,28.34549,28.64386,28.861774,0.51628494,4.108064,1.6589128,2.792009,0.75278586,0.2048483,0.4657382,0.12529364,0.17089227,0.27749702,0.15220338,0.5006086,0.22254553,0.43705592,0.17656724,0.032595687,0.8369416,42.08813,0.066010445,30.680845,0.080520436,5.045251,1.216234,-22.813944,-0.22582158,0.0026317984,0.7282976,0.47128597,0.58343613,9.924492,0.06902373,-0.24763963,-10.463292,42.63454,0.11888085,733.158,0.17651866,1397.4006,0.12205672,-6.2388186,-0.76042706,1941.3893,0.114905015,1088.4487,0.17236476,-29.994411,-0.19849664,3102.682,0.06945923,1033.5858,0.22168145,-35.714054,-0.0907512,-31.092691,-0.14685027,37.34842,0.12170921,0.08201921,0.15916917,-0.04496436,-0.2390906,0.032793988,0.84151495,42.174915,0.06283622,30.715466,0.080097556,5.024437,1.2267029,-22.882082,-0.22437145,0.0,0.0,0.0,0.0,0.0,2.3049645,0.17921147,5.5699997,0.0,0.0,0.0,-34.145554,0
31.295914,0.013897264,30.862555,31.310017,31.685995,0.82344055,7.543177,2.9259253,5.780427,2.4112751,0.12347471,0.6647512,0.055495523,0.07716068,0.2201447,0.16464919,0.5127757,0.30521545,0.0024380684,0.30211034,0.011179563,0.9962166,45.60006,0.16031952,18.781763,0.24846134,0.0018019982,4596.83,-22.457544,-0.38405147,0.0034855308,0.6607915,0.37127146,0.6369558,11.181852,0.066112846,2.9462988,0.8230768,42.96478,0.12103598,679.4588,0.26383844,1580.819,0.17171085,-33.00925,-1.9946173,1698.4762,0.1688131,1431.2588,0.26945597,-52.508633,-1.0973666,2909.63,0.074504755,1017.1649,0.31765133,-61.311115,-0.8732906,-21.330927,-0.23519213,39.522774,0.12680806,0.093339354,0.13549304,-0.02982794,-0.4866702,0.012575098,0.9105961,47.372425,0.10764596,19.136719,0.2308971,-1.4667745,-5.407623,-24.418972,-0.30689597,-20.207987,32.219395,0.09559045,-0.0032071604,0.0026474332,1.4876034,1.1686144,0.72857136,1.189783,0.12333333,0.06262765,-39.54544,0
23.365389,0.02048235,23.137688,23.391449,23.732885,0.5951977,-2.8833358,4.815043,2.2622824,2.0813055,0.29385203,0.5080151,0.14097355,0.29717213,0.45755345,0.31657988,0.4843189,0.51096857,0.8756576,0.9833985,0.06087769,0.75379485,44.92403,0.07330887,30.441427,0.2065696,19.570559,0.29247576,-17.35329,-0.456738,0.0065722335,0.6973083,0.35706773,0.6524113,7.24185,0.078149,-5.4657946,-0.53655493,36.54804,0.2143188,667.8034,0.26055816,1487.11,0.15072401,-1.999741,-10.15046,1891.0724,0.08300983,1344.2249,0.15263577,-37.10779,-0.44813606,2927.5396,0.05642863,1035.5197,0.2919352,-27.571018,-0.6346583,-37.330925,-0.085512884,42.025673,0.11087757,0.073741905,0.25609845,-0.03460352,-0.26546308,0.061765138,0.76661026,45.120636,0.06392702,30.764677,0.18894689,19.812443,0.27547485,-17.427635,-0.45635283,-26.44081,38.16363,0.11002596,-0.008907089,0.016314154,0.5338078,0.17953323,5.5099998,0.0,0.04,0.0,-25.126152,0
33.52508,0.17185585,29.343998,29.572329,41.559242,12.215244,130.32947,62.773357,47.99917,55.597446,0.96215737,0.37999788,0.6121599,1.01963,1.2700483,0.65788835,3.2296605,2.4541225,-0.32122555,1.2033715,0.1550904,0.6207478,34.966557,0.1847987,20.911537,0.2932663,-23.434998,-0.41732767,-68.406044,-0.22431706,0.022260569,1.8430525,0.72048485,0.88546634,8.699974,0.23411897,3.3988302,1.5155346,37.58963,0.3016288,731.07043,0.27453852,1308.3958,0.13157779,-1.375503,-32.45194,1861.7141,0.17635927,1254.723,0.17284143,-34.680386,-1.0817258,3016.0903,0.087330565,1156.6392,0.24867544,-36.14569,-0.9774846,-16.320011,-0.1192607,31.273571,0.18771008,0.07598035,0.15259902,-0.06573565,-0.117159285,0.1632638,0.56485045,36.006397,0.12509856,21.730461,0.23358908,-25.016684,-0.26328963,-71.31485,-0.107974716,-8.255332,15.785298,0.04416584,0.009726726,0.0064563607,0.7936508,0.16051364,5.96,0.0,0.25,0.0,-18.503996,0
25.207296,0.0056367167,25.099072,25.19968,25.317898,0.2188263,4.130532,5.088828,2.4127774,1.7503587,0.10283426,0.6374849,0.05385695,0.07610982,0.18116225,0.1273053,0.4229432,0.1605696,0.30580878,0.21193627,0.012017465,1.101934,34.694214,0.22783431,24.53315,0.357871,-13.881148,-0.3831955,-43.538788,-0.29060188,0.0031597465,0.79032886,0.5582811,0.53970605,7.951631,0.074354336,-6.2650495,-0.32045665,36.83757,0.10899376,790.566,0.19810575,1317.1974,0.12993655,-75.545685,-1.3209689,1961.0901,0.13728201,1204.4602,0.12711242,-92.34307,-0.9234541,3082.0574,0.07676092,1130.0925,0.14167227,-94.86733,-0.876318,-26.77803,-0.121569596,37.388752,0.10739292,0.10826317,0.081239566,-0.05585578,-0.16895044,0.017799556,0.80691683,38.57873,0.08065868,28.10335,0.10004912,-14.005423,-0.27341846,-48.03688,-0.17070632,-18.394396,27.049599,0.10158495,-0.02996117,0.0029802888,1.1093502,0.48,1.2733333,1.6664599,0.59,0.30789608,-43.421112,0
31.785622,0.034541886,31.296745,31.665493,32.210636,0.91389084,3.408217,0.0,91.607765,64.50709,0.08888361,0.7372829,0.05549094,0.06235081,0.07915126,0.023660317,0.55278534,0.49923137,0.2888138,0.24823317,0.010947997,1.5423913,39.730854,0.18507995,27.46868,0.24697596,16.754698,0.37773198,-8.424545,-0.6945374,0.005688686,0.9022389,0.29053384,0.58190626,11.439814,0.054670658,25.475693,0.20954424,48.8635,0.094168834,670.5666,0.33174413,1561.6912,0.115580276,-20.86838,-2.1886184,1799.8466,0.16615845,1407.1038,0.18610016,-49.095623,-0.7486342,2932.0945,0.10453541,1227.6417,0.2137305,-51.535923,-0.69688106,-32.74543,-0.09738248,42.51002,0.09935728,0.062759176,0.17028679,-0.010445598,-0.89272034,0.011085863,1.5493996,41.32556,0.06053518,28.68303,0.14689822,17.364962,0.32295924,-9.079719,-0.55935615,-8.010005,18.900501,0.048585277,0.013171669,0.0071616713,0.5358013,0.09765625,9.67,9.65,0.3633333,0.35140982,-37.904583,0
26.868013,0.057472263,26.773159,26.999697,27.290995,0.5178356,163.21758,90.313416,19.054796,15.656183,0.12612632,0.65158874,0.070207454,0.08535167,0.2153765,0.14516905,0.45937493,0.38905343,0.46024492,0.5268487,0.021760374,0.8271515,37.993275,0.23102398,26.004585,0.3676889,5.341793,0.9270107,-28.332096,-0.31501347,0.011923472,3.4917846,0.8131737,0.84820575,8.247462,0.23008777,-1.7727275,-2.778727,42.303684,0.14476293,815.15216,0.1304563,1332.1309,0.16008173,-26.201647,-2.628025,2041.8998,0.08345872,1151.2415,0.22941026,-52.71393,-1.098042,3105.6702,0.055474754,1106.4875,0.20333205,-50.31551,-1.1716307,-32.44927,-0.1214025,38.719456,0.1338179,0.093036346,0.123642035,-0.045061186,-0.24129006,0.023260253,0.7933137,40.60489,0.10710429,29.128258,0.11042377,5.1148663,0.8633426,-31.011189,-0.17849056,-14.617029,22.575466,0.10141781,0.00040541682,0.012984864,1.1473963,0.5319149,1.615,3.2140563,0.24166666,0.19658895,-36.82778,0
33.432133,0.010214096,33.19651,33.36145,33.64277,0.44625854,1.9211936,1.5489955,1.7106795,1.4414597,0.09893439,0.82883394,0.05687906,0.06263564,0.14664224,0.08976318,0.4039584,0.36104205,0.25412253,0.18421118,0.005731407,1.3941852,41.613297,0.2348045,28.636591,0.29684275,7.885761,0.62119776,-20.435266,-0.30830538,0.004590071,1.2558602,0.22149974,1.3433725,12.3944645,0.07676917,6.67062,0.52047956,50.6695,0.10676201,694.48505,0.15078938,1428.8817,0.10378732,-39.688023,-1.6719012,1982.1389,0.05585355,1313.6669,0.15233429,-70.97423,-0.7475636,3054.1023,0.04174426,1199.8762,0.20830141,-70.345535,-0.7578789,-33.09986,-0.096136734,44.41452,0.094259985,0.0877934,0.09664398,-0.033459377,-0.23953967,0.0064288243,1.3067342,44.89909,0.071250394,31.275703,0.0742413,7.4132705,0.5430413,-22.399584,-0.17189582,-16.641428,25.49524,0.09567743,0.00348254,0.0017265315,0.40064105,0.16090105,5.31,5.29,0.58666664,0.32704058,-37.829437,0
36.448742,0.006071478,36.294373,36.49653,36.6189,0.32452774,2.9089215,2.3003566,1.3673795,0.9101713,0.9060024,0.5680266,0.42930508,1.1516205,1.3407958,0.9114907,4.065896,4.498636,5.216429,5.7896166,0.51594067,0.78601146,37.728123,0.44641128,22.734434,0.4462369,6.155933,0.64263254,-2.9056726,-2.9496095,0.029942604,0.29552862,0.893819,0.35903543,11.220252,0.08293358,8.624433,0.40181845,47.654522,0.17976625,764.28625,0.20551573,1492.4624,0.14375538,-48.370464,-1.3234825,1928.6034,0.08319271,1208.0371,0.16639681,-70.02081,-0.7572973,3063.5964,0.048990775,1064.1697,0.15933612,-76.73224,-0.65496784,-33.743336,-0.16950694,47.925415,0.124924056,0.04506511,0.24535762,-0.033946767,-0.43006012,0.5995091,0.63000196,43.753178,0.13810785,26.138317,0.23044452,7.0554338,0.39116,-4.4526796,-1.6733863,0.22087471,7.731285,0.049450293,0.03109343,0.01223394,0.57747835,0.0967118,8.9,0.0,0.705,0.49499997,-9.605169,0
38.150013,0.04269633,38.28816,38.405594,38.51189,0.223732,57.943157,51.726116,3.1304293,2.2403367,0.12924284,0.5944707,0.07691918,0.08482063,0.2274784,0.15055922,0.6385251,0.2601042,0.17068928,0.20801131,0.010095077,1.2157023,40.921936,0.14051184,9.529592,0.43484643,-12.333162,-0.38559783,-43.307453,-0.16131349,0.022061924,1.0446444,0.4910103,0.6504737,12.561497,0.17986374,9.155322,0.3882768,36.503334,0.1553742,768.45874,0.22313912,1455.5538,0.14274259,-16.968122,-2.1866763,1745.8079,0.14192589,1543.9568,0.22976966,-36.55167,-0.81474775,2898.195,0.07375414,990.0941,0.4819761,-41.633102,-0.6774108,-17.019577,-0.22570512,34.22557,0.11397003,0.11990836,0.11241191,-0.02602342,-0.44620043,0.010358436,1.2159052,41.68795,0.08197499,9.556513,0.43502066,-12.75928,-0.32238173,-44.174255,-0.11661933,-14.810076,28.566133,0.10099383,-4.44607e-05,0.0023229886,1.0576923,0.09661836,10.04,0.0,0.29,0.0,-39.79153,0
25.475874,0.0053363913,25.375423,25.49038,25.586088,0.21066475,2.7866933,1.3686614,1.8864831,1.2379148,0.142713,0.78982586,0.08256845,0.09165414,0.26187485,0.1793064,3.09996,2.9214866,0.33917195,1.1210115,0.020307865,1.2200377,38.25389,0.31352273,27.436764,0.381127,12.016681,0.38729626,-18.37432,-0.2446148,0.0023828987,0.76675,0.20217294,1.5794989,8.643551,0.058063373,-9.173511,-0.11940987,40.041042,0.11564761,697.84265,0.21105225,1578.1196,0.154782,-26.81878,-2.4166574,1974.8004,0.06489623,1294.949,0.16785808,-52.93405,-1.0337957,3085.7578,0.047055453,1207.2408,0.2070389,-48.317604,-1.1672812,-37.977497,-0.0826805,45.295486,0.08333464,0.10894224,0.07751269,-0.029763758,-0.23006633,0.02259871,1.107267,42.29277,0.1110157,31.172445,0.06636637,13.273416,0.22070906,-19.490572,-0.15046316,-4.9841666,12.776508,0.08953701,0.018531352,0.003476243,0.44493884,0.055772446,15.7699995,0.0,1.0649999,0.715,-31.999315,0
36.364952,0.070097215,36.622097,36.751347,36.933804,0.31170654,263.88568,32.08961,47.2137,46.103745,0.3331298,0.55967695,0.19211185,0.24602635,0.53174925,0.3396374,0.6087502,0.5335743,0.3251756,0.22001557,0.029271375,0.93313545,38.862125,0.0996388,22.035635,0.16066329,-3.7790084,-1.4095451,-44.956696,-0.19569291,0.006039375,4.5368257,0.2432319,1.1108224,13.711861,0.16149265,12.686884,0.32351196,43.041344,0.10994265,835.2304,0.12182561,1402.039,0.1354926,-14.445798,-2.4099848,2038.6987,0.08547435,1388.8418,0.28331992,-44.411915,-0.640436,2981.6948,0.060375776,1097.5037,0.27475023,-36.66076,-0.81321496,-33.86113,-0.06638239,40.864876,0.08710346,0.11925973,0.079711564,-0.0444328,-0.15753615,0.030057864,0.91273624,39.308754,0.06699524,22.387247,0.12647814,-4.135976,-1.2024813,-46.15844,-0.1283368,-19.589588,29.031464,0.08303426,-0.00873654,0.009652358,0.70422536,0.3142184,3.0625,5.1375403,0.085,0.06264982,-25.38623,0
32.200306,0.017099844,32.126366,32.279896,32.391327,0.26496124,10.322881,6.4372873,0.6628283,1.8749274,0.30907968,0.76650256,0.14341822,0.22582895,0.57230216,0.42888394,0.31671968,0.01118335,0.06249205,0.0,0.030748187,1.4653188,39.69695,0.28916404,21.58931,0.43134052,8.849499,0.6969742,-28.516296,-0.37210152,0.0021702002,0.97761434,0.16850671,0.948714,12.0927725,0.06665497,15.900308,0.2067939,44.505222,0.14900263,917.6057,0.10971975,1407.7755,0.11507095,-31.95244,-1.9315305,2088.254,0.0677577,1371.8927,0.2672255,-56.79452,-0.9247546,3015.316,0.066481315,1127.8353,0.31406212,-47.469692,-1.1773056,-35.27961,-0.11572048,42.320667,0.16060059,0.09292794,0.09467431,-0.04436745,-0.20470944,0.034559358,1.3510303,43.67418,0.0691562,24.649267,0.12163405,9.7403755,0.5793352,-31.4262,-0.23073821,-3.5704873,11.449322,0.090590656,0.020968502,0.002466879,0.059737157,0.059916116,14.74,0.0,0.96,0.76,-22.979445,0
26.941423,0.20787376,19.696793,31.43955,31.759674,12.062881,303.89557,329.1671,150.54837,221.47408,0.29968426,0.3311997,0.30519786,0.32565114,0.34267968,0.037481815,0.46279994,0.21856982,0.32996944,0.4220516,0.113724925,0.47749707,21.984211,0.47400174,16.746923,0.35747957,6.2812138,0.5993479,8.264604,0.5105096,0.074358724,1.3399796,1.798313,0.40112242,3.6666687,0.45480877,6.8373065,0.5484147,29.786182,0.1436499,650.8542,0.33456522,1701.2783,0.16382188,-68.63412,-1.1133267,1637.265,0.113056,1398.5164,0.21219309,-72.440186,-0.98876965,2768.019,0.0771109,1284.7454,0.25502628,-79.4175,-0.85258114,-18.92709,-0.123090126,32.109398,0.089213334,0.01905376,0.73946434,-0.00878975,-0.5229489,0.12662429,0.25843686,25.449347,0.10420794,18.675318,0.13321696,7.18671,0.3393467,8.66344,0.3803602,-6.8005,16.804981,0.031449884,0.017259816,0.06479436,0.28873917,1.6441005,0.47882354,0.4763326,0.16181818,0.26658848,-32.67503,0
37.054302,0.015996886,36.82447,37.20758,37.387196,0.56272507,10.532904,6.78804,3.3753011,3.4556172,0.11722093,0.6158584,0.072388776,0.0830992,0.21403643,0.14164767,0.5826066,0.60506636,-0.09601044,0.24018054,0.0067547564,1.4714956,38.720924,0.17034629,31.45768,0.20341761,7.633814,0.652757,-28.721125,-0.24704878,0.0030562095,2.9036596,0.18325858,1.6495365,14.412183,0.05339223,13.978373,0.2587594,43.237354,0.124203205,693.6205,0.12816547,1338.483,0.09972028,-22.120142,-1.6073301,1970.2859,0.0501372,1250.275,0.16045691,-58.782986,-0.47568622,2990.0913,0.033984013,1046.3278,0.19138126,-52.654827,-0.5562793,-35.18827,-0.11258521,40.566105,0.16377681,0.104494505,0.08691598,-0.027966615,-0.28821215,0.0069026407,1.4609703,39.7564,0.094607204,32.586277,0.078171715,7.652298,0.6582426,-29.528732,-0.20183456,-8.787636,16.0779,0.09254702,0.012373746,0.0033834283,0.5227782,0.07496252,12.83,0.0,0.24,0.01,-36.90706,0
31.402819,0.025805844,31.042448,31.414806,31.713387,0.6709385,386.31802,0.0,149.68822,105.87536,0.09809187,0.68622404,0.050626315,0.06116291,0.18795845,0.13733214,0.55794626,0.3101021,0.42282003,0.22900973,0.020629872,0.8863896,42.56053,0.19753444,31.55213,0.26535964,11.973998,0.3992283,-19.126753,-0.3118934,0.02281737,1.118919,1.0245043,0.78657454,8.767858,0.33165967,4.612236,0.9391782,51.51328,0.105929986,689.85425,0.17495465,1432.441,0.13354674,-29.598122,-1.7480938,1943.7482,0.063982196,1261.6285,0.13629818,-60.64946,-0.68054503,3011.536,0.04458812,1110.0624,0.22247593,-60.434807,-0.6838725,-36.34403,-0.084895,46.244164,0.09044488,0.09625141,0.10385361,-0.039472822,-0.25710237,0.022346206,0.8188353,44.5196,0.09033487,33.571266,0.08293898,12.483187,0.33923465,-19.889162,-0.2592976,-16.634724,25.496473,0.095413774,-0.0013803238,0.003968907,1.9916142,0.73761857,1.23,1.6734651,0.10285714,0.10713334,-38.909042,0
26.533375,0.06582178,25.874231,26.28871,26.772896,0.8986645,53.941532,69.24895,102.03607,88.25793,0.12222352,0.83194965,0.0652935,0.07520228,0.20805956,0.14276606,0.6304756,0.31032127,0.2599699,0.47802377,0.021549374,1.3552774,40.81762,0.108961575,25.09436,0.23705716,12.788012,0.397271,-11.996161,-0.42867777,0.007870093,2.5315568,0.4201686,0.76948076,8.825605,0.056326665,-1.8215224,-3.4470613,43.583553,0.11090514,751.281,0.2653467,1605.1555,0.12795655,-12.523755,-3.778923,1959.479,0.12975335,1357.3682,0.21164505,-34.547794,-1.1758468,3047.175,0.09206785,1345.9968,0.2111159,-36.424355,-1.1022186,-34.47708,-0.08571631,41.840958,0.08754758,0.08659652,0.101112165,-0.021658655,-0.4975971,0.02212287,1.2921181,41.665695,0.050595682,26.131645,0.120452784,13.290071,0.33343887,-12.302016,-0.39236277,-14.785585,24.636185,0.06449017,-0.00057472487,0.012689285,0.52600825,0.05861665,16.1,0.0,0.465,0.21499999,-33.15502,0
36.558846,0.032659598,36.520668,36.672184,36.834732,0.31406403,66.04924,0.0,0.020609647,0.5669072,0.1305535,0.7279783,0.07527945,0.0867591,0.21844214,0.1431627,0.7205476,0.45847487,0.47079992,0.59673214,0.01152405,1.4010183,42.668724,0.15677363,23.908466,0.33339873,-0.9596814,-5.5985675,-26.094566,-0.32539514,0.0045824912,2.827638,0.2662631,0.5279981,13.866996,0.086736865,20.364944,0.19962132,52.190132,0.12190308,660.9543,0.22477557,1509.0294,0.1065889,-25.95858,-2.0699987,1861.608,0.136226,1422.4786,0.157808,-54.895473,-0.738653,2989.8506,0.07462509,1305.9442,0.1854522,-59.10905,-0.66203886,-35.907673,-0.093011126,46.77177,0.090724975,0.11079854,0.08668092,-0.027036842,-0.30301672,0.012041774,1.3770182,44.332146,0.059880774,25.60059,0.16604194,-1.8217409,-2.280934,-28.081226,-0.16384861,-10.396179,19.945955,0.057540823,0.013250635,0.0049111014,0.667071,0.060827248,15.29,0.0,0.56,0.089999996,-34.379765,0
22.186863,0.019099668,21.861557,22.265781,22.54504,0.6834831,9.958158,16.469397,2.4415874,1.2220343,0.04868773,0.79210496,0.029172339,0.033785462,0.047585532,0.018413194,0.24444741,0.09270159,0.40151706,0.25718385,0.0037651982,1.7949026,32.14523,0.28894237,19.222452,0.44086942,14.43939,0.35011807,-5.977737,-0.8136579,0.004383404,1.0493271,0.56849986,0.86214113,6.7052684,0.07845285,-2.4235814,-1.2964524,42.7486,0.06234657,763.4772,0.18244073,1380.6315,0.23232698,-164.45042,-0.4568349,1956.4113,0.08704963,1111.387,0.23245509,-169.01048,-0.38717952,3047.775,0.06161396,1029.6329,0.22087085,-169.77643,-0.3762516,-32.75224,-0.09016015,39.640945,0.081032455,0.030631248,0.40203983,-0.028515054,-0.39517465,0.013798309,0.7788942,43.46494,0.07518909,28.01763,0.10312976,16.512875,0.3309207,-9.331655,-0.64108217,-20.480635,26.755909,0.05274015,-0.0008765467,0.0014169534,0.3961965,0.159109,1.185,1.145,3.3833334,4.142546,-46.716335,0
32.823975,0.03291287,32.628056,32.724167,32.872616,0.24456024,67.76788,47.873196,67.21764,66.207756,0.095630765,0.85501146,0.05299541,0.06170224,0.08960623,0.036610823,0.48336443,0.26923448,0.11774733,0.24102004,0.005154819,1.3771596,40.852425,0.18361571,17.145987,0.3318819,-2.5968623,-2.2551847,-28.128113,-0.3339908,0.0035565738,3.1708074,0.22004278,1.1269637,12.229893,0.044180952,13.468501,0.34974965,46.62106,0.117369205,863.2408,0.08295533,1127.2662,0.10773748,-68.33526,-1.3314387,2030.318,0.059936386,1099.5492,0.20658551,-91.645874,-0.809205,3107.4373,0.038852718,864.8757,0.23919739,-90.91196,-0.8222392,-27.27146,-0.11301066,41.832943,0.1043668,0.090639085,0.08254086,-0.0294452,-0.390532,0.0066314875,1.2480953,43.66937,0.075637974,19.25776,0.1445473,-5.000399,-1.0900741,-32.065403,-0.21860297,-20.937008,31.547882,0.08316801,-0.0117717795,0.0022024543,0.33702454,1.6891892,0.3857143,1.5599879,0.18970588,0.23565286,-39.86694,0
29.97577,0.022277556,29.828815,29.970339,30.147007,0.31819153,-46.680286,0.0,-0.059149936,0.0,0.40845338,0.7426806,0.21654904,0.25021407,0.8375019,0.62095284,0.26888543,0.011504551,0.09625729,0.0,0.03985022,1.075904,39.88421,0.3034985,17.291695,0.45987883,5.4289684,0.92698807,-31.294487,-0.30021644,0.0027000844,1.4297177,0.15983173,1.6153334,10.924383,0.06602823,-0.55401045,-3.377841,35.161346,0.11524465,780.0027,0.12413271,1200.9786,0.114089906,-27.713718,-2.502258,1967.2642,0.08784206,887.91156,0.15817253,-45.223553,-1.357252,3044.863,0.051876355,693.97833,0.24962321,-47.665154,-1.2670727,-29.380852,-0.076565094,33.04047,0.09892215,0.10216203,0.09536743,-0.05624391,-0.13970941,0.045909528,0.94078857,44.5984,0.049008492,19.928774,0.20523909,6.039271,0.75880766,-34.49253,-0.14015728,-5.6845965,14.1249895,0.097274765,0.016484836,0.0020285372,0.0746826,0.07496252,11.5199995,0.0,0.895,0.515,-23.148676,0
32.368164,0.0058184657,32.22218,32.3723,32.551258,0.32907867,1.4459287,0.9622372,0.97420883,0.7639418,0.11417728,0.7544916,0.069678046,0.07479442,0.11819261,0.048514567,0.9257807,0.23425387,0.3243245,0.3031364,0.005235816,1.6300224,45.37666,0.0990811,29.749819,0.12365204,3.7377567,0.7535332,-30.35084,-0.12198542,0.0025858288,1.6384652,0.15510073,1.0652213,12.153804,0.03899852,6.005154,0.31662443,54.439514,0.06132903,819.79956,0.023098877,1214.3253,0.0851626,-5.3009067,-5.280242,2026.0907,0.018319245,995.4166,0.070226714,-46.308697,-0.4724356,3124.3372,0.014308562,882.04065,0.086512454,-42.555977,-0.5295929,-38.99599,-0.038111728,49.722527,0.035867754,0.11083237,0.06771175,-0.047113273,-0.14376518,0.0052391873,1.709719,45.92084,0.043469388,30.209728,0.049122013,3.7865012,0.7361171,-30.617754,-0.09676015,-17.891281,26.807203,0.1211057,-0.0053842296,0.0046644625,0.11166946,0.055991046,17.5,0.0,0.34,0.0,-36.519844,0
30.465364,0.031061936,29.92609,30.444094,31.024242,1.0981522,10.173174,8.331847,4.9440656,3.6103804,0.107207865,1.0121428,0.05475595,0.06273723,0.109982565,0.055226617,1.0088958,0.61296266,0.6676832,0.6035014,0.021128135,2.009524,40.55192,0.108776115,35.85362,0.15337723,26.231598,0.20576353,-5.772937,-1.2771945,0.0056920606,2.4479682,0.36809927,0.8564545,10.953368,0.07235507,20.868176,0.44374517,49.410286,0.15799665,612.8672,0.3163095,1475.9917,0.13912943,-20.847458,-1.4086742,1835.726,0.09426413,1283.0308,0.15349507,-53.145,-0.4299482,2939.1794,0.06243294,1085.1643,0.2521262,-50.33776,-0.47228014,-36.37524,-0.07958584,43.80541,0.09286702,0.053336997,0.31556454,-0.018791268,-0.45328242,0.021605974,1.9849721,41.12439,0.058069337,36.485733,0.09773229,26.636734,0.17885189,-5.726185,-1.29813,-13.629985,21.683704,0.08556915,0.0039954255,0.0025873457,0.46904317,0.04701457,20.779999,0.0,0.22999999,0.14999999,-31.452927,0
32.62089,0.027358266,31.832846,32.73651,33.362316,1.5294704,13.398791,6.077053,9.471205,7.0771413,0.1613966,0.5624081,0.06694149,0.16436066,0.25508124,0.18813974,0.54454786,0.24967301,0.57845664,0.23527095,0.031710096,0.6430193,42.57429,0.17560709,29.168554,0.2948319,14.58566,0.3480718,-6.2155566,-0.71809447,0.006368897,0.97105676,0.5337314,0.82627493,11.640565,0.10296259,23.41361,0.24833609,59.486507,0.07660863,642.3625,0.38543493,1613.3943,0.13093503,-26.651787,-1.9607612,1839.1074,0.1251428,1533.9521,0.12857893,-58.441776,-0.6715305,2948.7502,0.07964022,1441.6138,0.1997353,-61.875385,-0.61813813,-37.978954,-0.09464098,50.867252,0.08001084,0.073071435,0.18252505,-0.018502109,-0.40566123,0.034171425,0.57000124,44.421867,0.07039385,31.335455,0.109589875,15.302597,0.27742684,-6.7490077,-0.6043579,-12.3589,22.548996,0.07701241,0.018915895,0.004637121,2.7223232,0.36630037,2.52,2.3,0.12333333,0.13224557,-31.344444,0
24.221552,0.025136959,23.861523,24.33464,24.598936,0.7374134,3.1453712,1.3522615,1.7217966,1.021779,0.19255078,0.97523785,0.06290805,0.08216591,0.3648432,0.30193514,0.7023595,0.49423844,0.08675253,0.0,0.053025384,1.4981444,40.969128,0.19861996,29.8998,0.31575093,17.99816,0.3448984,-2.4949567,-1.5774696,0.003264478,1.0785823,0.19881786,1.1590593,7.8928304,0.061284214,-4.2014294,-0.76945966,49.629375,0.16053912,633.3429,0.3267147,1544.3962,0.10318577,-16.391808,-3.3118327,1855.1709,0.09405232,1404.5903,0.13044074,-45.69395,-0.982571,2955.659,0.06299471,1280.6088,0.16882503,-47.67354,-0.9359317,-37.39499,-0.06936947,47.51853,0.06292431,0.06951045,0.24687175,-0.01664534,-0.51692456,0.05752424,1.414787,43.055202,0.08589909,32.293827,0.110496856,19.30206,0.16809593,-2.1323848,-1.6795572,-10.929268,20.169231,0.089927144,0.017353702,0.0025961238,0.1001001,0.100603625,9.17,0.0,0.37,0.049999997,-25.290155,0
33.61918,0.119236566,31.831207,32.058346,33.022938,1.1917305,77.78718,48.28443,38.91741,33.59794,0.6950968,0.5557768,0.04299963,0.83614767,1.0009528,0.9579532,1.8147902,1.5440925,1.1898049,1.6563954,0.11748748,1.0584621,35.5768,0.2509681,25.426233,0.50481755,-4.0679107,-2.5446038,-20.594448,-0.82388616,0.015053897,2.4018614,0.372844,1.3571763,11.388747,0.11424486,18.714037,0.66706586,47.95118,0.1782585,816.052,0.069868386,1101.9882,0.09845318,-43.65145,-1.9330579,2017.9655,0.046643395,827.6324,0.22520301,-69.562035,-1.004145,3165.3464,0.041601803,827.95197,0.2091045,-74.12344,-0.91043824,-33.751053,-0.1288764,38.10393,0.18371971,0.07087304,0.2325146,-0.063053824,-0.20348944,0.14950508,0.8219685,39.868294,0.09782161,31.826206,0.14305165,-6.590554,-1.5338877,-25.414047,-0.6118297,-10.327649,20.413254,0.05154296,0.010466931,0.0065231156,1.2008734,0.21953897,3.5449998,3.425,0.97999996,0.71999997,-17.402596,0
26.004213,0.13030113,25.026617,25.252686,25.484991,0.45837402,98.14787,86.26922,61.303402,78.424774,0.056466606,0.6612725,0.039880686,0.045784157,0.05280623,0.012925543,0.2860659,0.17709462,0.2664472,0.19136123,0.005571879,1.3411466,39.169754,0.11368601,29.444262,0.13021193,8.770687,0.4744987,-20.30001,-0.2544445,0.010975775,3.1544814,0.48657143,0.740577,8.444181,0.058197282,-6.9468746,-1.504483,45.495586,0.092751235,849.46954,0.13928708,1438.34,0.18534297,-61.888767,-1.362527,2021.2144,0.04961442,1203.1487,0.19931939,-80.2965,-0.9022964,3106.5566,0.035480823,1075.2347,0.21051781,-81.466644,-0.8807486,-36.287518,-0.06085398,47.580395,0.062170364,0.087736845,0.123519674,-0.028786015,-0.34309924,0.0067215865,1.2758675,40.377167,0.0843414,30.334667,0.06840371,8.635388,0.50195414,-21.003761,-0.24387366,-31.499342,41.877968,0.08919251,-0.0232255,0.002789454,0.43912178,2.4,0.28533334,0.42839798,0.10737705,0.08546693,-45.56342,0
31.649593,0.037366927,31.43137,31.81276,32.05712,0.6257515,113.689125,93.193794,1.3885207,0.9003951,0.1267153,0.6213505,0.056082897,0.086256355,0.21366765,0.15758476,0.4547265,0.52584887,0.29330528,0.2600902,0.020925598,1.1440802,39.26426,0.22839494,29.167776,0.24790147,16.872883,0.2923382,-4.341392,-1.1768578,0.00952989,3.16653,0.34267256,0.5470099,11.455607,0.080131575,28.598131,0.21379128,56.148144,0.07572489,664.5563,0.38099,1582.7046,0.10058344,-40.00271,-1.7225332,1798.1241,0.15111537,1533.0264,0.13968974,-67.45277,-0.81411415,2906.163,0.0933187,1363.4536,0.1660843,-70.104126,-0.76577437,-35.601627,-0.09656693,48.96154,0.07056503,0.054089114,0.27977952,-0.010524103,-0.8189161,0.023774907,1.0553262,42.642414,0.07797948,31.719572,0.104070075,17.587341,0.26882938,-4.732721,-1.0345088,-13.753277,22.468903,0.034696396,0.0059626973,0.004354227,1.225115,0.15432099,5.54,0.0,0.91999996,0.0,-33.779587,0
25.952583,0.011404565,25.688034,25.915722,26.155254,0.4672203,3.7539718,2.115956,2.7808428,1.9612217,0.14485183,0.5352493,0.06972321,0.12321394,0.21599993,0.14627671,0.4967343,0.4553224,0.10975208,0.031166775,0.033207458,0.892661,41.48529,0.1511367,30.77871,0.16811784,5.2350574,0.9364577,-29.740408,-0.20670418,0.018398851,1.0829058,0.7163579,0.6394749,7.342968,0.25963575,-5.4700227,-0.870949,45.703953,0.089237586,827.72253,0.117111534,1367.6113,0.15507129,-8.567204,-3.7276852,2036.2725,0.06785158,1223.2115,0.15472622,-38.55848,-0.7001109,3088.8271,0.042980082,1058.6144,0.2116413,-37.617447,-0.718405,-35.022266,-0.07574805,42.878326,0.10757421,0.09448506,0.1619101,-0.04750885,-0.23142366,0.034041986,0.87102294,42.441708,0.08059065,31.442173,0.08814182,5.1712766,0.9380003,-30.32205,-0.15558217,-8.851637,17.280323,0.091747165,0.014024335,0.010307359,0.5319149,0.17889088,5.43,0.0,0.14,0.0,-36.618427,0
34.174137,0.027091779,33.968185,34.203106,34.507404,0.5392189,64.93397,45.48239,0.31374618,0.0,0.14584774,0.6270082,0.06560554,0.11135254,0.23421681,0.16861126,0.38241875,0.15672965,0.24306087,0.24909188,0.0107225245,1.8606976,42.80865,0.2160129,28.011305,0.36350328,5.9314446,0.6869309,-20.920925,-0.2814382,0.0021451553,1.8236754,0.20443633,0.59064376,13.054069,0.07873433,12.089429,0.25936186,51.37548,0.06319203,658.47455,0.25814503,1526.5516,0.17372568,-24.11038,-2.1178133,1918.035,0.09632737,1408.4398,0.18254557,-58.300545,-0.68248785,3003.831,0.059938546,1285.7318,0.20585155,-56.440063,-0.7113633,-35.35605,-0.09345804,45.23459,0.08760575,0.09221845,0.12286872,-0.029762156,-0.3176885,0.0115385465,1.7866604,45.26349,0.072512895,30.694843,0.122136325,6.62419,0.47923726,-21.992922,-0.2088428,-2.9035707,10.634795,0.08535005,0.019898286,0.0014936522,0.48780486,0.16420361,5.64,0.0,0.42999998,0.0,-34.692616,0
36.093822,0.013812285,36.062786,36.156673,36.284767,0.22198105,2.9230385,2.7805085,3.6854599,4.0546885,1.0067257,0.56257427,0.3954901,1.1821288,1.4461075,1.0506175,0.81595576,0.4553763,0.29746413,0.0,0.61099136,0.6660066,38.08661,0.534493,21.34607,0.47293907,2.7300832,1.4784838,-3.966474,-1.7987993,0.021838017,0.28567183,1.0704697,0.43317863,10.7584095,0.09100901,0.52872306,13.192389,47.132523,0.24311842,800.69836,0.08393159,1261.5326,0.14784895,-47.364273,-1.4119521,1967.4814,0.04061804,1045.9371,0.19134037,-71.854095,-0.780503,3103.3257,0.0225267,898.4554,0.20035331,-82.11511,-0.6290646,-33.785114,-0.12932494,49.411156,0.09925086,0.029230293,0.42167196,-0.040029675,-0.2999494,0.729465,0.46022534,46.515903,0.12652178,25.29219,0.19160981,3.5482461,0.97607666,-5.1689744,-1.3199612,4.40868,2.1657853,0.06222716,0.03965031,0.0029390655,0.14306152,0.14430015,5.83,0.0,1.0799999,0.0,-9.274956,0
38.05591,0.010076327,38.04535,38.124466,38.194656,0.14930725,0.6019224,0.0,-0.14732598,0.0,0.12552245,0.5947483,0.07150125,0.09828651,0.2082844,0.13678315,0.5344197,0.22598127,0.37513226,0.25893077,0.009101942,1.351792,39.265263,0.33816925,10.730553,0.61837417,-13.98856,-0.665524,-36.640648,-0.37203318,0.0026108006,0.73808396,0.2138047,1.3053905,14.7328415,0.039204117,0.2922018,25.701382,36.64159,0.24791965,832.58655,0.15201132,1257.0859,0.17099652,-36.58616,-1.8495914,1948.9921,0.12342156,1304.8811,0.20945829,-62.41226,-0.87388486,3103.7378,0.06093717,1017.56836,0.2942486,-64.49531,-0.8288777,-19.148867,-0.19875742,42.089725,0.12235295,0.10405336,0.16217929,-0.026026629,-0.43819907,0.01044118,1.2254182,44.254208,0.08726221,12.213218,0.48085174,-17.117447,-0.29594398,-41.451317,-0.14044616,-2.4686096,9.583754,0.07852242,0.026388641,0.00076522364,1.6200294,0.1485884,5.83,0.0,0.88,0.0,-39.549156,0
25.99721,0.0058666165,25.897581,25.992002,26.098576,0.20099449,1.9853733,1.9497364,1.2896034,0.72369385,0.20620693,0.6129787,0.0972251,0.23575336,0.33009592,0.23287082,1.0232264,1.009262,-0.37312007,0.48583978,0.03470931,0.8355732,37.82738,0.38390896,23.866236,0.5853629,8.028203,0.6511848,-18.385033,-0.25182658,0.0024906194,0.6552986,0.19109231,0.8606823,8.936355,0.035312716,-7.614952,-0.19456683,44.37232,0.082657166,765.505,0.2216293,1681.1774,0.120294765,-42.834126,-1.8631967,1974.1991,0.073457114,1451.2733,0.17392167,-66.89822,-0.9984638,3086.0945,0.054133598,1310.7479,0.16896549,-63.147934,-1.0862585,-39.356636,-0.041095033,49.1003,0.05647918,0.09051118,0.09279762,-0.035607874,-0.23780331,0.04308022,0.614918,44.96455,0.05505843,30.6124,0.06390868,10.167466,0.24799877,-20.077806,-0.12941287,-3.507184,10.567331,0.088964626,0.018071124,0.0015923327,0.43478262,0.14598541,5.48,0.0,1.35,0.0,-29.27838,0
34.293407,0.005043265,34.169434,34.295544,34.423275,0.2538414,2.1114976,1.2805918,2.4790819,3.149923,0.2290463,0.522528,0.13097575,0.2586524,0.3430494,0.21207365,0.7625822,0.653929,0.5213018,0.45559934,0.021163143,0.94152695,43.517834,0.25811264,24.10405,0.34871227,-1.9427377,-3.66325,-27.640837,-0.4191172,0.0027560168,1.3163434,0.30313903,0.9913396,12.929041,0.05210551,6.3135924,0.35720554,51.723633,0.094015926,810.49664,0.12925006,1271.2423,0.14633779,-46.012047,-1.6008352,2056.5913,0.09150292,1140.7306,0.19303234,-72.38806,-0.82745975,3134.375,0.051415484,1099.1687,0.21263044,-71.83669,-0.8363217,-32.895565,-0.12287036,47.14366,0.08620975,0.0867487,0.1732004,-0.04598607,-0.19455513,0.025312621,0.78382915,48.451633,0.09141567,27.735819,0.12974475,-4.3171573,-1.2548382,-32.464554,-0.1652904,-12.058376,21.048471,0.05348559,0.0072292294,0.002633093,1.0447762,0.15060242,5.45,0.0,1.17,0.0,-31.605614,0
32.835,0.0077194804,32.75461,32.846348,32.94291,0.18830109,118.63513,0.0,-0.010420111,0.0,0.47686717,0.38996544,0.23523778,0.5527783,0.63397,0.39873224,0.26154417,0.0,0.13477147,0.0,0.042810876,0.6345967,42.72202,0.052102964,25.73738,0.081662364,9.552226,0.48074538,-34.072845,-0.124302566,0.0013819335,0.40588522,0.10870196,0.5354581,12.467145,0.023964362,10.969565,0.27107584,44.222656,0.138909,879.7751,0.10888369,1492.6171,0.1252147,-12.037106,-0.50624144,2051.3142,0.06252716,1365.4279,0.31600186,-35.267143,-0.1343257,3054.2854,0.069726706,1138.7974,0.3597358,-26.790707,-0.21576308,-36.192234,-0.07283267,41.44095,0.12656306,0.08598817,0.11905629,-0.04840552,-0.10549429,0.04300387,0.6571479,42.839024,0.039564416,25.736794,0.08123941,9.593654,0.47874323,-34.139755,-0.1212969,0.0,0.0,0.0,0.0,0.0,0.0,0.17482518,5.71,0.0,0.0,0.0,-20.67823,0
32.14302,0.0070564663,31.947027,32.155113,32.31075,0.36372185,2.4760265,0.92937976,2.3218987,1.3511623,0.31926075,0.43477237,0.31406972,0.35044417,0.40275097,0.08868125,0.38239813,0.22572197,0.1999461,0.19843557,0.12141999,0.47770742,23.741352,0.59381104,15.719147,0.4407156,3.5706766,1.0162421,4.142978,1.1650677,0.035876594,0.5183574,1.5578647,0.41181338,6.023292,0.2769582,3.187802,1.0334977,29.649435,0.19435704,671.6195,0.24698552,1686.8224,0.14667249,-43.78441,-1.5333656,1669.3818,0.08632564,1323.9254,0.15172067,-53.145252,-1.1669327,2811.8748,0.06769959,1162.3136,0.29483482,-61.94167,-0.9414479,-20.34208,-0.10493319,33.446922,0.07456985,0.020379718,0.6164053,-0.017095981,-0.37260377,0.14270043,0.22154106,29.469824,0.12073369,18.461643,0.122533895,4.6354427,0.5469821,4.6885657,1.0199201,4.819748,1.5842727,0.063286155,0.041044243,0.0034278717,0.44510388,0.4491018,1.8766667,2.5693622,0.96999997,0.0,-30.893524,0
36.74687,0.017889865,36.627956,36.84848,37.007484,0.37952805,7.072177,4.6487737,0.24646468,0.0,0.1281814,0.61742324,0.06040667,0.09703578,0.22010015,0.15969348,0.46693337,0.20952348,0.34688923,0.25312814,0.011192271,1.3599817,38.92223,0.23931898,33.321735,0.31606895,8.906254,0.35323006,-19.962542,-0.30441222,0.0041340636,2.3449786,0.24778168,1.7875929,14.280901,0.081206955,17.983334,0.23096693,50.145412,0.101906665,646.0321,0.16115811,1371.586,0.10253807,-31.433823,-1.6058732,1921.2296,0.051650558,1214.5492,0.11703114,-68.430626,-0.55971986,3016.0693,0.034138866,1103.1412,0.15039253,-65.262146,-0.6019225,-38.341026,-0.07590232,45.340805,0.089331284,0.102134764,0.08736917,-0.024147268,-0.32515848,0.012053868,1.2958678,41.561333,0.077767335,36.19654,0.097235374,8.87828,0.35633087,-20.878489,-0.25168216,-3.0834582,9.184766,0.07175407,0.021835025,0.0011623943,1.2048193,0.15197569,6.06,0.0,0.5,0.0,-35.189426,0
31.153845,0.02436304,30.95848,31.20343,31.477083,0.5186024,387.15903,0.0,231.24301,163.39883,0.114678636,0.5446503,0.053694464,0.103937864,0.18738373,0.13368925,0.5906143,0.2928771,0.40071377,0.30011532,0.024371883,0.7917363,43.992172,0.2009407,32.31951,0.24280849,12.680838,0.38957953,-18.29789,-0.2940506,0.015405911,1.8795066,0.7060189,0.625717,9.8983135,0.15937771,4.8160996,0.91035646,52.36862,0.097851954,692.05237,0.1793204,1433.0874,0.14803149,-24.393312,-1.7754679,1927.0798,0.07221227,1274.9304,0.11810632,-57.128414,-0.59529626,3003.6016,0.044706605,1092.895,0.17513101,-55.842937,-0.61705685,-36.96627,-0.07453024,47.2079,0.08322522,0.092155255,0.09532861,-0.039190773,-0.23547801,0.025840338,0.7406099,45.91968,0.07987404,34.022705,0.071731985,13.123127,0.32730347,-18.804342,-0.2653703,-8.9991665,16.37041,0.088354476,0.010469847,0.0029936286,2.5641026,0.5181347,1.8133333,2.4937432,0.14,0.11,-38.300255,0
25.986797,0.07310139,25.406502,25.669277,25.961666,0.55516434,92.998146,125.13922,18.394567,21.90035,0.19794679,0.46456388,0.103689484,0.21184129,0.28017792,0.17648843,0.55816746,0.29012665,0.45293343,0.24738933,0.041798104,0.6984868,41.940155,0.13783489,27.303324,0.19181855,15.176653,0.28974012,-12.539695,-0.3857878,0.007622671,3.2421384,0.41615957,0.7712377,8.606691,0.067535274,-7.0469704,-0.83010817,45.867947,0.10452872,735.23834,0.2787428,1615.6931,0.11622073,-12.437054,-4.0797634,1945.1404,0.09946081,1472.4038,0.18153344,-38.00694,-1.12264,3028.0283,0.07700595,1415.0494,0.17243856,-38.325455,-1.111488,-38.284546,-0.07182316,46.967793,0.12236697,0.095694125,0.16469796,-0.025715888,-0.37888765,0.043301873,0.5962517,43.13577,0.075739354,28.449224,0.08810731,15.546692,0.27504942,-13.27177,-0.29378247,-15.670808,25.618807,0.052882172,0.008829287,0.023423,1.7857144,0.16366613,5.71,0.0,0.38,0.0,-30.22347,0
36.6116,0.008140132,36.526943,36.63974,36.767464,0.24052048,3.5969462,1.3102397,2.4033678,2.1817281,0.239196,0.44997817,0.1538353,0.27423093,0.33199558,0.17816028,0.8286015,0.9146062,0.42673436,0.50111634,0.02326883,0.74400526,42.601173,0.21441628,24.384693,0.4034943,0.2824638,22.723557,-23.033867,-0.4852175,0.0035208308,1.8253875,0.22776797,0.8289592,14.100498,0.056223243,22.60432,0.14737527,52.901016,0.13480203,584.78674,0.18745564,1515.235,0.0987528,-40.45556,-1.7461566,1764.0757,0.11284469,1412.3743,0.12761,-66.439064,-0.80311024,2923.9458,0.06041124,1234.5677,0.21995917,-70.03636,-0.7440887,-36.212555,-0.087965645,46.386936,0.119743116,0.10313646,0.101776235,-0.032199834,-0.22673196,0.026387712,0.62882644,45.88244,0.082418695,28.002438,0.09413066,-1.4029402,-3.263521,-27.030941,-0.15357596,-9.145042,19.362946,0.050552335,0.016695397,0.004448425,1.3196481,0.147929,5.8399997,0.0,0.9,0.0,-29.963652,0
22.491283,0.008669377,22.380318,22.51226,22.642733,0.26241493,4.4100575,1.5653244,3.8193214,1.8901467,0.099042326,0.6299931,0.048632283,0.0753235,0.17250791,0.12387563,0.15825222,0.11425604,-0.6797495,0.5244363,0.008032303,1.007755,39.535805,0.23821338,25.248863,0.41718057,12.478751,0.58563155,-10.446289,-0.6122182,0.003796647,0.50203735,0.36466005,1.0705945,6.895928,0.06651559,-5.653786,-0.38553572,42.08852,0.1374359,717.9571,0.23566581,1437.411,0.1759024,-19.809544,-2.7504592,1922.576,0.11130148,1194.9589,0.272339,-42.520554,-1.1083554,3000.7285,0.079974,1110.6818,0.25788036,-47.48346,-0.9605616,-33.4354,-0.14295316,40.77485,0.12468616,0.062142223,0.2365271,-0.021308018,-0.64563376,0.008611479,0.9560322,41.97665,0.11633892,27.980785,0.17363061,14.0345335,0.3134657,-10.090702,-0.6206093,-6.705882,17.341066,0.09035368,0.010713953,0.0016281991,0.31847134,0.32154343,2.845,1.2149999,0.24499999,0.195,-39.83024,0
33.314396,0.026157642,33.331085,33.416,33.484604,0.15351868,63.687584,0.0,0.061875064,0.0,0.1218,0.63250995,0.064729616,0.075820774,0.21570951,0.15097989,0.18131201,0.07744343,0.26426047,0.28099212,0.008693863,1.3173108,38.983074,0.29092875,15.657255,0.70077354,-0.87050384,-3.5736654,-26.772224,-0.3221751,0.003173989,0.7247687,0.26816842,0.5664919,12.31418,0.08130528,11.843637,0.24277954,42.30487,0.12020214,837.355,0.08603007,1148.0717,0.120179065,-32.302055,-2.1273537,1987.2034,0.068948366,1146.2827,0.16295029,-62.06331,-0.89854157,3049.6692,0.04175585,879.5157,0.27981037,-62.13525,-0.89745903,-27.60232,-0.1260436,37.964016,0.09953691,0.079421416,0.16400746,-0.02957478,-0.4385778,0.009872153,1.2153627,43.41587,0.08058401,19.721767,0.23072632,-0.4848161,-5.940485,-29.60755,-0.18345371,-2.219154,10.668219,0.083572246,0.020611107,0.0016186879,0.43478262,0.14619884,5.8799996,0.0,0.94,0.0,-39.95068,0
30.244402,0.0075312527,30.128927,30.26299,30.386139,0.2572117,2.1042633,2.0925982,1.8988179,1.2677644,0.63400984,0.5163968,0.506501,0.72504884,0.9147001,0.40819907,0.8191426,0.36105204,0.06153059,0.27368492,0.068056054,0.8535597,37.066135,0.40698096,18.910955,0.4741663,3.744783,1.3109585,-27.084436,-0.3983475,0.0020897842,1.8985246,0.14571938,1.3745677,11.128285,0.050146878,3.4007428,1.1299261,39.33735,0.18563001,802.1287,0.10940096,1108.7269,0.11467757,-38.212166,-2.1103861,2012.7153,0.07322682,835.29456,0.1645931,-56.21326,-1.2568301,3067.343,0.049002733,761.91785,0.25854465,-59.061893,-1.1728739,-31.6216,-0.13278712,35.19063,0.16640568,0.09046781,0.081199154,-0.06265789,-0.078236006,0.08429261,0.6354666,44.232613,0.074361525,23.073776,0.1136866,3.1979125,1.599166,-31.809734,-0.14677359,-2.8142264,9.797208,0.08232891,0.022540614,0.00079387496,0.5865103,0.147929,5.45,0.0,1.29,0.0,-19.559263,0
32.26792,0.0045585083,32.172386,32.275158,32.364246,0.1918602,2.636842,0.7287332,4.7022533,9.729621,0.1968673,0.44743696,0.09354643,0.23504226,0.27772507,0.18417865,0.5595718,0.42742658,-1.0977958,0.81691056,0.011520599,1.4658471,45.332066,0.18440674,27.791233,0.21635935,2.1209881,1.34919,-35.4818,-0.19247238,0.0011492007,1.2078822,0.10489382,1.1724856,12.107754,0.079161644,4.902473,0.21798672,49.537704,0.08655324,819.43646,0.020955147,1139.6249,0.06586842,-3.540001,-11.1090555,2023.9498,0.025557283,958.2071,0.08098489,-51.04035,-0.5854996,3111.0781,0.021466374,821.3232,0.093049705,-39.22209,-0.825986,-39.49691,-0.0745311,47.950294,0.08443676,0.10943774,0.09632039,-0.05603256,-0.13138866,0.011943032,1.4353843,46.96684,0.079649985,28.808569,0.09222925,1.9400877,1.3430948,-36.559895,-0.105131574,-4.6438713,10.917109,0.08386941,0.017831247,0.0005767347,0.34662044,0.17513135,5.48,0.0,0.21,0.0,-32.982723,0
30.577232,0.033044003,29.918444,30.465405,31.10452,1.1860771,34.117474,70.89505,8.682724,7.541939,0.13551433,0.6918604,0.056601714,0.09405634,0.22007792,0.1634762,0.75462383,0.25805333,0.56148154,0.41197574,0.034066726,1.1140708,41.072285,0.2762154,36.00756,0.3168801,24.280993,0.29862484,-0.9120106,-8.433515,0.0065057017,2.1690352,0.43569523,0.82482123,10.942123,0.06701551,22.62039,0.2981115,55.92664,0.0989486,592.4807,0.3152148,1444.6462,0.13473517,-32.808414,-1.5157535,1825.1138,0.10311418,1305.2588,0.13180396,-65.7885,-0.58818495,2924.1191,0.06657297,1202.8402,0.17886941,-65.56955,-0.5943586,-39.8685,-0.0902015,49.981167,0.09245156,0.040285956,0.40425235,-0.021566698,-0.4211522,0.037098903,1.0312158,44.183975,0.08688169,39.19715,0.08660156,25.970774,0.16829634,-0.30790392,-24.889761,0.013290819,5.8155065,0.08716713,0.02607259,0.00057174114,1.2718601,0.16051364,5.75,0.0,0.45999998,0.0,-31.350882,0
32.37541,0.03296355,31.234814,32.635876,33.306778,2.0719643,14.230341,4.207904,11.666447,5.887082,0.146219,0.6804481,0.052355595,0.11558044,0.26638526,0.21402967,0.86633337,0.8271282,0.7094573,0.8186437,0.025198884,0.93715405,38.826122,0.32871023,26.94288,0.46450615,13.093241,0.5399454,-8.217115,-0.6723044,0.0062364563,0.63374025,0.49210715,0.9071869,11.543867,0.09540824,24.546322,0.4127934,58.279102,0.10827461,655.4723,0.35111135,1592.5254,0.11293588,-38.89518,-1.6909715,1860.1478,0.12113566,1538.9827,0.14223774,-67.158005,-0.7656994,2965.214,0.07707831,1418.0116,0.19180049,-69.91861,-0.7213481,-37.36255,-0.113513425,49.840206,0.105778314,0.0727094,0.19253743,-0.017117143,-0.49435875,0.028629312,0.82352495,43.376007,0.10736367,31.479052,0.11805246,14.906149,0.35627076,-8.638299,-0.56696415,-2.5297718,10.402696,0.08481015,0.024718298,0.0036028926,2.1909235,0.15772872,5.5099998,0.0,0.39999998,0.21,-32.45839,0
24.285294,0.012102805,24.091297,24.235518,24.433386,0.3420887,4.009925,2.3334665,2.7902858,1.8405324,0.27030542,0.63809264,0.08691418,0.2652197,0.459015,0.37210083,2.090354,0.61953217,-0.026798686,0.8567486,0.066514626,0.8912814,43.220394,0.18934305,32.66472,0.25235984,18.54313,0.37505352,-1.207467,-4.0445023,0.0047144652,1.1470729,0.24892128,1.162247,7.911363,0.065587044,-2.3872077,-1.0359988,54.024673,0.09074103,646.30475,0.3345771,1547.1488,0.11131941,-12.765442,-3.3007374,1849.1041,0.10325912,1442.2365,0.15401968,-44.59483,-0.7557289,2946.5376,0.071538314,1356.4585,0.1679305,-46.726475,-0.71115994,-38.129303,-0.08850901,49.24496,0.07944559,0.051916897,0.33635756,-0.01983837,-0.31198776,0.07018167,0.83870685,44.935265,0.07776382,34.365093,0.07871872,19.380995,0.29923233,-0.6812617,-6.4462934,-3.0403802,9.71883,0.08814323,0.02067565,0.00076173793,0.51903117,0.17482518,5.46,0.0,0.24,0.0,-23.857586,0
31.487638,0.05758576,31.231674,31.322683,31.397907,0.16623306,231.56549,1.0398178,24.558077,13.268577,0.8419438,0.44520316,0.65517443,1.0069468,1.0973634,0.44218892,1.7839876,1.776704,0.2241764,1.3672872,0.11268837,0.7005543,39.92614,0.22476237,29.334518,0.3734498,-8.571195,-0.98297775,-32.342575,-0.38881108,0.006285643,3.453732,0.20921361,1.7735888,11.410119,0.083649404,5.8350563,1.1599014,45.335636,0.14054629,800.75726,0.06408755,1091.8967,0.089422464,-23.195423,-3.231163,1996.3761,0.045868006,997.3976,0.16400993,-65.12109,-0.87424487,3085.2112,0.026404398,800.38434,0.20469753,-59.60554,-0.9922464,-33.11256,-0.07348949,39.816673,0.136479,0.079367355,0.10807027,-0.07306136,-0.07542043,0.13044824,0.5209815,43.49846,0.07104942,33.3613,0.18135707,-11.551574,-0.4493499,-37.065502,-0.15715352,-11.028358,19.83208,0.051718,0.009582764,0.002281599,1.0954617,0.15797788,5.38,0.0,0.93,0.0,-16.424158,0
29.416796,0.22464652,25.870806,26.04233,32.438694,6.5678883,171.5066,140.1516,119.09873,86.80244,0.09434272,0.7512999,0.04463452,0.057105143,0.17975374,0.13511921,0.72505546,0.41439974,0.081654176,0.23751898,0.013451733,1.2415872,39.353462,0.21856949,29.124372,0.26792338,6.6589556,0.74876904,-26.83909,-0.26241788,0.032755993,1.8247641,0.8584591,0.65595096,8.590778,0.09056383,6.1424127,3.2122357,49.488964,0.12606946,851.6659,0.08203083,1255.1399,0.16150725,-55.114124,-1.4915069,2047.93,0.041061476,1068.4062,0.18295792,-80.704414,-0.8390049,3125.2717,0.03032261,965.3522,0.18632461,-81.58713,-0.8237436,-36.36072,-0.11261679,45.56936,0.12667933,0.07888213,0.19941394,-0.03779317,-0.25245985,0.016984545,1.0696126,42.129475,0.09759406,31.061653,0.10669535,6.692869,0.78279436,-28.306698,-0.2084515,-25.541922,32.87028,0.078910105,-0.024473311,0.0035665887,1.2678288,2.0766773,0.34846154,0.62930787,0.105714284,0.08261047,-38.78215,0
33.83047,0.0078089163,33.652744,33.84446,34.01721,0.3644638,4.4083376,3.0910234,3.0451121,3.6394873,0.21135458,0.27800453,0.17322545,0.20707405,0.23967999,0.066454545,0.4096422,0.29130426,0.3223336,0.21886584,0.007343573,0.60072404,37.937172,0.10542702,-0.8218117,-4.244562,-5.182507,-0.58562887,-15.596339,-0.278299,0.0030798553,0.4693727,0.18715164,0.5041455,12.680475,0.02965007,-4.5616097,-0.27305332,16.48914,0.16377085,742.84924,0.13357155,1564.9926,0.09616178,-12.310965,-2.037877,1529.4408,0.048197668,1143.9438,0.15125775,-16.792767,-1.458026,2909.1155,0.036787614,487.41684,0.37571102,-30.14422,-0.757559,-11.191194,-0.112598516,26.949976,0.083532386,0.04879962,0.19858745,-0.00447865,-0.62952995,0.0074430523,0.594095,38.393147,0.057372935,-1.1758231,-2.1150312,-5.39403,-0.49473882,-16.050201,-0.1890323,-17.242401,31.981798,-0.0028330244,0.02207317,0.003580437,1.3311149,0.08354219,11.75,0.0,0.19999999,0.0,-40.970207,1
33.14265,0.120852485,32.793724,34.51405,35.293537,2.499813,122.59326,118.294876,49.00388,118.34606,0.40294027,1.064858,0.014438015,0.07617385,0.8719479,0.85750985,6.108684,3.4190977,4.455855,2.9102583,0.13869756,1.2728268,26.990074,0.4570147,7.491105,2.141738,-0.8907679,-18.046293,10.140546,0.90422916,0.034738965,2.649392,0.7482689,0.986576,8.452341,0.42880717,3.5485427,2.47828,25.873377,0.43984863,776.567,0.16716501,1311.4784,0.12716235,-116.038055,-0.8045822,1720.8638,0.088784896,1018.61975,0.21071726,-120.90671,-0.72306305,2840.187,0.064144984,725.1209,0.28753442,-125.91067,-0.65059054,-14.761303,-0.48967063,28.555342,0.22276111,0.040436003,0.6354578,-0.016180526,-0.5986278,0.2462273,0.71660554,37.501385,0.09826232,-0.031142939,-504.56998,-11.706684,-1.1210055,6.131827,1.3459891,-17.502142,28.875954,-0.012927877,0.013566995,0.05674991,2.3255816,1.9308943,0.21789473,0.22020514,0.352,0.54106313,-26.46921,1
26.142506,0.010516911,26.046051,26.135195,26.259151,0.21310043,1.9084762,5.7865148,12.001254,13.911369,1.2029985,0.18608865,1.149309,1.2406007,1.3133601,0.16405106,2.4961274,2.4077275,1.3961992,1.0881839,0.2521041,0.28834754,43.586826,0.08982728,6.4475017,0.6050216,-14.5281725,-0.35274154,-14.401085,-0.23692165,0.0032408987,1.311588,0.42713416,0.69184583,8.80765,0.057459738,4.667362,0.1703712,23.35596,0.15810569,411.2115,0.016628,1199.0594,0.039588258,-12.4468155,-1.4368923,1208.5472,0.015098592,949.79694,0.04632043,-9.785811,-1.852834,2280.0962,0.03399901,689.7421,0.1921944,-31.207317,-0.52430236,-9.848142,-0.12707621,29.67428,0.10303194,0.02323171,0.4427771,-0.03159205,-0.13488132,0.25508457,0.26639032,43.966415,0.0426404,6.408789,0.6090801,-14.616853,-0.34674484,-14.612517,-0.1905834,-11.723553,24.542824,-0.028173285,-4.510581e-05,0.013360358,0.9860789,0.058173355,17.02,0.0,0.07,0.049999997,-25.050209,1
38.00413,0.1765058,32.933495,33.796173,45.21949,12.2859955,114.22906,80.75959,95.90621,74.656044,1.8635631,0.49488914,0.9847004,1.83579,2.6593266,1.6746261,19.89861,9.598928,15.979914,8.35003,1.4191054,0.70103407,34.710327,0.16546547,-47.257095,-0.20875296,-34.379196,-0.50880957,-7.8981338,-1.3309482,0.05216891,1.6428753,1.4982725,0.55415404,5.868929,0.6885279,-2.1362581,-6.972503,12.02788,1.4786752,887.5876,0.22603019,1328.318,0.16668764,23.881548,0.6686514,1716.3737,0.09983096,1130.8303,0.21578892,18.226173,0.89168817,2719.3867,0.10251374,983.26996,0.4014431,-3.131157,-4.790568,3.0670435,2.6344738,26.490753,0.29776022,0.06980918,0.47627318,0.016422363,0.95985776,1.4279311,0.696032,34.682926,0.16556515,-47.47844,-0.20066023,-34.439228,-0.50830156,-7.918773,-1.3300836,0.0,0.0,0.0,0.0,0.0,4.2111173,0.056593094,17.66,0.0,0.0,0.0,-17.139688,1
33.531765,0.046419084,33.470764,33.741367,34.01764,0.546875,224.02783,129.35942,18.960014,8.88854,0.34028715,0.4564933,0.24393663,0.3437522,0.45214117,0.20820454,0.91350734,0.6030233,1.0657977,0.5679768,0.02485402,0.7440632,43.62171,0.27271754,-1.1839327,-5.6391244,-3.8755167,-1.5329233,-7.80632,-0.920964,0.009063522,2.6861303,0.31074196,0.97819287,12.275959,0.10024916,0.15113811,21.9917,21.829521,0.22045834,697.69653,0.28551093,1499.4049,0.14491995,-28.811152,-1.9725118,1564.8651,0.18859504,1386.5979,0.28241158,-38.185875,-1.4085948,2761.1895,0.073439375,772.6181,0.36046714,-48.520424,-1.0282755,-15.099338,-0.2207146,31.172832,0.12564057,0.03041832,0.280843,-0.013024403,-0.42446798,0.026979795,0.6645794,47.428783,0.046570357,-1.7341105,-3.6867592,-4.086058,-1.4711876,-8.772281,-0.74919283,-6.7384424,15.839559,-0.0074161845,0.020622907,0.0062539345,1.3449367,0.23828435,3.7766664,4.782415,0.59499997,0.575,-31.941046,1
34.850327,0.043279484,34.684113,35.019196,35.38837,0.70425797,60.89442,90.79788,86.06912,159.89961,0.45753944,0.2539646,0.37636936,0.4541165,0.54091156,0.1645422,0.83423316,0.49181756,0.78564316,0.5794272,0.027472924,0.53593886,42.12869,0.124152854,-9.24977,-0.5726459,-19.508972,-0.31887203,12.295367,0.3254842,0.007829768,2.6494086,0.30006838,0.8857856,12.36606,0.12902543,1.7845455,1.147488,25.487852,0.23366435,865.3649,0.042355444,1181.8173,0.101407036,-10.833296,-1.8937186,1710.4017,0.03016681,962.93463,0.12397897,-14.219541,-1.4085714,2885.3003,0.03129562,706.1478,0.27465972,-33.7372,-0.55170333,-5.2299814,-0.43537718,29.539152,0.1561983,0.06204295,0.16315934,0.007357596,0.73282963,0.027818304,0.52282417,42.541695,0.08923969,-9.455159,-0.52680486,-19.787264,-0.29124597,12.300469,0.32181856,-11.7628145,25.486141,-0.013115163,0.025914948,0.004418993,1.2139605,0.05070994,19.49,0.0,0.21,0.0,-31.812435,1
21.151136,0.26950634,14.811474,26.188053,26.517925,11.706451,0.9397405,0.0,0.95034164,1.3472525,0.4359025,0.44459414,0.2459589,0.4495279,0.53256845,0.28660956,1.3217019,1.2001772,0.6961716,0.44021043,0.13187854,0.6304388,42.653107,0.14349426,12.340544,0.39094502,-6.0075107,-0.76185995,-9.467619,-0.390121,0.010720327,1.7766076,0.43468153,0.60290825,5.670136,0.5660842,5.687736,1.2778405,35.72291,0.20905548,649.74194,0.28451127,1527.0764,0.1569946,-32.984802,-1.9927537,1639.9818,0.20506293,1228.652,0.15775767,-44.29945,-1.3830436,2915.5728,0.10971329,1073.9084,0.20414941,-57.74608,-0.96437776,-16.278313,-0.15263183,38.35054,0.08163448,-0.005864016,-2.5173388,-0.021565754,-0.23928553,0.14502898,0.52797383,44.375687,0.05439096,12.780726,0.35607055,-6.1906595,-0.71585584,-9.144397,-0.36226597,-11.631916,29.222755,-0.014431621,0.0038405417,0.051615693,0.8343266,0.3597122,2.4033332,1.8312898,0.35666668,0.46906525,-25.97692,1
31.261183,0.10470551,29.135397,31.610695,33.35398,4.218584,58.217014,42.297676,115.30801,176.83827,0.83905405,0.67791724,0.29420835,0.82786506,1.3243412,1.0301328,6.7874856,3.3619113,7.4737787,3.7289941,0.4151261,0.96652615,34.68099,0.24090025,2.67921,3.4831476,-15.252362,-0.58614814,-19.845272,-0.65762514,0.057870526,1.4920423,0.93877333,0.91049945,5.024663,0.85852283,4.762129,1.4252073,28.735317,0.24075261,659.4496,0.19234726,1388.9944,0.1038448,-71.129196,-1.248094,1555.9214,0.09037972,1195.6189,0.2169378,-77.42271,-1.0832,2910.0195,0.057915915,890.2778,0.5080477,-88.84165,-0.85521984,-12.720955,-0.26011267,30.75813,0.14861628,0.033211984,0.5905294,-0.0187882,-0.5632359,0.4836934,0.7307616,38.22375,0.1302759,4.377533,2.037889,-16.846258,-0.44556543,-24.000343,-0.3667342,-10.668911,27.974169,-0.00036766913,0.0054647434,0.27819142,3.4031415,2.3715415,0.26999998,0.22437568,0.13055556,0.17927234,-20.066607,1
25.699755,0.010136451,25.530586,25.66611,25.822454,0.2918682,3.5054495,2.2302127,2.7239747,2.2333872,0.6579334,0.16268474,0.61920667,0.66057014,0.7065693,0.08736265,0.5243783,0.3932174,1.7033466,2.2825043,0.096277185,0.48055515,38.384407,0.0727329,-1.2876437,-2.1762788,9.822605,0.62117714,-8.090311,-0.84373873,0.004831256,1.1715312,0.28070554,0.5872242,8.421925,0.09825447,7.1213193,0.20312154,21.347261,0.17684902,539.86395,0.21240695,1451.7543,0.11582087,-12.064254,-1.2108573,1454.5852,0.11495945,1325.5681,0.19655776,-18.821955,-0.75592065,2506.1519,0.057815813,1019.65356,0.2919114,-27.39735,-0.50011665,-15.181777,-0.11192925,25.494904,0.097897515,0.013215047,0.4166161,-0.01661626,-0.39052334,0.09711559,0.47263962,38.56739,0.04792516,-1.335255,-2.0698817,9.945548,0.6007519,-8.185374,-0.827109,-13.345211,24.031752,-0.011778437,0.015939029,0.009658418,0.27144408,0.054436583,18.25,0.0,0.099999994,0.0,-25.553885,1
34.733353,0.028884105,34.414936,34.77468,35.152866,0.7379303,78.26489,63.044846,4.7909265,6.6825976,0.90555125,0.18884556,0.82442755,0.9453478,1.0239426,0.19951504,1.1017398,0.97083735,0.70318013,0.5056784,0.07763118,0.41886225,38.424767,0.08506883,-11.945843,-0.35538045,-8.6313505,-0.36110434,-24.056227,-0.20758109,0.0066867894,1.4242967,0.19633718,1.1130631,12.206816,0.13401161,4.1822906,0.34408566,21.347292,0.10847958,685.02203,0.16082951,1426.259,0.07506948,-6.830254,-4.1733117,1528.8445,0.0641207,1138.6089,0.13172221,-13.7049885,-2.0230098,2730.3496,0.021963136,627.0836,0.21421324,-28.547684,-0.8883194,-6.7882667,-0.29232836,24.773272,0.08825118,0.060342357,0.17755838,-0.00083708076,-5.189155,0.07713938,0.38569692,38.63995,0.05234883,-12.306538,-0.286011,-8.8987665,-0.27746555,-24.583275,-0.12225737,-13.055731,28.505762,-0.0025688524,0.0060207522,0.11207699,1.183432,0.2969562,3.28,5.491179,0.067499995,0.0349106,-23.97525,1
19.893227,0.017071884,19.636648,19.90842,20.157087,0.52043915,5.0420933,3.3977005,3.0702288,2.532542,0.42380866,0.30600908,0.35862947,0.43409482,0.51245946,0.15382999,1.6370751,1.3126959,0.9309591,0.8822802,0.09055292,0.4612101,45.109768,0.21374495,2.9018939,1.537999,-7.573336,-0.5026223,-12.597694,-0.43801215,0.005087784,0.95554113,0.41894394,0.58853006,5.2512894,0.12382316,6.477342,0.43001807,25.570478,0.12902595,402.72662,0.019793512,1189.2494,0.03465916,-17.38244,-2.3259466,1211.2076,0.016569914,949.6464,0.04595998,-19.22254,-2.0842824,2235.5256,0.017518954,702.46643,0.12540615,-38.299664,-0.93746495,-12.284828,-0.1558131,29.731174,0.09165414,0.0027595703,3.2452314,-0.033693615,-0.15546231,0.095010355,0.3963887,47.186172,0.047323935,2.805509,1.482674,-8.039249,-0.39116222,-13.370974,-0.32015005,-19.175766,31.940125,0.08911789,0.015208422,0.0097608855,1.3410656,0.03631082,26.25,0.0,0.63,0.56,-37.21677,1
30.10223,0.004431074,30.016129,30.083405,30.167645,0.15151596,1.8665227,1.8667256,0.8901631,0.8821088,1.8322244,0.14743951,1.6922172,1.8225132,1.9796009,0.28738368,1.5033259,2.3274992,0.42669544,0.22347306,0.22783905,0.39938876,37.414074,0.10500306,-16.113928,-0.21930712,-15.839078,-0.22175674,-17.912937,-0.3186635,0.002031404,1.025097,0.13942872,1.4779251,10.874475,0.054358743,5.4180284,0.18600325,14.423189,0.19419852,596.48566,0.13745527,1240.1686,0.08883908,-3.483179,-5.1092687,1482.4462,0.040405005,911.7207,0.08845765,0.4977419,35.73478,2712.7366,0.023730885,482.57632,0.48020115,-16.85715,-0.9756219,-5.5147996,-0.18988861,24.441437,0.107113875,0.06864185,0.19062476,0.0043428424,0.5545544,0.22944735,0.39052945,37.646004,0.08072805,-16.30862,-0.18100557,-15.895931,-0.2164858,-18.129622,-0.29377365,-16.434448,32.124424,-0.07977388,0.008962914,0.101867914,0.37664783,0.047192074,21.01,0.0,0.074999996,0.035,-22.090849,1
23.912006,0.014662378,23.627022,23.887934,24.172802,0.5457802,7.667516,3.58841,7.384409,5.041478,0.6658139,0.20301488,0.58668995,0.6807749,0.7564201,0.16973013,1.1275506,0.5538233,1.1156993,0.78488964,0.07124268,0.34373018,41.02198,0.0899025,-8.173357,-0.51224595,13.249889,0.19942786,-7.343811,-0.5796052,0.006115223,0.5158484,0.24416362,0.58407843,7.2631464,0.078017704,11.979326,0.085549414,24.130392,0.1163419,440.38962,0.060976885,1142.3904,0.099384606,-11.481415,-2.1621106,1366.2284,0.024285367,952.6479,0.07769832,-14.76119,-1.653473,2399.8657,0.023636974,798.7637,0.1459777,-28.215376,-0.8056471,-12.321205,-0.08510978,19.64078,0.10885097,0.0056324806,1.1512153,-0.016025672,-0.122810975,0.07246472,0.3220347,41.43339,0.044921007,-8.69902,-0.23320927,13.198943,0.19370331,-7.7472677,-0.39582664,-27.101654,35.83552,-0.043597624,0.0106346095,0.017209249,2.317655,0.06839945,14.36,0.0,0.24,0.0,-26.449127,1
25.195759,0.0062890477,25.061316,25.205574,25.328337,0.26702118,4.3585134,1.8009422,3.976946,1.6559939,0.44807205,0.19381842,0.37083557,0.4295315,0.5382199,0.16738436,0.6568596,0.5440983,0.4151747,0.25527266,0.06637342,0.3121092,42.958317,0.029327808,26.62934,0.07430954,-11.125823,-0.4009499,-12.092493,-0.5302399,0.00284439,0.45063716,0.20656835,0.43519163,8.474032,0.012563743,10.517475,0.08330943,37.95605,0.08159116,484.8938,0.17432247,1442.4862,0.08065939,-11.147816,-0.2510643,1361.4572,0.15083247,1310.0883,0.19842818,-21.91043,-0.31083655,2644.8125,0.06339362,1005.9535,0.24032526,-43.14938,-0.076131545,-19.527826,-0.119834274,36.70993,0.050943155,0.0061551137,1.0627521,-0.040116567,-0.14909065,0.06668594,0.31278703,42.933655,0.029001083,26.591135,0.07346308,-11.047939,-0.40005904,-12.120771,-0.53140074,0.0,0.0,0.0,0.0,0.0,2.052239,0.18867925,5.29,0.0,0.0,0.0,-26.229418,1
32.611263,0.008472125,32.399513,32.608543,32.837856,0.43834305,5.91299,2.7134478,5.956032,2.9205797,0.43111002,0.31250793,0.34581685,0.4294616,0.53243196,0.18661511,0.8788816,0.5274561,0.81081873,0.62410426,0.04438099,0.42004308,37.678043,0.16621502,19.347961,0.3130647,9.194251,0.5793931,-16.53701,-0.43953496,0.0037425966,0.7180348,0.24969438,0.508702,12.18246,0.03148354,3.7297795,0.85726583,20.071306,0.26424035,882.5279,0.14573324,1190.1816,0.22745557,-25.985983,-1.2863792,1880.9213,0.10904535,1345.1772,0.21966653,-45.60756,-0.65080965,2969.2258,0.03826435,506.27798,0.56227547,-40.731632,-0.7443366,-19.63363,-0.12661082,33.52133,0.11512651,0.020219183,0.59568435,-0.014999532,-0.4708147,0.046067897,0.37095982,38.826042,0.06499461,20.024258,0.2546272,9.652336,0.4985311,-17.037798,-0.39205623,-4.9596066,16.561378,-0.0053667366,0.02917344,0.0045180917,1.2409514,0.103950106,9.28,0.0,0.32,0.0,-24.856865,1
30.066217,0.03832455,29.190445,29.647835,31.259457,2.0690117,26.66625,17.588957,12.562033,10.398913,0.2915812,0.33988208,0.24696355,0.3229468,0.36166683,0.11470328,0.54557747,0.4035678,0.41137126,0.21207586,0.055878572,0.3705237,32.15899,0.1820689,14.338521,0.28671604,6.90815,0.52188027,10.416242,0.55267805,0.012248629,0.56127083,0.5944017,0.6085886,9.600589,0.0803522,13.135401,0.4412205,28.432568,0.23051311,713.6867,0.37119657,1413.1786,0.17885844,-40.304173,-1.3115249,1791.972,0.2104079,1064.7845,0.17075402,-47.632843,-0.9883558,3012.6997,0.13515745,985.85803,0.23662737,-55.46259,-0.80197185,-20.576876,-0.14446913,35.223034,0.08560548,-0.0029897986,-3.3529556,-0.0004530584,-10.474809,0.06098764,0.23059052,33.832623,0.076116495,15.046027,0.21993804,7.118412,0.49354517,10.524584,0.55547196,-17.47688,31.476294,-0.03307595,0.021103581,0.012804891,1.6055045,0.6960557,1.2966667,1.438201,0.34,0.0,-29.35391,1
27.482426,0.034747873,27.579128,27.756924,27.85815,0.27902222,5.20827,0.0,0.67118675,0.0,0.7116168,0.3821014,0.49370062,0.80940676,0.91127646,0.41757584,0.7201286,0.42545083,0.14003143,0.061460428,0.10169122,0.44152427,41.848305,0.17360212,6.009126,0.7862884,-9.212947,-0.5522218,-19.391958,-0.3081069,0.00676083,1.49217,0.4395671,0.7919131,8.857757,0.1674051,8.45071,0.20243317,28.040323,0.15694605,474.23877,0.17734276,1409.2107,0.101115264,-16.809402,-2.4054618,1311.0583,0.09994862,1035.8707,0.10693644,-16.29637,-2.4894977,2670.453,0.050472103,706.2617,0.27617356,-36.59494,-0.9877517,-8.816714,-0.20451103,27.336058,0.111320525,0.026650552,0.24059634,-0.027996434,-0.15862562,0.107101046,0.3700399,43.262096,0.07405685,5.8215446,0.68987924,-9.19041,-0.4851189,-20.351604,-0.18762481,-7.5747633,24.166061,-0.0008076152,0.021746984,0.0025832416,0.19900498,0.1,9.53,0.0,0.45,0.0,-23.989384,1
27.973042,0.03273955,27.057621,27.8054,28.921574,1.8639526,1.1109165,0.70995206,2.5964305,2.4920027,0.679506,0.19429761,0.61244076,0.6867882,0.7725551,0.16011435,1.6105899,1.0647335,1.6589887,1.2804551,0.06400757,0.29880273,32.972965,0.13886017,-14.538056,-0.3016881,11.680606,0.25816923,-15.674255,-0.34914872,0.0031377347,0.7225872,0.2855059,0.49851167,9.26829,0.070666775,8.364259,0.22289185,11.7078905,0.20403592,467.3674,0.07735845,1101.5625,0.08474002,-20.85885,-1.3961725,1325.1365,0.029620059,918.51184,0.06355343,-12.5742655,-2.4176943,2438.2588,0.017860834,645.70166,0.17918038,-24.766552,-1.1493713,-5.7943206,-0.216693,18.209864,0.12698983,0.006047531,1.4730922,0.008688561,0.43945697,0.065184236,0.24041477,33.604034,0.05134663,-15.098057,-0.1562214,11.819774,0.2263276,-16.350084,-0.2114175,-9.097697,21.790897,-0.013475552,0.03395791,0.03169771,2.0593083,0.082712986,11.7699995,0.0,0.29999998,0.0,-28.5632,1
32.783398,0.06315498,32.980797,33.142616,33.277454,0.29665756,237.0287,0.0,2.9345264,2.1720011,0.9002523,0.3982322,0.82015586,0.9729874,1.1194372,0.29928136,2.5006204,2.1982458,2.344423,1.4527296,0.14905648,0.59161335,31.71416,0.33935606,-19.818298,-0.41456473,-15.789307,-0.5122912,16.019304,0.51585585,0.010846765,3.474346,0.36906043,0.8580457,10.2038355,0.22627,0.95468056,2.356615,6.6896896,0.7007823,540.77106,0.1504774,1302.9056,0.09768299,-31.008337,-1.9082079,1437.9966,0.06438971,1306.6504,0.23881972,-21.893476,-2.8490465,2319.7012,0.06275684,1160.7335,0.438213,-36.234356,-1.5842501,0.18978636,7.93706,17.517693,0.13422883,0.011013718,1.8556932,0.017598722,0.16937366,0.16759413,0.45125628,35.270588,0.07888831,-22.498526,-0.14349344,-17.81508,-0.33925086,17.68551,0.38560456,-14.975626,29.70649,0.10810629,0.020448865,0.021767022,2.2966506,0.09615385,9.26,0.0,0.555,0.525,-31.458788,1
26.394945,0.010826853,26.164766,26.382355,26.629984,0.4652176,5.7203093,4.0263066,5.668579,5.6359205,0.2624744,0.5055076,0.19708468,0.25332385,0.3421653,0.14508061,0.8155106,0.5055229,0.75866157,0.5080128,0.036946494,0.75810724,38.458645,0.33721805,17.122564,0.32116792,4.6035576,1.0042961,-33.87152,-0.43458626,0.00455425,1.3736866,0.40839717,0.6517829,8.781168,0.0905447,0.63119256,4.525416,25.526924,0.13225348,404.21414,0.20878829,1268.0348,0.08252843,-32.19482,-1.7912449,1179.9728,0.15345219,905.4122,0.089303784,-32.933475,-1.7454095,2630.0842,0.047339953,546.43665,0.49667186,-54.456127,-0.9185618,-16.92855,-0.15317631,33.500416,0.09061975,0.038016923,0.38058272,-0.05998493,-0.09856912,0.04114251,0.64911604,42.631035,0.10195249,18.52959,0.1619443,4.742839,0.9226738,-38.25433,-0.19159588,-13.551566,24.176086,0.05984733,0.011657824,0.0046379883,1.566265,0.060422964,14.809999,0.0,0.85499996,0.775,-40.938503,1
25.0683,0.021791665,24.849195,25.139338,25.335573,0.48637772,307.1271,0.0,0.37072778,0.51023656,0.20750436,0.49715734,0.10372621,0.19532624,0.30712956,0.20340335,0.9355181,0.5895875,0.7961852,0.53796905,0.023515858,0.5713454,37.755123,0.15126134,19.358395,0.32086843,0.43777704,7.8709736,-32.267162,-0.34472528,0.011746267,1.7209896,0.4932844,0.66193074,7.768773,0.09689665,-2.3758316,-2.2041538,15.868174,0.4540724,621.6786,0.25499144,1395.573,0.12975472,-18.42165,-1.5801059,1534.6698,0.20038533,1341.8489,0.2340992,-32.676437,-0.9230592,2875.9314,0.046225537,570.53394,0.5013964,-37.510944,-0.7015725,-15.864864,-0.2763193,30.874603,0.14039175,0.014103614,0.54575914,-0.035942066,-0.1681734,0.024124492,0.54535365,38.5876,0.06982227,19.531996,0.31364924,0.2443191,13.285168,-33.360985,-0.2721141,-16.163448,27.717886,-0.01111893,0.024519794,0.002658608,2.1003501,0.05851375,16.66,0.0,0.41,0.0,-37.15233,1
26.461313,0.021850582,26.252024,26.54143,26.83871,0.5866871,4.6562295,2.2017455,-0.38964257,3.1856854,0.35148916,0.6466664,0.1531083,0.36410293,0.4598835,0.3067752,1.6490006,1.7423824,0.6715274,0.5779034,0.052190345,1.136031,35.91144,0.35212606,19.332893,0.3744908,-5.902275,-1.19843,-8.501395,-0.9489143,0.0033366063,0.9906635,0.37589237,1.0596435,9.014871,0.073245265,13.550378,0.23914407,39.746925,0.10783745,448.6174,0.23590694,1594.0905,0.1057974,-39.21815,-1.627782,1299.0841,0.09189078,1009.02313,0.1888238,-39.7424,-1.5951761,2837.6685,0.056448303,884.6754,0.56642056,-63.035797,-0.8604362,-14.954107,-0.17715535,37.969353,0.07316843,0.018960299,0.73915815,-0.023392078,-0.3792874,0.06014094,0.99870294,40.590027,0.06680966,21.48578,0.18563773,-6.8198247,-1.0013585,-10.742159,-0.4837722,-10.13549,24.03707,0.04907231,0.0083651,0.0035059073,0.18541409,0.061996285,13.96,0.0,2.1399999,0.0,-35.183586,1
30.066206,0.0080536185,29.895103,30.054434,30.221855,0.3267517,2.6218677,1.7007312,2.0913556,2.3033261,1.0267959,0.40144986,0.85284674,0.988502,1.2631288,0.41028202,7.524672,5.4146166,0.15355614,0.0,0.20595579,0.87243885,41.943916,0.23946771,26.74209,0.25574028,-10.1572075,-0.5161268,-21.66582,-0.2936021,0.004912101,0.9698548,0.24577503,0.88527334,10.720124,0.059698228,2.8806412,0.2768459,36.97455,0.10673226,443.17325,0.2539654,1565.312,0.14473693,-18.042044,-2.4768887,1238.286,0.106181234,1107.997,0.2412693,-30.19252,-1.3718662,2691.2964,0.06760047,1267.3153,0.57048684,-51.318592,-0.70822245,-20.436878,-0.14455198,37.804653,0.06878543,0.05996857,0.20472184,-0.045235876,-0.119815186,0.21818234,0.814829,44.33912,0.046907254,28.213057,0.11108618,-10.745116,-0.44493034,-23.008396,-0.14682877,-17.556755,32.75274,0.09973458,0.016312527,0.035588384,0.04810005,0.048216008,19.58,0.0,0.565,0.515,-22.62491,1
29.674316,0.034171607,29.527987,29.763647,29.977097,0.44911003,-102.03203,0.0,0.27165002,0.0,0.4434047,0.4677477,0.36642885,0.4785405,0.5545555,0.18812662,1.0052962,0.46399295,0.37820053,0.29935002,0.09841907,0.6307027,26.388315,0.3572889,25.110254,0.3464849,13.378466,0.53102726,1.8015299,2.9429247,0.012919319,0.8216893,0.41005942,0.6381981,10.372556,0.11919193,11.974843,0.6465982,32.395023,0.2276811,347.48416,0.4683678,1331.9585,0.08382845,-46.982178,-1.4804184,1302.088,0.19033931,797.8068,0.11499652,-53.306515,-1.0633085,2600.3381,0.08188303,395.6691,0.460457,-65.90156,-0.7852164,-23.986507,-0.0890139,36.485725,0.07286454,0.009617578,1.8470498,-0.00689322,-0.90372634,0.11235996,0.48008463,29.820047,0.09312711,28.176826,0.09732004,14.879157,0.40626442,1.3201785,3.5961056,-18.34429,28.515026,0.07188591,0.014505875,0.019612063,0.17406441,0.08741259,9.96,0.0,0.72499996,0.36499998,-28.150734,1
29.646759,0.060431212,29.743113,29.863329,30.10239,0.35927773,42.797916,0.0,1.2633634,0.0,0.5347598,0.35052904,0.4831368,0.53090096,0.68940216,0.20626536,0.88692015,0.53463304,0.9520953,1.0380547,0.044407014,0.4547675,38.901432,0.26756918,-4.368485,-1.1232218,-9.382077,-0.7054592,10.214065,0.5925474,0.00683761,2.0174534,0.2754775,0.9149986,10.168508,0.15088849,7.1050906,0.17410232,16.852184,0.27899212,458.09128,0.08236073,1205.6096,0.082998686,-29.031355,-1.7413584,1361.678,0.039719976,977.5372,0.097286366,-24.740486,-2.0947208,2464.4321,0.04525738,789.6685,0.22745386,-38.62048,-1.2389444,-9.361693,-0.17902802,24.226,0.16404296,0.032536153,0.27336052,-0.005307821,-0.8618193,0.04724294,0.3538092,41.605778,0.052223295,-5.33937,-0.6833133,-10.479032,-0.5272523,9.824063,0.6162038,-10.042913,22.516174,-0.008184366,0.03386325,0.015100998,0.36003602,0.18083183,5.075,5.045,0.435,0.255,-28.793959,1
26.811567,0.010186247,26.635258,26.802734,27.01024,0.37498283,4.2676983,2.350399,2.6637895,1.6586256,0.4472857,0.26782316,0.3959121,0.43541533,0.48331594,0.087403834,0.71794087,0.5409326,0.34298235,0.2438534,0.045692,0.39778847,42.027893,0.10127966,6.5932817,0.4325011,-3.6762679,-1.3742107,-23.328684,-0.30441043,0.003552561,0.62005174,0.30485606,0.5013647,9.118781,0.035997428,-0.82070893,-1.528847,20.881195,0.16317527,476.37866,0.10631246,1343.6589,0.091250926,-12.529606,-1.8150346,1317.5647,0.08843817,1236.583,0.18337758,-17.733181,-1.268777,2583.342,0.06647796,1074.7979,0.33511513,-35.25527,-0.5754174,-13.76424,-0.15969822,30.338827,0.10987975,0.02243242,0.38654083,-0.033963755,-0.11955963,0.046454765,0.3774454,42.503883,0.05001761,6.4759016,0.415542,-3.7489815,-1.3423539,-23.781044,-0.26223412,-18.52725,31.455173,-0.00984644,0.018775582,0.004565794,0.46242777,0.057971016,16.99,0.0,0.24,0.0,-29.27998,1
33.461605,0.0077818823,33.361702,33.466496,33.586136,0.2244339,24.719276,16.808315,24.697716,30.73544,0.8224715,0.36872312,0.7279673,0.81934947,1.0332084,0.30524105,4.3771377,3.4207883,0.39344534,1.3429976,0.07632794,1.2829493,37.63681,0.24510744,-1.5704058,-2.9768825,-5.0847416,-1.2161003,-25.894669,-0.36987236,0.0031510089,1.1267282,0.22618821,1.0068184,12.511841,0.0824148,0.651925,4.880033,20.651733,0.21148948,460.7392,0.22936188,1268.3267,0.1418678,-20.389805,-2.2089415,1284.6963,0.0938091,1013.47107,0.22862852,-20.045364,-2.2438548,2372.8362,0.14220849,1032.5707,0.5476295,-39.874638,-1.007086,-9.660692,-0.24861734,25.677668,0.14578451,0.0679747,0.23786707,-0.013701114,-0.28487927,0.081077345,1.2256037,39.839165,0.05755837,-1.7845621,-2.5913026,-5.376906,-1.1369947,-27.548077,-0.2536573,-12.777499,25.665838,0.10331891,0.015905762,0.01669396,0.14888337,0.049751244,18.92,0.0,0.575,0.475,-29.949549,1
31.232456,0.005858954,31.094074,31.188951,31.362064,0.2679901,2.8118331,1.4063797,2.3163776,2.6554441,0.40082687,0.36003774,0.32556555,0.35091305,0.4301629,0.10459736,0.72006345,0.8745199,0.8843947,0.87209755,0.03421563,0.37625644,42.782066,0.07429041,5.721476,0.45650715,-0.2406777,-20.47304,-3.9288514,-1.0940702,0.003974598,0.49146155,0.31370762,0.47307527,11.279246,0.032538865,4.2952104,0.56176907,22.597065,0.17027749,876.2934,0.11804494,1333.9377,0.15062657,-15.175681,-1.1287214,1743.7487,0.09035832,1381.5259,0.20275153,-28.578882,-0.55891913,2910.5156,0.059631415,644.8534,0.3949656,-33.811253,-0.45958647,-15.630237,-0.11650053,30.784645,0.09940957,0.03849171,0.18006374,-0.012497777,-0.32392135,0.034515984,0.36562786,43.072006,0.033715226,5.5675244,0.37840343,-0.29944775,-16.407406,-4.017998,-1.0436649,-20.396694,31.074142,-0.02141854,0.009886217,0.009973252,0.10282777,0.05154639,19.23,0.0,0.14999999,0.0,-28.781584,1
32.894447,0.0063050366,32.75022,32.92476,33.067272,0.31705093,4.368804,3.0165925,3.0775487,1.9248692,0.18227424,0.13060825,0.1624966,0.17954248,0.2014436,0.038947,0.34895974,0.20537359,0.19710922,0.10648163,0.0053435354,0.35656956,41.55028,0.0742081,2.3176358,1.1998417,-8.717627,-0.4093396,-14.350752,-0.30026922,0.002366926,0.44901568,0.16083173,0.4686758,12.359423,0.018162703,-0.15639581,-11.155519,22.164944,0.14875154,756.0092,0.09302443,1496.3413,0.08999066,-7.771364,-0.12636966,1533.1183,0.055781443,1157.8174,0.15945628,-14.642636,-0.13740121,2907.2598,0.029156355,516.3675,0.25362018,-31.326818,-0.09354522,-12.807831,-0.065204285,30.91862,0.08602414,0.052735552,0.11496183,-0.0045288173,-0.5336968,0.0053645005,0.35540903,41.55098,0.07457678,2.3043606,1.2110777,-8.702515,-0.41177565,-14.376986,-0.30067393,0.0,0.0,0.0,0.0,0.0,2.5466893,0.1715266,5.8199997,0.0,0.0,0.0,-42.8828,1
31.369602,0.11864048,28.723633,31.73732,33.95284,5.229206,188.73386,185.21852,223.5461,335.73367,0.305875,0.6097919,0.106878035,0.340223,0.49900174,0.3921237,0.9084358,0.48180908,0.74391353,0.6251385,0.044178084,0.6223153,37.456734,0.23257722,9.321485,1.8835018,-0.50190985,-30.760698,16.616041,0.36671627,0.014189357,1.8529773,0.48580563,0.74367225,10.080814,0.26441777,8.752936,0.74560344,29.780836,0.29488203,762.3537,0.17850034,1354.3535,0.12569463,-35.623436,-1.6912183,1750.7981,0.096891075,1074.005,0.24053343,-46.162853,-1.2291294,2845.7651,0.060651448,824.34924,0.372572,-55.655113,-0.9486157,-19.739052,-0.56565404,32.5267,0.358756,0.019917883,1.2306128,-0.013979371,-0.9277775,0.044908065,0.504251,39.98066,0.10476949,7.395641,2.3355477,-2.6753328,-5.5272684,15.723959,0.3620612,-27.33954,37.410698,-0.04667098,0.02150813,0.042520564,1.0452962,1.0544815,0.8283333,0.98594135,0.145,0.17124544,-33.4954,1
26.758425,0.012697065,26.683704,26.775877,26.873596,0.18989182,5.0534563,3.879906,0.18421485,0.0,1.6088648,0.15584603,1.4803895,1.6041338,1.7089965,0.22860706,3.0499856,2.4571166,1.9271106,2.5094328,0.3638831,0.26373887,43.073242,0.059663136,2.2634497,1.1359369,-14.82273,-0.22962889,-18.517387,-0.23765127,0.0035626683,0.94500524,0.6540953,0.5693574,8.943994,0.057447925,2.6753075,0.31266147,23.276953,0.11409925,421.36993,0.021771627,1155.0883,0.046272434,-9.660138,-1.0365354,1230.0221,0.019791095,942.42865,0.048043475,-6.856288,-1.4969238,2284.1223,0.034752075,773.8125,0.21030594,-30.199125,-0.3061297,-7.701617,-0.17234498,29.626528,0.086439,0.031410825,0.37193725,-0.024963427,-0.14705014,0.3660449,0.25244159,43.2138,0.03769708,2.2371433,1.1318734,-14.838389,-0.22841494,-18.609108,-0.22219916,-11.535581,28.31257,-0.023164447,-0.0027906965,0.050546203,0.6960557,0.058173355,17.13,0.0,0.04,0.0,-22.214136,1
40.9283,0.16178675,34.155674,38.86026,46.114407,11.958733,146.52191,118.59036,84.68495,62.263794,2.086382,0.48986906,1.152793,1.9029632,3.0493736,1.8965806,14.563178,7.6730976,13.451556,7.4589896,1.3453202,0.731143,31.420094,0.24860626,-47.09732,-0.20271838,-26.216755,-0.67714715,-2.3048637,-5.6359067,0.04739924,1.2745489,1.3782073,0.6526092,6.649478,0.6596976,-7.285233,-2.862329,11.48839,1.4760646,819.6895,0.24432082,1225.1454,0.18626207,8.455943,3.5687811,1675.1978,0.09985594,1024.3516,0.20957838,14.873138,1.8075963,2788.95,0.08846594,826.1238,0.43731228,-10.41994,-2.454436,11.304937,0.58933145,30.619768,0.28939378,0.09217018,0.31019822,0.036570173,0.4130717,1.3668066,0.7182997,31.568869,0.24568072,-47.647953,-0.17567885,-26.675539,-0.6545945,-2.1856349,-5.9698043,-3.7203507,17.334356,0.05703248,0.00632119,0.022282448,3.937008,0.065876156,15.0,0.0,0.16,0.0,-14.373806,1
33.306664,0.047133956,33.118618,33.571587,33.850742,0.7321243,128.78703,159.6361,16.196863,16.39613,0.81450796,0.24082117,0.6625684,0.84794027,0.97125787,0.30868948,2.086865,1.0190473,1.6811391,0.9353388,0.07155153,0.5148115,46.01667,0.047421154,-5.5856094,-0.7989241,-6.4780226,-0.59710926,-14.538045,-0.40054464,0.0057727457,4.7156487,0.23904267,1.3648864,12.285777,0.0984773,2.151633,0.7165645,22.160234,0.18248387,743.5186,0.13534433,1476.8356,0.117559716,-10.101317,-2.8391886,1551.3771,0.08296614,1292.0411,0.18730453,-20.703154,-1.31579,2810.138,0.028265355,622.27826,0.27833182,-33.80385,-0.7510002,-12.839272,-0.19783804,28.929045,0.12710384,0.03521158,0.24094424,-0.017870732,-0.20538858,0.06979074,0.47573832,45.938236,0.047310952,-5.605393,-0.80276096,-6.5754204,-0.593383,-14.833629,-0.3834404,-14.205716,31.806282,0.0065926826,-0.006967429,0.15708025,2.1390376,0.5405406,1.7933333,0.12256517,0.06,0.01,-23.034315,1
34.05716,0.005558273,33.880295,34.044468,34.233913,0.35361862,2.40594,0.98412657,2.2658603,1.1426125,0.6081895,0.106261656,0.55209225,0.60213846,0.6662164,0.11412412,0.45951954,0.24211027,0.42586592,0.4222868,0.023924798,0.3361577,39.949406,0.09480958,-16.742872,-0.24063824,-13.325853,-0.1940808,15.049224,0.29767254,0.0017992757,0.59456,0.15445112,0.54737306,12.581338,0.027468624,5.27268,0.12849358,21.191471,0.114975944,801.5219,0.067683406,1234.0592,0.0635645,-5.0645175,-0.68391824,1696.5985,0.027920406,934.18823,0.06712824,-5.679696,-0.29986656,2853.8606,0.02282146,726.6186,0.26824573,-27.09737,-0.0795949,-3.6477966,-0.23088636,24.908552,0.07775903,0.04977219,0.15852045,0.0066010933,0.4542175,0.023830425,0.3346459,39.958847,0.09525487,-16.824028,-0.23513328,-13.354368,-0.19192392,15.0084915,0.29867527,0.0,0.0,0.0,0.0,0.0,1.9163764,0.17605634,5.67,0.0,0.0,0.0,-29.61457,1
18.316137,0.2903465,14.821272,15.111741,26.79118,11.969908,14.273461,10.49473,13.093265,4.9861717,0.5954118,0.1037684,0.5389388,0.59738594,0.64881355,0.109874725,1.6982626,0.86224675,1.6252869,0.934515,0.28127927,0.3523834,43.515156,0.04284088,11.967506,0.22189099,-8.489183,-0.40031233,-10.467291,-0.39210105,0.023619665,1.9187607,0.61307275,0.68910307,3.616536,0.7372997,8.64389,0.45729402,38.382454,0.16013123,607.91394,0.25320062,1560.8143,0.13057834,-4.0078974,-2.8671758,1521.6703,0.17904595,1277.4661,0.17630066,-13.153434,-1.0528808,2824.9836,0.08279192,1084.3984,0.26906875,-31.314484,-0.32368368,-14.87806,-0.12611103,36.479107,0.05761559,-0.010317182,-1.0622085,-0.020513391,-0.20949754,0.2825204,0.3507497,43.50543,0.043019045,12.015014,0.21946731,-8.468188,-0.4040778,-10.441104,-0.3952127,-13.925632,37.675293,-0.0055008815,-0.021354496,0.1712189,7.2761197,0.18867925,5.29,0.0,0.0,0.0,-24.231588,1
26.180794,0.007310856,26.051395,26.202827,26.337473,0.2860775,2.8876827,1.7521191,2.228211,0.8696258,0.8816935,0.09521982,0.803557,0.86628807,0.9679611,0.1644041,0.6734675,0.42885694,0.5903735,0.39267477,0.12689589,0.23486784,43.479027,0.069467075,-2.7824402,-0.6264618,-2.2922235,-3.0044951,-5.590654,-0.42868626,0.0024821274,0.5178877,0.22812866,0.64223003,8.873736,0.025564235,8.829065,0.08061849,23.023144,0.1394442,494.83875,0.082067855,1244.013,0.07068359,-9.554766,-0.19349605,1420.1661,0.03142564,1096.2521,0.08950879,-14.156068,-0.1315255,2540.483,0.033059422,905.34045,0.20055498,-26.882933,-0.11232552,-13.308876,-0.087486446,26.31185,0.099714465,0.018886361,0.28008524,-0.0177016,-0.12751265,0.12747785,0.23846789,43.527977,0.06896553,-2.8055482,-0.6191811,-2.4100106,-2.835901,-5.5790496,-0.43097946,0.0,0.0,0.0,0.0,0.0,2.6119404,0.18867925,5.29,0.0,0.0,0.0,-22.083885,1
35.493237,0.006443974,35.29246,35.50061,35.679024,0.38656235,3.4710214,1.2871336,2.488989,1.3387979,1.0945859,0.05224716,1.05416,1.0908986,1.1323748,0.078214765,0.7732638,0.34999612,0.8030512,0.86390257,0.09383478,0.23601563,37.25818,0.0284463,-15.471716,-0.12787583,-8.620094,-0.21264203,-24.137627,-0.092570744,0.0073457416,0.5917199,0.30780253,0.4886789,12.181411,0.06894424,2.668389,0.2003017,19.951668,0.08573483,671.1897,0.10673849,1423.3712,0.050652508,-0.44593412,-4.124145,1537.999,0.033764858,1135.8538,0.07096426,-8.830608,-0.17969516,2685.8127,0.014555184,628.4571,0.1307524,-21.812632,-0.07762326,-8.962953,-0.08340865,23.501127,0.06308668,0.07375844,0.10087051,-0.004287546,-0.65616685,0.09385281,0.2366777,37.253902,0.028571272,-15.475811,-0.12847826,-8.588237,-0.21137829,-24.155231,-0.09269857,0.0,0.0,0.0,0.0,0.0,2.4263432,0.17513135,5.7,0.0,0.0,0.0,-22.012104,1
19.998552,0.0144820195,19.84169,20.023954,20.177883,0.33619308,6.8324547,4.346298,6.958722,13.319991,0.6069856,0.44698218,0.6154107,0.7043467,0.76960135,0.15419066,2.4142807,1.2239056,1.946549,1.3914645,0.15483989,0.54904383,39.92688,0.42970183,-2.7730505,-1.3113298,-11.10593,-0.5113988,-3.5840697,-1.0246361,0.009888684,0.975772,0.46611217,0.89453834,4.770949,0.27415287,2.7168064,0.47678682,20.106642,0.14041466,407.8452,0.02783385,1176.6832,0.034113202,-38.210712,-1.7736325,1235.0051,0.020734224,951.2064,0.04284828,-36.69067,-1.8643965,2228.7332,0.020568658,688.53156,0.12829319,-52.886337,-1.1654748,-9.589498,-0.16872466,26.469555,0.0873446,-0.0024211174,-3.9511774,-0.02498575,-0.12621647,0.18174918,0.3212816,47.17806,0.061898164,-3.2754614,-1.1524413,-13.119728,-0.26366058,-4.2118893,-0.8624238,-7.468026,16.620373,0.12997484,0.021419404,0.43602994,3.6923077,0.15503876,5.48,0.0,0.94,0.0,-32.566444,1
30.4266,0.0042187576,30.357141,30.42458,30.497177,0.14003563,2.0875206,2.3743546,1.2875125,2.6149132,2.068661,0.16715485,1.9664857,2.036452,2.1396077,0.17312193,3.2357914,3.564513,3.4333048,3.2211313,0.24927978,0.88179785,32.47183,0.1280609,-11.899798,-0.3093337,-16.38133,-0.34957513,-23.014513,-0.3303836,0.002754329,2.2265704,0.12973258,1.647698,10.832002,0.1505761,2.8660831,0.34635782,12.54222,0.29143625,550.13135,0.1732787,1141.8947,0.10383278,-5.7425475,-3.379521,1449.0919,0.051147968,913.46405,0.13892807,-1.3087592,-14.931718,2698.3943,0.026952602,466.23572,0.13095342,-17.360338,-1.0521331,-7.0722046,-0.16139673,24.202877,0.1522555,0.074095294,0.17289285,0.0031218918,0.7761374,0.2521193,0.87120116,32.77897,0.08703176,-12.105556,-0.25511703,-16.533077,-0.33101413,-23.392052,-0.29384825,-7.678469,20.711594,-0.03614679,0.009464397,0.0019752763,0.09095043,0.04564126,21.689999,0.0,0.19999999,0.0,-20.618126,1
24.195875,0.01361967,23.93555,24.199898,24.483742,0.5481911,7.0855074,3.508382,6.616537,3.0503654,0.6703503,0.07902824,0.63244474,0.6716478,0.7111228,0.07867807,1.2269653,0.47318706,1.0352601,0.66537863,0.077671394,0.22870858,42.895527,0.03440522,-4.511481,-0.35419717,6.3012037,0.38017493,-6.336392,-0.6291438,0.006081419,0.51364005,0.31830642,0.6657409,7.5286746,0.05819439,13.194057,0.06705905,27.202633,0.062982194,450.62802,0.05565586,1152.7113,0.06979581,-8.673792,-0.13499755,1378.356,0.021844482,966.04584,0.06933176,-13.198646,-0.14063473,2529.0273,0.021643182,763.09705,0.112619035,-28.993458,-0.06425986,-14.008974,-0.06350817,26.551125,0.058348656,0.005617973,1.130502,-0.016494991,-0.09306943,0.07789988,0.2292572,42.91582,0.034234166,-4.4992805,-0.3555994,6.3023267,0.38183808,-6.3759294,-0.62540364,0.0,0.0,0.0,0.0,0.0,5.1194544,0.1724138,5.79,0.0,0.0,0.0,-25.480278,1
26.539286,0.054937776,26.542717,26.709702,26.899292,0.356575,39.53241,27.699903,0.9448271,0.0,0.5386644,0.42850736,0.37233734,0.46158934,0.71585536,0.34351802,0.38692573,0.20440567,0.72726893,0.82017636,0.08012134,0.63289165,43.575935,0.08428465,19.803976,0.18800616,-5.0919476,-0.9824456,-8.515102,-0.5994898,0.005345987,3.3135762,0.21931946,0.62395513,9.101434,0.09435589,10.728202,0.11764677,31.577148,0.13990459,480.9976,0.19206096,1470.6869,0.10835113,-13.463801,-1.2160207,1363.1897,0.18151501,1361.6458,0.21598928,-22.868458,-0.76073676,2572.6265,0.08588293,972.63324,0.26204687,-37.37563,-0.3945266,-18.688433,-0.18047369,34.55352,0.096927926,0.026686938,0.27100614,-0.041301414,-0.11565498,0.08091895,0.6240226,43.88386,0.042496502,19.826073,0.1854593,-5.197915,-0.9450068,-8.692858,-0.5538012,-15.952925,26.823904,-0.0009825189,0.014501565,0.009981361,0.11318619,0.05675369,17.48,0.0,0.12,0.0,-23.922785,1
29.829247,0.013075956,29.537945,29.771305,30.0842,0.5462551,6.5078983,5.5984297,5.439727,3.725254,0.22948112,0.5245112,0.08379895,0.2576256,0.3185109,0.23471195,0.8086592,0.39747313,0.47788182,0.32419667,0.03170385,0.7911198,35.31678,0.3531626,17.29628,0.4914396,7.690184,1.0196934,-10.774597,-0.8243432,0.009254563,1.5197314,0.3448995,1.0247822,10.578756,0.066436395,-3.315338,-0.91047204,18.201729,0.20108265,916.61884,0.11472381,1166.1608,0.19640177,-61.638622,-1.1633927,1972.2837,0.10874306,1439.7103,0.32157898,-79.8037,-0.77378625,2965.8835,0.039641574,639.7547,0.3478549,-73.987816,-0.87202626,-22.429152,-0.12658986,38.426155,0.06594346,0.017065829,0.6122248,-0.017758686,-0.32787818,0.039272662,0.58104867,41.45385,0.05915081,21.294584,0.11360994,10.839574,0.3551559,-12.0219,-0.5591013,-6.349343,17.901062,0.00718819,0.024139056,0.0028189556,0.71684587,0.36231884,2.18,1.35,1.13,0.0,-29.050209,1
29.689482,0.021855483,29.141922,29.555939,30.131592,0.9896698,8.133338,4.168444,3.9203362,2.2847323,0.4739146,0.14711943,0.3941036,0.49016368,0.5364272,0.14232361,0.9674998,0.5049121,0.82257783,0.45793745,0.083742514,0.28905115,31.659883,0.039328765,18.157463,0.12601809,1.9131504,1.5834689,21.249619,0.17143518,0.0077063367,0.46393493,0.4333938,0.4116413,9.985958,0.036400452,12.803831,0.12948543,29.96041,0.10057622,589.9137,0.43764785,1430.287,0.13597848,-17.92731,-0.34277838,1649.1035,0.1976128,1008.4935,0.15885192,-29.80061,-0.16452987,2853.1199,0.12803148,887.311,0.211474,-40.333176,-0.079996996,-19.506268,-0.09666023,34.610775,0.062063027,-0.0014115755,-6.426349,-0.00054228754,-10.911958,0.08439585,0.28168222,31.672262,0.03929863,18.153547,0.12653102,1.9432551,1.5590109,21.319649,0.1686119,0.0,0.0,0.0,0.0,0.0,4.7358837,0.18416207,5.42,0.0,0.0,0.0,-24.884005,1
25.983648,0.0044697733,25.889206,25.98671,26.064102,0.17489624,2.7789814,1.3743968,2.5076172,1.3757522,0.46233705,0.19960377,0.39893827,0.42098975,0.5221751,0.123236805,0.9392595,0.7333107,0.8307051,0.5975613,0.07155623,0.22604741,41.44001,0.029030893,12.979278,0.226248,-3.883785,-0.90830857,-14.694249,-0.21863864,0.007639754,0.85925454,0.42211834,0.55650324,8.438756,0.06336171,11.126507,0.061570797,31.72195,0.07800518,575.1294,0.2750546,1555.6952,0.12987778,-10.472912,-0.16259475,1511.6906,0.1876592,1210.9528,0.22001795,-19.821083,-0.31690192,2829.5725,0.07622832,917.4551,0.3403987,-33.22025,-0.07577114,-14.490223,-0.15354992,29.78687,0.0671612,0.022196019,0.2481757,-0.027302733,-0.16591483,0.07180071,0.2233375,41.450695,0.029024482,12.963923,0.22739093,-3.8885653,-0.9096985,-14.703105,-0.21950346,0.0,0.0,0.0,0.0,0.0,2.5996535,0.17513135,5.7,0.0,0.0,0.0,-28.953907,1
30.302639,0.013501804,29.939035,30.254572,30.733503,0.7944679,2.877361,1.8824168,2.409411,1.4323924,1.1952457,0.093108214,1.1038462,1.2119794,1.2859601,0.18211389,2.845069,1.1441139,2.3373146,1.1748387,0.11787296,0.25262102,25.993267,0.1106814,-18.692375,-0.134056,9.342921,0.15358792,-11.034624,-0.25265396,0.004374548,0.5055638,0.39399657,0.4554435,9.8053665,0.06816853,11.496671,0.09219525,6.393716,0.42930236,473.174,0.053829446,1040.0707,0.08403695,-18.815203,-0.11181859,1338.3234,0.026622998,918.8092,0.08674412,-2.9103715,-0.4760318,2412.135,0.019495994,637.90186,0.22350009,-14.367522,-0.19464298,-2.142604,-0.4893755,12.87532,0.1667243,0.004706647,2.1630454,0.0141570205,0.1937397,0.1179379,0.25189143,26.004486,0.110901095,-18.677942,-0.13431913,9.33586,0.15396404,-11.041387,-0.25327954,0.0,0.0,0.0,0.0,0.0,6.827881,0.14326647,6.97,0.0,0.0,0.0,-23.464024,1
34.06022,0.06908436,33.45228,33.661633,34.015846,0.5635681,57.515087,54.011574,26.32343,20.583591,0.9820185,0.48303768,0.680166,1.0286657,1.3411484,0.6609824,6.608858,5.2908974,5.404222,3.5522807,0.22162229,0.92661774,35.330894,0.32332146,-19.052423,-0.46991745,-19.292425,-0.66439533,16.383802,0.59043306,0.013660019,2.5964437,0.66073,0.7264905,10.20458,0.27636224,1.3982619,2.4758592,11.404106,0.5673096,719.59515,0.19232447,1414.4553,0.14278677,-25.875214,-2.2262418,1587.104,0.08785354,1257.1558,0.20052154,-22.564795,-2.577406,2453.1975,0.10075436,961.66376,0.34110707,-37.5897,-1.4214052,-1.6629683,-1.8108711,21.688477,0.1772636,0.03740729,0.7857368,0.012694293,0.42641628,0.245718,0.82447636,38.818684,0.09547374,-21.225073,-0.29362828,-21.375399,-0.54955983,17.973661,0.48547474,-10.956725,24.116327,0.10303446,0.018944878,0.02703719,2.5285482,0.16380017,5.505,4.125,0.38333333,0.46449497,-28.699924,1
26.503647,0.018263433,26.212276,26.47506,26.787195,0.57491875,-1.8077251,7.0507827,6.941879,3.2022676,0.17099757,0.6204493,0.03484448,0.19169527,0.2501281,0.2152836,0.6029177,0.67513615,0.47745228,0.58651364,0.023037357,0.828647,28.448488,0.521905,12.844819,0.53062505,12.499333,0.65908206,-30.543905,-0.5951805,0.008028508,1.8953508,0.42577684,0.5697895,8.527082,0.10293022,1.1251879,1.6214589,20.867203,0.15439953,397.72296,0.22022696,1392.3519,0.1035685,-64.16837,-1.2788893,1166.8927,0.18967803,977.53845,0.13565117,-65.23112,-1.2395203,2624.4836,0.04051101,362.70273,0.5251225,-78.32784,-0.93196934,-17.990952,-0.14064975,30.7368,0.070555,0.03201485,0.46046057,-0.054662846,-0.13935621,0.030254561,0.56716913,36.8087,0.088833936,15.972977,0.19509313,16.496058,0.21955068,-39.819748,-0.15276745,-10.396503,20.242294,0.04339914,0.0027032148,0.0054872255,0.33745784,0.11312217,6.5099998,0.0,1.15,1.01,-45.400192,1
26.004648,0.0073988615,25.842117,26.000538,26.177048,0.33493042,4.8664694,2.0484657,4.4026,2.2861366,0.37776452,0.22926944,0.3083276,0.36207902,0.46635768,0.1580301,0.83234495,0.17600077,0.23105046,0.43788916,0.046113458,0.55987704,33.750908,0.09728854,23.945911,0.10265185,-5.4402995,-0.60842735,-34.207302,-0.09311081,0.008893484,0.9591109,0.31962204,0.59073246,8.411055,0.08746384,3.157804,0.40683722,21.678556,0.1472572,644.44293,0.2221767,1452.6954,0.15041418,-13.861871,-0.9057483,1552.3203,0.14637616,1413.9773,0.21362737,-27.002039,-0.55143833,2923.4026,0.038368672,803.2221,0.6743082,-33.57015,-0.34955847,-12.2920685,-0.1121153,29.009335,0.083837695,0.012187505,0.58486766,-0.031132517,-0.18708196,0.046442293,0.55766344,33.895023,0.085846014,23.950195,0.096136935,-5.510988,-0.5907767,-34.391964,-0.07103214,-19.608458,30.982395,-0.019801088,-0.038554505,0.052540578,0.6825939,0.17211704,5.77,0.0,0.02,0.0,-31.051973,1
26.450605,0.010413869,26.239466,26.409319,26.626999,0.3875332,3.3009365,2.429489,6.2649975,13.408529,0.58392656,0.48665166,0.53396153,0.6269078,0.7769354,0.24297386,1.3784547,1.1268288,0.9909126,0.8093398,0.12128779,0.57885695,32.563675,0.4332577,19.299774,0.45081002,-4.632735,-0.97171956,-15.8527565,-0.51850855,0.008609341,0.84354526,0.33307844,0.6195809,8.650407,0.10794226,13.325968,0.16108485,37.48153,0.11344319,398.3089,0.13726299,1460.8611,0.09712968,-40.218708,-1.6694536,1244.6818,0.05996922,960.271,0.1323366,-42.20077,-1.5717671,2745.7996,0.051794257,725.48334,0.62009686,-60.983746,-0.96024287,-15.50859,-0.11627363,33.20274,0.08714778,0.02641468,0.39332324,-0.02765986,-0.18266317,0.14218147,0.3562741,38.52459,0.06999176,22.83375,0.13371986,-5.4380727,-0.79557943,-18.750874,-0.2723389,-7.2753177,23.170666,0.13012977,0.021634586,0.43449345,0.46439627,0.15600625,5.44,0.0,0.94,0.0,-30.600405,1
29.505276,0.03677115,29.448471,29.594482,29.72116,0.27268982,102.40603,0.0,0.00076401705,0.0,0.9609352,0.45582473,0.9135139,1.1086164,1.2224507,0.30893683,2.2418606,2.0365584,1.3325379,1.208219,0.18253678,0.70958436,39.076866,0.42824417,24.321365,0.4414801,-10.728435,-0.5062523,-15.402338,-0.5483392,0.0035541034,2.4562378,0.22232191,2.2045147,10.598374,0.1335845,4.014188,1.8558576,38.746487,0.21155943,557.11694,0.23521414,1743.4082,0.09569554,-38.92956,-1.7422066,1320.0138,0.08149876,1172.7666,0.26299986,-48.76436,-1.301731,2778.5864,0.0770378,1027.8309,0.74078983,-69.05043,-0.7967084,-20.582664,-0.09643219,39.772133,0.051198244,0.06293374,0.2279436,-0.044613764,-0.12019586,0.21244653,0.50965047,46.124268,0.059501942,28.702623,0.11302607,-12.681959,-0.2522328,-18.181313,-0.3216043,-23.47413,36.767433,0.13061447,0.020874592,0.75206536,0.3081664,0.1552795,5.48,0.0,0.94,0.0,-22.3562,1
30.956308,0.010334808,30.674725,30.965227,31.239246,0.5645218,7.1905646,4.29761,6.2765126,2.8290107,0.852109,0.60200006,0.53874964,0.8709307,1.1443287,0.6055791,2.5095525,1.9715236,2.627237,3.2212968,0.1931749,0.93984586,27.822292,0.44009292,25.908972,0.42815772,5.062278,0.9143584,-0.67434466,-13.073576,0.0041452283,1.1505978,0.28784776,1.5871667,11.32078,0.08256529,14.420617,0.4678165,37.336483,0.07881933,347.08344,0.27116182,1373.7396,0.08354686,-42.806545,-1.6525482,1246.4473,0.12691578,929.9913,0.14788008,-55.61644,-1.1103686,2573.5679,0.065286234,679.53784,0.28043497,-71.14898,-0.7740064,-25.07823,-0.07727624,39.46894,0.05969416,0.02115257,0.8088686,-0.015170097,-0.67370343,0.22823827,0.76665574,32.9759,0.10487186,30.550932,0.09042018,5.7786403,0.7602927,-1.1390239,-8.084099,-18.064411,28.995037,0.11676223,0.020713964,0.085275486,0.5925926,0.14925374,5.66,0.0,0.505,0.42499998,-20.13919,1
29.159317,0.0066751093,28.98737,29.12136,29.357563,0.37019348,2.2557762,0.8184198,1.8037182,0.7333268,0.72253823,0.1538637,0.6127539,0.7342386,0.821987,0.20923305,0.6254514,0.39699733,0.36221915,0.22889772,0.05693987,0.2529726,42.261993,0.050619394,-6.5234346,-0.37041622,-10.8628645,-0.45920873,2.009543,2.226763,0.0026812814,0.47251546,0.22443268,0.47661695,10.365779,0.019755874,7.150864,0.11632938,17.338009,0.2285877,456.14694,0.058066197,1155.8898,0.065446734,-12.455817,-0.1376432,1347.2539,0.029961755,975.65283,0.0483627,-7.955425,-0.2015819,2482.2896,0.037126713,778.4739,0.19811377,-23.219631,-0.13423404,-9.368475,-0.09708919,23.975908,0.15023653,0.027672153,0.26384312,-0.008442616,-0.51988703,0.057212282,0.2561562,42.265522,0.05088492,-6.5012817,-0.37202653,-10.913065,-0.45715973,1.9623319,2.278898,0.0,0.0,0.0,0.0,0.0,2.238806,0.18867925,5.29,0.0,0.0,0.0,-25.658703,1
27.37759,0.0072920946,27.17645,27.402239,27.536156,0.35970497,3.9274402,2.1198564,3.350149,1.8223028,0.55988854,0.21660422,0.46351892,0.5093632,0.673097,0.2095781,0.7894959,0.45156878,0.31415653,0.19411957,0.062000122,0.3159832,42.533577,0.032576736,6.812774,0.5869769,-2.9370134,-1.0323167,-27.157465,-0.20049994,0.0033266055,0.43275535,0.29869,0.46731302,9.440925,0.018790713,-1.1220462,-1.0261,20.693155,0.15079917,477.72977,0.1306489,1393.3348,0.1021388,-8.889904,-0.14841032,1311.0759,0.11676332,1285.0929,0.17493951,-15.222115,-0.28485245,2483.6113,0.08719017,1179.7207,0.31481138,-31.661232,-0.10865978,-14.23176,-0.11867481,30.19176,0.095683046,0.025827978,0.29523006,-0.036383666,-0.17657818,0.062255256,0.3163593,42.534504,0.032720227,6.80651,0.5905652,-2.9428997,-1.0347575,-27.079044,-0.20028718,0.0,0.0,0.0,0.0,0.0,1.1009175,0.18552876,5.38,0.0,0.0,0.0,-26.95897,1
33.739872,0.00646332,33.615246,33.67633,33.799984,0.18473816,1.3019974,0.932269,2.6392922,3.2470288,0.9705157,0.44876522,1.0257447,1.10943,1.1944599,0.16871524,4.7450113,3.5697737,-0.24253614,0.27222517,0.0812215,0.7647537,30.362679,0.4270321,0.9283343,3.8902476,-8.223195,-0.70663345,-24.720123,-0.47178572,0.0030755347,1.084632,0.19784936,1.0312569,12.598351,0.11872146,2.1846669,0.95395917,19.81103,0.40975997,436.29794,0.07244361,1231.819,0.109921336,-36.044357,-1.8852834,1317.1968,0.050419107,1132.6702,0.4436763,-35.411354,-1.9267893,2133.546,0.13794586,1529.5454,0.36449724,-52.805824,-1.164578,-7.7890987,-0.18317226,22.614656,0.07683239,0.07705229,0.2091195,-0.0062438813,-0.5037591,0.09484335,0.57029754,35.81792,0.055059984,1.0945753,3.5626118,-9.701237,-0.5204722,-29.16332,-0.19322395,0.0,0.0,0.13269739,0.022185652,0.49353883,0.30769232,0.15503876,5.5,0.0,0.93,0.0,-28.398544,1
31.280296,0.0039503416,31.165882,31.291824,31.398033,0.23215103,2.4002461,0.9015013,1.9711057,1.0990198,0.3279398,0.35624686,0.24351059,0.28100818,0.3795596,0.13604902,0.0102122445,0.0,0.1462772,0.0,0.033693526,0.4549557,39.041077,0.02872455,19.447691,0.2616292,-5.899814,-0.6161042,8.687445,0.56207156,0.0068779136,0.68114245,0.4996327,0.4784739,11.231568,0.03369791,11.885704,0.16466318,38.110687,0.16329405,903.2418,0.20881338,1330.5453,0.14983442,-19.03347,-0.20061885,2063.3833,0.1463767,1333.3203,0.1919056,-36.282665,-0.20896614,3215.2654,0.09198104,1227.1234,0.25567344,-47.284977,-0.14955418,-18.242722,-0.084620245,36.719273,0.08055614,0.027341243,0.28838956,-0.0010749933,-6.1846995,0.033900153,0.45530704,39.06423,0.028309712,19.395298,0.26255456,-5.89837,-0.61913353,8.661977,0.56609803,0.0,0.0,0.0,0.0,0.0,0.0,0.18867925,5.29,0.0,0.0,0.0,-29.726923,1
34.112213,0.0089502,33.95394,34.152355,34.30728,0.35334015,3.696262,2.213905,2.1266768,3.2820213,0.391314,0.26203847,0.32397428,0.38313758,0.4637009,0.13972661,0.8176556,0.48344663,0.74421346,0.4062698,0.019072715,0.4907822,33.299866,0.11726952,8.477574,0.45318505,11.334302,0.5701718,6.398021,0.81708103,0.0032364174,0.9980253,0.20747203,0.7784669,12.834009,0.039161466,4.4997735,0.35749003,21.485268,0.12482282,582.82666,0.18343574,1373.7072,0.06671031,-9.842292,-2.8359096,1790.2983,0.036626186,832.75934,0.16759348,-23.996544,-1.0699091,2701.4585,0.032643884,916.23865,0.2597601,-26.592974,-0.9547483,-17.459286,-0.121493615,20.655638,0.16354825,0.063502856,0.16214168,-0.02893109,-0.13379748,0.019470574,0.4675531,33.790028,0.06528467,8.234405,0.43051997,11.3008585,0.57318217,6.388143,0.8112424,-17.067589,26.446278,0.0034056094,0.017216688,0.0044111847,1.8898932,0.08250825,11.86,0.0,0.24,0.0,-31.457228,1
33.24331,0.12421667,31.806078,34.037186,36.4274,4.6213207,182.26636,120.02268,66.438774,76.94771,0.8220108,0.44254777,0.5047937,0.78607005,1.1469178,0.6421241,1.8951312,1.2565048,2.165584,2.1534865,0.11865781,0.767883,32.139385,0.15328321,13.530154,0.43309933,0.17744783,55.713882,-10.895046,-1.10244,0.013814016,3.7205496,0.2402716,0.9793066,11.485894,0.24588609,-2.602411,-1.9430544,25.832537,0.20600154,736.7766,0.0921666,1148.9739,0.07114079,-9.449048,-4.4746156,1969.4957,0.040209934,670.8707,0.25369355,-28.104551,-1.3539625,2953.939,0.049040154,888.96814,0.26645812,-33.370625,-1.1090364,-21.247126,-0.1623632,23.114128,0.21642683,0.06826596,0.31102556,-0.049732536,-0.15041544,0.12016577,0.70643574,32.683636,0.11798948,13.390576,0.43267283,-0.28446752,-34.15343,-11.907878,-0.93000597,-21.05647,26.474205,-0.0025009818,-0.01821504,0.096812114,1.0092515,0.33783785,2.81,1.9699746,0.13,0.11467345,-19.60125,1
27.414234,0.015151588,27.32611,27.431435,27.546448,0.22033691,-0.3608661,0.40986583,0.14807332,0.0,1.4492912,0.20474397,1.315396,1.4527584,1.5934721,0.27807617,2.8027532,3.9743607,1.362543,0.9481942,0.3556408,0.32425353,39.902195,0.07115064,3.6386135,0.6311888,4.278714,0.7025346,13.632777,0.28097582,0.003756764,1.2688718,0.38180938,0.6629382,9.498868,0.047492776,0.027392805,31.094757,16.783934,0.13718413,424.26755,0.028021717,1113.0094,0.052222017,-6.918541,-1.9959418,1431.5126,0.030582799,942.7452,0.07347198,-17.592478,-0.74931175,2259.3027,0.027423592,872.94257,0.19549622,-23.749493,-0.53623414,-14.677541,-0.07876576,23.979212,0.084100045,0.05383949,0.22072387,-0.036363564,-0.1375205,0.358768,0.3126463,40.105755,0.04101279,3.5783985,0.61559063,4.3008575,0.69543046,13.658464,0.27111566,-14.895884,26.725492,-0.033163097,-0.022296991,0.034371387,0.7101356,0.06476684,15.349999,0.0,0.07,0.0,-21.969091,1
36.634605,0.16605195,35.46707,35.74314,36.159332,0.69226074,172.37021,105.888565,80.64836,63.479656,1.9325689,0.5238861,0.8959359,1.9848629,2.7908838,1.8949479,13.64533,7.335556,10.779519,4.5454917,0.86338717,0.84877485,27.095076,0.27766162,-40.785526,-0.29671675,-1.9118198,-8.018791,-41.824493,-0.36154568,0.03517069,2.1276362,0.9810101,0.75882185,9.220107,0.49472013,-7.0188394,-1.6917073,3.500908,3.6077638,874.5384,0.24984477,1154.3906,0.19020592,16.048183,1.6719432,1870.1401,0.1093716,857.5594,0.28716362,10.006206,2.5905406,2795.239,0.08309041,828.57153,0.35739976,6.693189,3.6893203,-8.715197,-1.0034342,13.724965,0.6662077,0.110747255,0.28552935,-0.031524904,-0.58717895,0.8761877,0.8349597,27.150896,0.27713194,-41.34992,-0.2680736,-1.9784861,-7.779417,-42.131363,-0.3555597,-10.261828,20.042126,0.07193236,-0.021983352,0.057902206,3.4022682,0.06702413,14.79,0.0,0.049999997,0.02,-16.904146,1
34.00461,0.012051362,33.68414,34.036293,34.38256,0.6984215,5.9800906,1.730711,4.8768783,1.794071,1.0652469,0.3683869,0.8802086,1.1245894,1.3711557,0.49094713,2.4720702,1.1987474,2.4988363,1.1892394,0.11620663,0.5112601,38.17953,0.27043134,2.7566733,1.8104243,14.994712,0.2790393,-8.382238,-0.9553004,0.0027680858,0.94906366,0.17861336,0.7428358,12.778197,0.044201057,-4.211176,-0.40423638,21.294077,0.16740353,729.7527,0.07993541,1137.7816,0.07234976,-22.096302,-2.3744926,1933.0497,0.020512085,633.7683,0.13440827,-35.664875,-1.3594357,2915.5337,0.02982673,817.63654,0.1742502,-41.598778,-1.1241524,-19.51259,-0.10802279,21.020536,0.1597433,0.042327836,0.21982993,-0.05366351,-0.073917605,0.12607946,0.4080391,41.188824,0.049476456,2.5512414,1.7958012,15.4362755,0.25275716,-10.229434,-0.5229703,-9.806553,17.963709,-0.022141254,0.020170752,0.011060043,2.3622048,0.11312217,8.13,0.0,0.69,0.0,-17.0777,1
34.95905,0.023802035,34.721485,34.97405,35.24462,0.52313614,2.0169997,0.46410254,4.80956,4.684086,0.503824,0.2586346,0.42117858,0.5023845,0.5995518,0.17837322,0.6314218,0.39119565,0.35945413,0.39929467,0.029589739,0.51019645,36.70613,0.12662923,9.737203,0.52818316,3.4512844,1.6198045,-15.326105,-0.42103082,0.004331909,0.84649,0.24347,0.68929005,13.092226,0.057426248,-2.4559512,-0.35524693,24.920883,0.11989192,747.4448,0.104123816,1192.6309,0.12500595,-9.323554,-2.3379438,2020.0802,0.067907244,800.79205,0.3190555,-27.459074,-0.7110742,2937.5823,0.04400979,962.5173,0.2957907,-30.250137,-0.6267466,-20.820438,-0.09077699,24.84727,0.15155046,0.070373684,0.118816085,-0.037350588,-0.11126261,0.02995615,0.49734598,37.083496,0.08642305,9.735954,0.52958757,3.4278805,1.6368601,-15.655907,-0.3752907,-11.964822,21.193598,0.011581471,0.013840364,0.007359616,0.5453644,0.09940358,9.925,9.885,0.22,0.0,-27.78666,1
17.222137,0.25850713,15.0276165,15.156393,15.633856,0.6062393,473.2521,476.20105,52.848076,48.191696,0.59221494,0.33922085,0.46302253,0.5982407,0.76525414,0.3022316,3.4050853,2.5675101,2.8781705,2.079359,0.29576978,0.45563036,33.15444,0.13445956,9.485422,0.44401664,17.863287,0.291996,7.245931,0.79558563,0.022980506,2.188264,0.55967444,0.8390291,3.0923963,0.6609255,5.747035,0.53791225,25.195251,0.12159875,466.23477,0.10773294,1176.3672,0.075015746,-31.679886,-2.254433,1614.7067,0.04214436,888.888,0.102058254,-43.996655,-1.5076201,2561.5054,0.05649459,1116.1091,0.19781297,-47.765656,-1.3562889,-17.930113,-0.09246654,25.277157,0.11391096,0.00463751,1.8507609,-0.0380343,-0.14606799,0.3246947,0.35888258,34.25167,0.06816034,9.506652,0.37605375,18.950521,0.18473415,6.6209884,0.7394113,-15.118487,22.603428,0.002118993,-0.024016762,0.16100936,3.1284916,1.5730338,0.5221428,1.252735,0.11636364,0.14791107,-24.108374,1
36.502422,0.10847116,33.16049,36.319534,38.700302,5.539814,67.4194,70.57317,98.6122,102.15433,1.2604864,0.58443886,0.26693037,1.5072117,1.8890079,1.6220776,10.993585,5.1568627,8.052977,3.7435863,0.99193203,0.86816674,25.834854,0.35893852,-2.0934763,-5.0642095,-1.1582243,-12.743944,-20.031937,-0.89616513,0.03722087,1.4238997,0.7913945,0.609902,7.2687697,0.40858606,-3.1690779,-2.197309,23.138391,0.6383761,692.2307,0.23419785,1289.4401,0.1390507,-35.91728,-2.1195612,1756.9083,0.07030333,935.9882,0.21802849,-48.213367,-1.4009981,2867.9578,0.055035867,860.6447,0.26426288,-55.364258,-1.1638267,-16.141024,-0.54627126,26.443739,0.36885506,0.046895906,0.36390314,-0.04299139,-0.53151083,1.1311504,0.72218245,27.618937,0.3230536,-3.2467961,-3.2171652,-4.3809915,-3.0098314,-25.944738,-0.38637894,-16.066628,25.443562,-0.019055378,-0.0057940856,0.43476075,4.8165135,1.1600928,0.708,0.54086596,0.16499999,0.18567443,-13.533472,1
25.174578,0.0131746,25.105469,25.237038,25.334547,0.2290783,3.3304093,2.1657288,0.8435442,1.4493282,0.6445561,0.22004506,0.6107447,0.647872,0.73003423,0.11928952,3.775141,4.672713,0.36539787,0.29828238,0.10356966,0.4526659,40.667953,0.09416674,3.2035663,0.85026175,29.661068,0.22473697,13.484856,0.42161286,0.003902901,1.0553945,0.204207,1.0199846,8.400014,0.045587473,9.59073,0.17519623,19.98146,0.14299043,427.64777,0.06921124,1163.9784,0.070601866,-8.0232725,-2.8744464,1547.4701,0.05255977,989.589,0.20188768,-23.01376,-0.92447114,2374.841,0.043804884,1063.6204,0.1946832,-25.032148,-0.8426882,-18.054586,-0.09057724,22.39205,0.10626203,0.020818966,0.32772774,-0.035059698,-0.13145137,0.105089724,0.42889112,41.098934,0.043731984,3.1554232,0.85410595,30.044865,0.19863962,13.590379,0.41302463,-11.978844,20.706364,0.00566117,0.0036818162,0.027068224,0.12180268,0.12217472,8.054999,7.245,0.21,0.0,-22.983036,1
35.438046,0.04309698,35.296745,35.68319,35.944805,0.64805984,103.2621,3.7717667,-28.934072,28.132113,0.9232368,0.16864868,0.8466766,0.94513965,1.0178179,0.17114127,1.2287562,1.4584265,0.9946266,0.97483826,0.062320538,0.66755193,31.14154,0.107503794,-10.215573,-0.5035692,19.538313,0.21668549,-18.376133,-0.24246803,0.0055559524,4.201726,0.15732913,1.2341272,12.911341,0.13576372,3.8316038,1.323116,19.04753,0.27443665,662.67896,0.11056786,1423.2393,0.07968423,-3.5568397,-6.4486365,1790.8983,0.028514802,739.63574,0.22381422,-14.243613,-1.5253993,2771.2195,0.023493355,750.12714,0.19248834,-18.665014,-1.1417803,-11.809908,-0.20001999,12.711823,0.27242368,0.084932595,0.14285755,-0.027330339,-0.21295635,0.06294605,0.6542049,31.375423,0.08710228,-10.537008,-0.42330307,19.61652,0.1960112,-18.816713,-0.13737695,-20.65617,29.601831,-0.033129618,0.014469969,0.02559533,0.59369206,0.03717472,26.539999,0.0,0.34,0.0,-23.35607,1
21.84247,0.017254347,21.70034,21.848907,22.014124,0.31378365,-10.684062,11.326556,1.286784,0.9358057,0.40588954,0.37139848,0.30306336,0.3976465,0.51624936,0.213186,0.9953149,0.9130305,0.90544695,0.83658504,0.042274766,0.6347108,37.465775,0.20067994,9.453981,0.35350916,8.963543,0.559756,11.931686,0.41903812,0.0041584536,1.3116804,0.38820806,0.64437103,6.6170444,0.06301773,10.164393,0.1057349,23.682186,0.15230635,401.47498,0.044058245,1102.0033,0.05892737,-10.278078,-3.5084486,1356.9548,0.02779143,893.526,0.112833105,-22.320429,-1.5151658,2229.4539,0.032254487,776.469,0.1929941,-29.963129,-1.0835677,-16.922028,-0.10018519,23.128462,0.149597,0.04183439,0.3309527,-0.026137566,-0.15778342,0.043799803,0.59640276,38.793777,0.075615756,9.745485,0.301906,9.239057,0.5170737,12.316917,0.3737525,-17.528612,29.785046,0.1049871,0.01814826,0.011388141,1.2096775,0.03106555,31.07,0.0,1.1,0.0,-36.393368,1
30.632963,0.0042161,30.56547,30.64097,30.703354,0.13788414,-0.24658959,1.3614163,4.299674,9.686003,1.5851337,0.11685942,1.5080439,1.5715566,1.6744723,0.16642845,2.2967498,3.77095,0.97435474,1.3194256,0.14084353,0.34727976,29.163252,0.07953181,4.7767406,1.007085,16.952015,0.3177694,-21.75316,-0.2721664,0.0010624897,1.1764504,0.14049813,1.5506483,11.328005,0.04695097,-4.0850797,-0.2673801,16.331764,0.22867262,579.0423,0.16221909,1278.1415,0.13279156,3.4957294,1.9839299,1755.6467,0.12406257,1080.0271,0.6825514,-15.730696,-0.4760235,2654.1975,0.09537368,1121.8403,0.64724886,-17.157131,-0.41711748,-16.572828,-0.16528432,19.678596,0.20950432,0.099473774,0.12746063,-0.046351492,-0.097634844,0.14123124,0.34364945,29.217937,0.07263169,4.7426457,1.0073773,16.97436,0.3174086,-21.835617,-0.2656946,-7.9188104,15.492019,-0.0022521808,-0.022829933,0.12779635,0.19890603,0.0499002,20.0,0.0,0.0,0.0,-22.692467,1
24.149443,0.013160599,23.917027,24.142288,24.3764,0.45937347,7.0642185,3.1496723,6.4990187,3.5577097,0.5056564,0.26211774,0.4260162,0.5159958,0.6094866,0.18347037,1.4371881,0.7655555,1.0934991,0.63969076,0.059823733,0.34176415,36.790386,0.11459899,1.0237827,3.29891,29.240294,0.17004329,-2.4781992,-1.5789039,0.006315626,0.56086814,0.39067906,0.50667876,7.566279,0.051239718,11.568151,0.12544295,24.440071,0.09564936,444.44775,0.084232934,1090.6145,0.079831816,-12.318779,-2.8987818,1529.158,0.032266445,804.81445,0.12072437,-24.99081,-1.3354555,2604.6147,0.03064581,851.3082,0.17567104,-32.49241,-0.9826078,-16.601002,-0.10862377,23.917313,0.077848144,0.017150037,0.37953156,-0.037504904,-0.08666099,0.06165463,0.28629652,37.47176,0.052731574,0.6719234,3.8840432,29.996944,0.09268889,-2.8196464,-1.2237079,-16.046114,24.753609,-0.011966586,0.0033953434,0.018434674,2.661208,0.102880664,9.37,0.0,0.32999998,0.0,-28.140453,1
26.66817,0.008399557,26.491272,26.635187,26.8012,0.3099289,4.0613933,1.953267,3.2905006,2.180199,0.722545,0.26509264,0.58944404,0.668442,0.8557941,0.26635003,1.939916,1.2236674,0.72524166,0.43655458,0.11498201,0.43520024,36.630527,0.08979696,15.369627,0.18770638,10.616888,0.28489745,18.360819,0.16158165,0.0027271216,1.055578,0.18431264,0.6130646,9.207549,0.026880458,7.890511,0.45679224,23.062332,0.18783899,438.3866,0.06521857,1209.6931,0.060034405,-7.4920664,-2.144935,1572.5083,0.054728355,1074.5161,0.23061964,-22.300482,-0.6514614,2411.7715,0.07875666,1349.1948,0.26686662,-26.379341,-0.55580735,-19.577072,-0.068457685,23.52414,0.12251886,0.04123777,0.19597924,-0.0347348,-0.10678179,0.115996085,0.42520788,36.86625,0.056641534,15.356565,0.18320471,10.641592,0.28249487,18.404955,0.15647155,-15.414863,25.161884,-0.004502322,0.01970318,0.008773285,0.27803522,0.046446823,21.38,0.0,0.13,0.0,-21.146503,1
29.556335,0.009708725,29.348629,29.560648,29.76418,0.41555023,6.2968845,3.3312783,3.5953677,2.2438774,0.31800613,0.3824557,0.2967205,0.3294159,0.4063712,0.1096507,0.41732952,0.2042034,0.124903835,0.06683064,0.033880543,0.37324685,36.121468,0.25967818,23.042315,0.2988078,16.164505,0.3774329,14.841719,0.35918432,0.0038964082,0.5241034,0.17211543,0.7476239,10.814029,0.021907939,-1.04201,-2.311272,30.823952,0.12386508,625.0518,0.42399776,1564.5308,0.1392753,-41.493366,-1.3286334,1740.9891,0.15930459,1243.8673,0.1815491,-53.84074,-0.90736675,2952.717,0.0806817,1063.2864,0.3056873,-62.215717,-0.7379161,-29.30474,-0.061933216,44.052555,0.041759744,0.02584782,0.28981158,-0.015874071,-0.33060813,0.03756124,0.19475459,39.30202,0.045820624,25.162983,0.10734119,17.970026,0.15585952,15.768539,0.2561276,-14.423253,26.877144,-0.009989413,0.026901644,0.004001308,0.18214937,0.18382353,4.89,0.0,0.53,0.0,-24.828714,1
30.577248,0.017569,30.161228,30.482927,30.829205,0.6679764,10.049297,7.774793,5.207393,4.340301,0.46865866,0.35186735,0.46533227,0.516974,0.5644466,0.09911436,0.7064281,0.5743917,0.6791684,0.30076185,0.07270174,0.38778397,28.571554,0.18372919,25.616083,0.26883593,26.084486,0.2615816,10.40475,0.35521236,0.005068277,0.6287626,0.28193748,0.52441543,11.051395,0.03579587,4.547808,0.33642712,31.220695,0.10629275,416.67346,0.2591765,1400.3806,0.097027406,-31.648943,-1.8262612,1575.926,0.06953147,1087.2499,0.15448526,-52.512215,-0.945578,2595.4434,0.061225247,1077.0734,0.18367857,-56.57865,-0.85305434,-26.155895,-0.07109425,35.74409,0.0608045,0.028837807,0.2679255,-0.02412889,-0.18860848,0.08095354,0.20681657,30.262821,0.05894482,27.768019,0.09651442,28.04643,0.13018231,10.283927,0.31329423,-16.752073,28.178226,-0.031791892,0.013308289,0.0081729805,1.2269939,0.20661159,4.3399997,0.0,0.48,0.0,-22.244457,1
26.03911,0.030288292,26.04011,26.235437,26.380222,0.3401127,7.923835,0.0,-4.7271585,3.6647768,0.5110453,0.41492322,0.4055056,0.5061321,0.69523877,0.28973317,1.3031493,0.7767099,0.69281894,0.71013445,0.07629472,0.5864361,32.28529,0.16592328,7.715862,0.48433825,19.192453,0.21068574,3.0287032,1.5943328,0.0051903063,1.4539244,0.4721257,0.7766033,8.511013,0.12409704,7.0489345,0.7974954,23.230438,0.21686867,448.0723,0.09112151,1157.3646,0.07337292,-15.494967,-2.8460443,1526.9777,0.033992127,871.03174,0.12619565,-26.084482,-1.5944996,2525.5686,0.04585654,935.5869,0.2579119,-33.844852,-1.1743557,-16.141918,-0.104716495,23.824087,0.10007611,0.043170102,0.16425002,-0.034943014,-0.19273627,0.080737434,0.52488405,33.338886,0.072836265,7.8778863,0.41360384,19.747112,0.164835,2.7503936,1.7120106,-8.155489,15.430208,0.012668414,0.0031164342,0.0050361967,0.4237288,0.08510638,11.11,0.0,0.62,0.0,-27.015684,1
29.07712,0.02583662,28.313406,29.088562,29.844965,1.531559,3.166159,2.6063933,2.8351831,1.590242,0.63381636,0.16714862,0.6183053,0.6470189,0.6756166,0.057311296,0.45759615,0.54330313,0.39693663,0.54455733,0.05121014,0.2704883,23.164328,0.16038528,-6.867721,-0.6127516,30.7504,0.14060472,-16.11628,-0.2556073,0.0036492473,0.4131237,0.28156224,0.4403919,9.3021555,0.065982215,5.8024774,0.36687228,5.3826604,0.3358535,453.8204,0.06582604,1065.6542,0.084702395,-17.287306,-1.6183841,1516.614,0.028017389,800.69055,0.18616416,-19.737576,-1.3983653,2399.7837,0.027185211,908.2952,0.14463124,-18.445425,-1.5036242,-6.820482,-0.08516545,12.491175,0.078765266,0.01974584,0.48296198,-0.02951326,-0.12232466,0.05235331,0.22651808,23.577787,0.09264662,-7.294778,-0.4530254,31.244377,0.081339434,-16.684847,-0.11759376,-10.505933,19.946608,0.007890694,0.021606728,0.0118103875,0.36576444,0.07342144,13.299999,0.0,0.29999998,0.0,-30.767895,1
34.37043,0.008848879,34.205196,34.38147,34.55687,0.35167313,3.3470902,3.272904,3.2587807,2.342161,1.1834265,0.40894037,1.0642639,1.2584244,1.465973,0.40170908,3.4380224,2.873864,1.9873511,1.183164,0.13218157,0.6476019,24.516676,0.3265021,-5.5276337,-0.8719877,6.4065223,1.0106051,-15.251928,-0.5304809,0.0032663592,0.89828336,0.24800622,1.0043398,12.542734,0.0742937,-6.084746,-0.42857918,11.331609,0.36357474,641.9505,0.17913148,1367.3688,0.18255498,-20.30014,-3.0178912,1705.9462,0.17134757,1180.2603,0.7091966,-30.304817,-1.8977865,2648.1748,0.1399309,721.6174,0.13325013,-33.29404,-1.6960834,-11.9276905,-0.21402135,13.536471,0.28072768,0.060904883,0.36081856,-0.03782371,-0.12286641,0.147632,0.52291137,27.056406,0.07889928,-6.333835,-0.6775836,6.8729672,0.9229043,-17.230234,-0.3411373,-17.158983,25.451197,0.10590531,0.015906872,0.016414596,1.6129032,0.090009004,9.969999,0.0,1.12,0.0,-27.041985,1
25.431574,0.017778642,25.090176,25.355846,25.687557,0.5973816,5.671818,2.667653,5.0340734,3.1243706,0.14049323,0.44672212,0.1214838,0.15101066,0.16840187,0.046918064,0.515651,0.36757895,0.39762118,0.29583815,0.017770506,0.61921877,25.564926,0.3466101,22.18123,0.34163362,20.806181,0.41868764,2.2162914,2.0738623,0.008523649,0.9486638,0.34851187,0.6582377,8.409436,0.051294185,10.758777,0.44001815,28.323992,0.13709004,378.98785,0.10758888,1126.8302,0.063665934,-45.023186,-1.3837458,1444.7025,0.04917798,697.7073,0.16204517,-55.046047,-1.0569062,2871.8623,0.039229646,382.7201,1.221599,-60.66811,-0.92167085,-23.391901,-0.06539634,33.49947,0.054888353,0.009323546,1.8595574,-0.025427315,-0.28476766,0.019997114,0.49650234,28.80179,0.06555138,24.802074,0.10873085,23.920464,0.15122937,2.1196322,2.1073785,-10.042,18.818396,0.06775511,0.008128542,0.00857329,0.6419401,0.14316393,6.0099998,5.94,0.6333333,0.7970502,-45.61656,1
25.938965,0.013042509,25.61918,25.936934,26.243977,0.6247959,4.6887655,3.1162133,2.5197682,2.6918895,0.32808614,0.21695638,0.28306377,0.32623374,0.3715871,0.08852333,0.65028286,0.48929644,0.55689275,0.34248984,0.03648744,0.29240906,36.16604,0.12362271,9.461333,0.2863637,24.409506,0.27236894,-4.2006817,-1.0963205,0.0060002445,0.9778099,0.31459627,0.535116,8.67624,0.052994218,-1.8070936,-0.9502698,21.334938,0.2041842,442.75497,0.1289275,1206.3815,0.087466374,-10.397754,-1.5474689,1490.2968,0.04363069,778.55164,0.17379676,-21.739315,-0.70657796,2807.3381,0.050980486,653.8041,0.6130456,-33.527866,-0.44182816,-17.205479,-0.14568132,29.138916,0.1333592,0.03296673,0.19508183,-0.011367159,-0.61944586,0.036820177,0.27789453,36.343063,0.11341407,9.362827,0.26905155,24.577023,0.26235387,-4.278095,-1.0508502,-17.111025,25.58768,0.028190482,0.013981287,0.007211644,1.5957447,0.059276827,16.74,0.0,0.11,0.0,-31.665518,1
25.647057,0.0336942,24.68341,25.871237,26.37724,1.6938286,4.985443,2.1332948,6.8203483,7.449576,0.49456602,0.68644524,0.20359169,0.43379766,0.8064839,0.6028922,2.3216853,1.7124437,1.5444767,1.4216344,0.084331185,0.81026965,26.675558,0.37604022,14.683212,0.4107918,22.198442,0.4661759,6.188502,1.2368574,0.0039358973,0.7641268,0.3451869,0.5921735,8.544345,0.081023954,12.204253,0.34124988,26.176573,0.18458593,417.6572,0.095990606,1128.36,0.12635992,-35.452866,-1.9350235,1510.6405,0.06475043,909.3218,0.41224417,-48.9775,-1.2845759,2441.4666,0.049443595,918.47986,0.36235905,-52.145065,-1.1804589,-19.29039,-0.14018764,26.172419,0.12814052,0.038089987,0.4163469,-0.04134365,-0.2879327,0.09869728,0.64931387,30.344034,0.124228545,16.008596,0.26508895,25.443361,0.26437336,6.275478,1.2397754,-12.59894,21.606571,0.05679973,0.002793777,0.005075493,0.2945508,0.073909834,11.54,0.0,0.97999996,0.93,-30.829134,1
29.67522,0.011401889,29.481869,29.676765,29.900642,0.41877365,1.335331,1.358169,2.4999006,1.9114829,0.93325996,0.37396696,0.8073673,0.9286468,1.1606553,0.35328794,2.3240535,3.0423727,0.7092093,0.881169,0.1879342,0.63075536,33.564823,0.2691984,26.086605,0.27697435,14.751435,0.32312167,11.556042,0.44806373,0.005930009,1.1418359,0.23993437,1.231855,10.614212,0.05894385,-0.017607411,-55.348434,33.341606,0.19261642,584.7619,0.17458451,1391.3035,0.13962571,-25.863016,-1.8837507,1655.022,0.15507996,1199.553,0.487764,-43.92616,-0.9914058,2754.3984,0.16753487,980.3005,0.4077878,-51.92159,-0.80120486,-26.501328,-0.061242394,34.32368,0.08423978,0.06896356,0.22230971,-0.046825647,-0.12040773,0.20270263,0.5455753,35.99796,0.060353838,27.905739,0.099555664,15.806866,0.1839035,12.314096,0.35889065,-21.900116,32.851063,0.10182403,0.015930356,0.020125177,0.4297115,0.061576355,15.07,0.0,0.57,0.51,-21.655125,1
31.38793,0.011976182,31.232063,31.364206,31.537622,0.30555916,17.498875,14.318752,7.211483,5.341656,1.1276999,0.52797276,0.7249671,1.1851772,1.5825164,0.8575493,7.9685955,5.6467304,0.33613157,0.0,0.29335523,0.97557414,32.103344,0.36812046,22.671999,0.36394706,19.099737,0.41824284,8.966888,0.6187002,0.0061677303,2.1973605,0.35003382,1.6356766,11.521498,0.06269759,5.186269,0.71148276,33.098114,0.16857174,569.43146,0.21358734,1369.3843,0.11821792,-40.769684,-1.538226,1647.6693,0.10653619,1079.6932,0.38123882,-55.886875,-1.0106363,2814.5708,0.15450549,966.17676,0.36280715,-62.373905,-0.86799276,-27.376019,-0.075783916,38.187523,0.0905927,0.020430557,0.9075714,-0.04236808,-0.17023279,0.3386799,0.8334823,36.607872,0.068996824,25.450521,0.13942261,21.497068,0.22868264,9.674645,0.5020904,-19.411482,28.754082,0.071446724,0.012139786,0.017472602,0.093196645,0.09363297,9.26,0.0,0.695,0.615,-16.956005,1
29.627216,0.0071072686,29.493504,29.610344,29.745872,0.25236893,2.8736656,3.0753665,-10.591927,9.743139,0.5866617,0.23622005,0.5585163,0.59671,0.66611326,0.107596934,1.632075,0.988697,1.0091695,0.8434087,0.04191831,0.42918822,37.576473,0.17365585,-8.463722,-0.63172454,21.95316,0.27255225,14.957442,0.21974033,0.004743256,1.9029835,0.20116115,1.285388,10.438044,0.08964692,1.3403934,1.0467838,10.679967,0.35833025,422.63037,0.062429715,1062.7617,0.07060873,-14.67887,-2.5597472,1479.7982,0.034352425,791.4573,0.102203764,-22.989916,-1.5621271,2402.5325,0.036711756,851.0605,0.15447538,-23.715506,-1.5134807,-11.877979,-0.17679475,16.542572,0.21359119,0.04747053,0.15931207,-0.02526587,-0.13035172,0.043507237,0.3732473,38.83777,0.057946082,-9.181211,-0.4487199,22.734653,0.20870836,15.097191,0.20569617,-12.2565775,23.38763,-0.01056283,0.027011067,0.008803071,0.47664443,0.09578545,10.0199995,0.0,0.39999998,0.0,-27.781277,1
27.811235,0.008147469,27.66253,27.801264,27.999474,0.33694267,2.9516926,1.7204332,2.1744218,1.8031478,0.47173187,0.30251226,0.371867,0.44620758,0.600442,0.22857499,0.27371645,0.13088113,0.45144257,0.6211063,0.05222211,0.41576347,40.50886,0.11667919,3.6547544,1.1102855,21.014793,0.21788295,-3.7578075,-1.4301505,0.004003217,0.56948584,0.2523651,0.57111585,9.776753,0.036427654,-4.7372694,-0.19035266,17.210382,0.2162967,457.4531,0.088123575,1217.15,0.07529019,-8.451741,-2.834467,1560.729,0.059451655,1131.7943,0.310671,-24.445906,-0.9050169,2428.8755,0.10396484,1359.161,0.40502048,-30.174465,-0.71276903,-18.67969,-0.106045924,27.050882,0.102650605,0.04278789,0.15642822,-0.033888962,-0.18247601,0.052861452,0.39510855,41.050556,0.04565896,3.6511638,1.0937868,21.234295,0.19964735,-3.966465,-1.2848479,-15.780552,26.183037,-0.0078026108,0.019243991,0.023058811,0.23640662,0.059276827,16.6,0.0,0.25,0.0,-27.265505,1
34.740997,0.002905214,34.67076,34.74629,34.80864,0.13787842,2.207482,1.0874846,1.6017002,0.9884158,1.0993416,0.3264399,1.1194963,1.1975756,1.2609848,0.14148843,3.8318193,2.7253695,0.122787096,0.0,0.079572946,0.6905526,27.308548,0.29358897,3.4724948,1.0412456,12.957104,0.37305212,-13.618344,-0.43328792,0.0021251407,1.5041331,0.17623715,1.2186387,13.347423,0.04378995,5.7726216,0.2479462,20.882103,0.100981995,382.10782,0.07265079,1010.7085,0.06475567,-17.282324,-3.2784855,1358.406,0.028043069,748.73376,0.23268461,-36.911034,-1.3794062,2264.4583,0.043588296,657.65063,0.11860303,-36.276295,-1.3988682,-14.618193,-0.18467095,20.335762,0.0979566,0.12594645,0.0997829,-0.032542862,-0.24176888,0.08632156,0.6003707,29.588211,0.077908866,3.4379976,0.86908656,14.06949,0.22129795,-15.064581,-0.25175768,-23.842464,36.208076,0.09898848,0.016102755,0.05531507,0.071428575,0.07168459,12.73,0.0,1.1999999,0.0,-26.056879,1
30.177113,0.024668062,30.075893,30.194632,30.38419,0.3082962,241.92769,0.0,0.048788816,0.60757005,0.34735057,0.38160315,0.26807636,0.30198085,0.41149253,0.14341617,0.9108345,0.23539284,0.93717134,0.52024835,0.03803413,0.51794463,37.943886,0.08529736,20.210234,0.15907235,11.666028,0.2108263,5.681696,0.6942732,0.0056384015,1.7322242,0.38467997,0.5630859,10.722991,0.063032635,-5.5583434,-0.36670753,28.879005,0.16143371,485.10294,0.14052479,1320.8376,0.09199979,-11.228377,-2.4230478,1609.0428,0.07494062,1061.8947,0.2666943,-31.322529,-0.7811017,2791.3047,0.102880985,1113.9799,0.31096882,-43.475517,-0.53063935,-22.806759,-0.07553214,32.60044,0.06545708,0.054718852,0.14168425,-0.0249001,-0.1513475,0.038339857,0.5003396,38.34673,0.04108819,20.190989,0.15557383,11.535552,0.18715511,5.5213723,0.67445624,-26.114557,36.794167,-0.024256213,0.010600987,0.030211132,0.26507622,0.13297872,7.355,6.375,0.145,0.105,-28.632122,1
33.695553,0.0073812027,33.497986,33.65886,33.923584,0.42559814,4.1413155,2.0751085,3.9700496,1.685275,0.2447923,0.11539223,0.2222743,0.24330866,0.2670052,0.0447309,0.4003048,0.19333452,0.35711956,0.21053123,0.009134341,0.3516795,29.426897,0.1437273,12.483035,0.26612195,17.305485,0.2040836,6.116272,0.6690667,0.0039155353,1.881164,0.18585224,0.44991726,12.6818695,0.040958356,2.6868021,0.4157275,19.53243,0.18566506,568.2111,0.14671484,1406.1525,0.06905942,-8.5888405,-0.319992,1774.5854,0.036708683,777.34796,0.09495947,-21.974995,-0.11580642,2745.6187,0.04413542,877.0133,0.19601196,-25.252052,-0.15559515,-17.607738,-0.12741059,22.606853,0.116055116,0.057955805,0.15070964,-0.028805202,-0.10060827,0.009134613,0.351544,29.449924,0.14402953,12.495075,0.26691043,17.285503,0.20490679,6.1295643,0.6702377,0.0,0.0,0.0,0.0,0.0,3.697997,0.155521,6.42,0.0,0.0,0.0,-37.71399,1
35.24772,0.1269285,34.51754,35.08548,36.498745,1.981205,495.43155,640.00775,134.75119,72.15337,0.67960835,0.65752673,0.089327484,0.5988575,1.1420765,1.052749,2.9826634,1.2721729,2.1457558,1.7032028,0.21006447,0.8348355,29.139473,0.29941213,12.451458,0.8052532,2.6429954,3.1291802,-9.052801,-1.5736965,0.027986068,1.7324998,0.6830694,1.1304477,9.888356,0.3660423,0.66814077,14.051816,28.298132,0.19566692,742.5393,0.09866437,1159.49,0.09374509,-73.282234,-1.2187963,1991.6105,0.033784624,769.9223,0.35936588,-86.556015,-0.9185957,2940.237,0.039409682,889.8649,0.22563735,-88.87994,-0.8762773,-22.724798,-0.1315634,26.384043,0.16766962,0.056942265,0.35068822,-0.049375318,-0.15369502,0.26237303,0.6170202,33.233032,0.07865027,13.937423,0.40074438,0.64105093,9.336164,-15.788015,-0.68076617,-17.043476,24.463781,0.012615886,-0.010177222,0.12358989,1.8716577,2.4390244,0.2588889,0.40184143,0.14625,0.2446905,-20.079681,1
27.502745,0.011841652,27.432428,27.520992,27.618484,0.18605614,16.910807,13.914382,21.173285,26.146162,1.3736048,0.21634072,1.2263864,1.3962073,1.5225451,0.29615867,3.2008786,2.8592463,1.3864317,1.0006174,0.33020332,0.32280564,39.281277,0.059344776,0.7904178,4.1753936,2.803823,1.2680762,18.701803,0.21072663,0.002680901,1.6031591,0.34337768,1.1159014,9.363699,0.0753054,0.5625807,2.244986,14.918291,0.20627615,434.98727,0.05931332,1114.3148,0.07623637,-6.6709046,-0.98929256,1453.4036,0.03364939,943.62885,0.14261568,-14.903972,-0.45510903,2289.9546,0.03496586,930.27686,0.15643735,-21.611523,-0.29660168,-12.733873,-0.14070326,22.845306,0.107718825,0.047757804,0.27043644,-0.03766862,-0.09646195,0.33186007,0.31508818,39.365032,0.050425272,0.74978304,4.3378916,2.8118753,1.2635934,18.679274,0.20817561,-20.387669,33.217896,-0.06425041,-0.023943152,0.08391481,0.43103448,0.061804697,16.15,0.0,0.0,0.0,-23.521965,1
35.3152,0.2119675,27.353264,35.88998,36.18536,8.832096,131.92935,83.82599,59.825306,37.714287,1.9282801,0.4812255,1.0207474,1.9068164,2.8017411,1.7809937,12.93929,7.334431,9.573856,4.5089235,0.9984781,0.84381264,31.96426,0.18799782,-23.924536,-0.58162725,-7.3411655,-2.4238908,-44.652084,-0.28597823,0.027828712,2.0375757,0.84078324,0.8010161,10.307966,0.40315282,-6.295104,-2.115742,6.430269,2.2350883,768.2741,0.2943264,1205.7435,0.26525316,12.09823,1.7710036,1806.7242,0.15079515,960.64886,0.42486396,-0.2986114,-75.32683,2747.652,0.1132327,981.06836,0.50001335,-4.3319383,-5.268963,-15.598706,-0.5066851,23.820158,0.3936396,0.09315139,0.43026888,-0.037638023,-0.33193743,0.9504436,0.7000596,31.913296,0.18962976,-24.499313,-0.5576391,-7.6608973,-2.354633,-44.980644,-0.2793605,-10.2870245,19.58279,0.047043182,-0.0044325455,0.009688138,3.0664396,0.08841734,11.259999,0.0,0.03,0.0,-14.772209,1
32.997837,0.010458957,32.72462,33.01494,33.27804,0.553421,5.3424006,1.9383552,3.7369032,3.1319742,0.7219775,0.37427622,0.6572954,0.79575205,0.8911184,0.233823,1.6344744,0.5567333,1.6176572,0.56573224,0.07859986,0.48927212,40.532352,0.28517506,5.8813624,0.82806927,19.04615,0.20190084,-3.800638,-1.570233,0.0037543117,0.6092353,0.18816806,0.4537411,12.402135,0.02889767,-1.2945523,-1.1707164,25.186447,0.123782486,742.4885,0.045217745,1168.1201,0.061923895,-31.358059,-1.8333805,1933.2477,0.019954177,696.11725,0.12769759,-44.989285,-1.1758634,2934.8923,0.02976509,856.9924,0.14875299,-50.80993,-1.0021522,-22.842026,-0.10430543,26.421053,0.12230359,0.032349512,0.26499853,-0.04824895,-0.08132547,0.08705415,0.33907488,44.507885,0.028340066,5.915856,0.79239446,19.85618,0.13530137,-5.486673,-0.61151063,-12.238458,19.156103,-0.021640312,0.012559246,0.012305303,2.4038463,0.1615509,5.54,0.0,0.63,0.0,-20.187204,1
33.819733,0.012149429,33.418472,33.840237,34.2128,0.7943268,4.7620897,2.0643425,2.2003357,1.4255565,0.42744866,0.17497481,0.36054063,0.4093628,0.5000446,0.13950396,0.63670725,0.30865607,0.30921465,0.17044143,0.016809173,0.39974815,38.585003,0.09519848,8.836604,0.29904225,13.557792,0.32139972,-10.53375,-0.425822,0.0047020097,2.0609632,0.20181605,1.3259015,12.651316,0.078927115,-0.66856277,-1.6514895,21.400824,0.11647702,767.7446,0.05134713,1124.4089,0.09755566,-9.364227,-0.2722223,2040.641,0.028945737,634.2247,0.19288196,-24.293123,-0.0947331,2939.6367,0.02860212,913.4331,0.2420341,-25.881163,-0.08657853,-20.839592,-0.048360117,23.81384,0.06757526,0.058401786,0.17106088,-0.045881327,-0.08079869,0.016826889,0.4033508,38.585777,0.095690444,8.825768,0.3006726,13.516299,0.32267413,-10.556219,-0.42643774,0.0,0.0,0.0,0.0,0.0,1.426025,0.18018019,5.54,0.0,0.0,0.0,-29.891014,1
21.761368,0.26799434,15.014067,26.681786,26.926502,11.912436,1.0197121,0.0,2.5011115,0.0,0.536801,0.2324658,0.46119452,0.4958266,0.61616904,0.15497452,1.6833344,1.0070156,1.3106291,0.9437022,0.19439192,0.5272254,33.654984,0.09799885,19.438625,0.25288272,17.27153,0.36384416,9.596572,0.4086425,0.011514449,1.343497,0.44587445,0.5798246,6.1640377,0.5214573,3.24797,1.9094638,28.569456,0.3295459,529.18396,0.13691646,1314.3467,0.059492636,-7.080149,-0.92060244,1745.2833,0.047081,956.94666,0.25238854,-25.081274,-0.21500765,2843.6084,0.068715125,1200.9084,0.2332821,-32.91628,-0.16374688,-23.010918,-0.10558184,32.097805,0.07994932,0.0072567347,1.9207622,-0.040060036,-0.11041414,0.19431241,0.5294143,33.633003,0.098216645,19.445074,0.25366777,17.334488,0.36236197,9.645796,0.40495187,0.0,0.0,0.0,0.0,0.0,2.901024,0.1724138,5.79,0.0,0.0,0.0,-23.821724,1
25.114187,0.0064788065,24.981009,25.075905,25.251328,0.27031898,2.6750357,1.0362428,2.3494177,1.3305277,0.7176844,0.091593266,0.6575597,0.7054587,0.77383196,0.11627227,0.9394294,0.59237313,0.7047362,0.61671,0.11558938,0.20575361,41.2042,0.03650833,5.2874804,0.43663687,31.015522,0.1632229,12.407266,0.28594697,0.0036017518,0.587531,0.20468993,0.5460283,8.3768,0.020130394,8.963445,0.08440489,19.3721,0.11863364,422.94293,0.05218681,1132.9043,0.052541036,-0.4388877,-3.3909805,1579.878,0.041674722,920.99713,0.10782857,-20.537771,-0.10163698,2393.0938,0.040789,1177.5455,0.20529328,-21.214045,-0.101042666,-18.889278,-0.07446741,21.504229,0.08014881,0.030220158,0.18837619,-0.035037883,-0.113495864,0.11592737,0.21072131,41.2193,0.03649485,5.2543664,0.43709058,30.95244,0.163184,12.405372,0.28745273,0.0,0.0,0.0,0.0,0.0,3.652174,0.17574692,5.68,0.0,0.0,0.0,-21.533642,1
35.907887,0.009356049,35.595795,35.879456,36.210266,0.61447144,3.9944296,2.177415,3.1121752,2.0589852,0.9757727,0.13669857,0.86363584,0.9588928,1.0541967,0.19056088,1.2716073,0.70764136,1.1095574,0.65542144,0.054833896,0.37579802,28.070454,0.0572416,-5.8821526,-0.33135736,19.621737,0.09756249,-26.439539,-0.04986798,0.003175567,0.39832824,0.15613899,0.42496753,13.52051,0.02797284,4.5861845,0.2799101,18.28487,0.0971143,724.4247,0.060967874,1364.6543,0.060512416,-4.1682835,-0.4179854,1831.2714,0.017164161,751.78687,0.09794909,-15.405023,-0.11120738,2819.9917,0.016380826,728.8841,0.12794238,-17.692743,-0.10532239,-12.80593,-0.077033594,15.55948,0.09719526,0.08430701,0.08041404,-0.03003036,-0.13853644,0.05498408,0.3772262,28.04151,0.0566774,-5.890633,-0.33220628,19.575024,0.0953898,-26.4489,-0.049862072,0.0,0.0,0.0,0.0,0.0,2.0477817,0.1724138,5.79,0.0,0.0,0.0,-22.945234,1
22.30792,0.008770591,22.150623,22.316725,22.455734,0.30511093,3.6228857,1.7267473,3.493387,1.5436802,0.49010274,0.5421044,0.3984371,0.50995475,0.6245777,0.22614059,1.4680413,1.8268627,0.69733804,0.4669129,0.05600557,0.93817675,28.849815,0.4415858,8.35466,0.5641236,13.675343,0.49843404,4.934766,0.70199805,0.004196962,0.57326204,0.36520338,0.5589725,6.780028,0.111142926,10.954607,0.14220825,21.524956,0.13241336,403.0766,0.100066446,1065.0122,0.038015798,-33.424644,-2.1823187,1392.5925,0.03702609,881.4817,0.107875146,-45.246826,-1.4982896,2221.8313,0.037426986,835.0334,0.124523036,-50.99528,-1.2801365,-16.693584,-0.13296708,21.80661,0.124730185,0.050288785,0.21928217,-0.035239525,-0.13201326,0.06634155,0.7641492,34.431892,0.070706904,9.906143,0.33304346,16.350828,0.2154912,5.7467437,0.49693844,-10.259001,16.846107,0.12221674,0.019689942,0.052944977,1.0819166,0.15576324,5.38,0.0,0.505,0.435,-33.894276,1
30.979118,0.0039612283,30.899221,30.962677,31.042881,0.14365959,-0.7308402,1.0140609,15.571484,21.448057,1.5142044,0.12611234,1.407304,1.4838178,1.6325157,0.22521162,4.3072553,4.999678,1.0767654,1.0270011,0.12871425,0.47631764,29.953695,0.07789233,5.953281,0.52988726,16.933643,0.24538109,-27.55224,-0.22595863,0.0018661813,2.0502763,0.15874298,1.4930377,11.439093,0.045695588,-4.710655,-0.101995334,19.840849,0.15628314,651.9991,0.101072915,1266.0477,0.106631935,2.8898933,2.61453,1843.378,0.06020384,748.4882,0.5696263,-14.446327,-0.513214,2883.2913,0.06385956,728.6927,0.37518927,-19.749949,-0.3670231,-17.52893,-0.08489972,19.212446,0.15483002,0.10526399,0.12150164,-0.051946454,-0.05939359,0.12861088,0.4649554,30.016521,0.06678732,5.967149,0.5276428,16.93082,0.24421643,-27.658358,-0.21777418,-2.4383364,8.079373,-0.013650101,-0.008690274,0.0025864458,0.10131712,0.050813008,19.64,0.0,0.02,0.0,-23.07337,1
25.009846,0.012373833,24.75998,24.986032,25.239246,0.47926712,6.9246287,2.9244838,6.5347323,4.3641367,0.5285494,0.17398484,0.4463197,0.51727176,0.6100216,0.16370189,1.3637506,0.49719518,1.0441972,0.6188719,0.06760186,0.27373114,36.986423,0.053119976,4.097174,0.51100755,30.669983,0.07151748,-2.435641,-1.0439931,0.005765735,0.50054187,0.2972927,0.48943308,8.128487,0.03642237,10.884644,0.09475152,25.715765,0.09253933,447.6124,0.080240496,1129.8877,0.06688464,-2.4271362,-0.65761197,1584.7867,0.03857427,848.8729,0.24461758,-19.38949,-0.121414416,2623.2974,0.040469114,1099.2952,0.2764673,-27.603893,-0.07986372,-17.90069,-0.092598476,26.269152,0.062062483,0.028169591,0.221859,-0.036358166,-0.10011995,0.06787097,0.2738922,36.992886,0.053346604,4.0828643,0.51416165,30.674759,0.0717974,-2.4090931,-1.0534612,0.0,0.0,0.0,0.0,0.0,4.5075126,0.16863407,5.92,0.0,0.0,0.0,-27.221336,1
26.87993,0.006755885,26.759367,26.904427,27.029722,0.27035522,3.4613802,1.4906483,2.6605303,1.3050194,0.9726915,0.112591684,0.86685294,0.945523,1.0844644,0.21761149,1.4550842,0.8515335,0.94045746,0.63474,0.15180282,0.29045758,36.953182,0.03884368,10.761125,0.23897326,12.849695,0.22377533,14.921108,0.25847927,0.0028787903,0.4786924,0.21621346,0.41724765,9.335821,0.01473844,5.620352,0.25916114,22.21361,0.163695,429.5096,0.069666736,1162.8506,0.05276081,-4.7654014,-0.44721702,1546.0912,0.044500906,961.83417,0.16328286,-17.747553,-0.16417642,2424.943,0.065437056,1307.4323,0.24288113,-23.053165,-0.16304995,-18.101908,-0.09867444,22.396072,0.098005354,0.043706916,0.119519435,-0.03389217,-0.12872927,0.1522865,0.29199985,36.96019,0.03897519,10.7275305,0.23881595,12.856794,0.22451675,14.944674,0.25886843,0.0,0.0,0.0,0.0,0.0,3.4129696,0.1724138,5.79,0.0,0.0,0.0,-18.706087,1
30.355202,0.0056475084,30.217491,30.351702,30.516777,0.2992859,3.5753722,1.4936758,3.092597,1.1988511,0.45784542,0.17451315,0.37533268,0.44798884,0.54323226,0.16789958,0.86775464,0.38648745,0.569596,0.33302101,0.045703415,0.24505629,35.90087,0.045509692,27.381407,0.14708294,13.507555,0.19065589,7.78691,0.6012549,0.0028780906,0.44413677,0.18918186,0.481528,11.2254925,0.010206341,3.6639068,0.45844102,30.116093,0.14062735,627.1262,0.26294112,1574.4326,0.127246,-18.968334,-0.31970692,1697.3365,0.109598294,1202.2126,0.18050058,-34.342068,-0.15793039,2910.4722,0.045745876,808.4956,0.29789183,-42.90681,-0.08825273,-27.43827,-0.09767948,40.60413,0.07379986,0.032021303,0.2476895,-0.024133667,-0.21819876,0.045997802,0.24041237,35.89697,0.04570175,27.408384,0.14733629,13.505532,0.19115262,7.6853666,0.59897435,0.0,0.0,0.0,0.0,0.0,3.5650625,0.18018019,5.54,0.0,0.0,0.0,-23.240393,1
29.801037,0.011528577,29.53482,29.725836,30.07429,0.53946877,6.2329226,4.04815,4.2164545,3.304846,0.5650769,0.09567395,0.53171474,0.5606502,0.6045348,0.07282007,1.110387,0.5544413,0.9219979,0.7179456,0.09637001,0.1966459,30.52432,0.04177107,27.089987,0.06293131,28.830587,0.08981347,18.846426,0.20031413,0.0061069853,0.4620835,0.2689011,0.45746297,10.641466,0.021487663,5.250577,0.28377828,29.35703,0.07912152,409.6282,0.2916413,1404.894,0.10638899,-12.855512,-0.39046165,1585.0198,0.06876546,1040.9136,0.16285388,-36.128277,-0.08713136,2591.8948,0.067076586,1034.1565,0.1962453,-38.720615,-0.061187092,-26.03983,-0.048475638,34.594334,0.05605737,0.021121826,0.4669592,-0.02712354,-0.1938491,0.09669993,0.19602108,30.524975,0.041978512,27.082785,0.06310143,28.849922,0.08984741,18.874138,0.20004377,0.0,0.0,0.0,0.0,0.0,4.6075087,0.1724138,5.79,0.0,0.0,0.0,-20.606544,1
27.419899,0.010656802,27.154108,27.432386,27.70179,0.5476818,2.793004,1.871626,2.5069742,1.5155488,0.77182496,0.19484834,0.62145275,0.7870064,0.90497696,0.28352422,0.9669113,0.547378,0.64441943,0.36470678,0.113938406,0.3553122,34.93028,0.053599715,5.331681,0.7454972,21.711054,0.17904143,-4.2599306,-0.7631767,0.004163723,0.7323622,0.39303562,0.8859409,9.276882,0.055025954,6.116509,0.45510733,19.84258,0.15034483,444.94412,0.07587016,1108.7925,0.070161544,-5.1332574,-0.4430178,1530.8652,0.024411278,903.5539,0.11311307,-15.324157,-0.13853973,2467.355,0.023364248,863.88403,0.12198751,-20.592308,-0.09739899,-17.068155,-0.06575536,22.703156,0.0770311,0.042266246,0.13675076,-0.047173765,-0.07117003,0.114659384,0.35255414,34.955772,0.053276513,5.2652273,0.7485943,21.685772,0.17976853,-4.2596774,-0.76696134,0.0,0.0,0.0,0.0,0.0,2.9462738,0.17513135,5.7,0.0,0.0,0.0,-23.003235,1
30.262907,0.010922157,30.005352,30.202284,30.58885,0.583498,4.74788,2.3242722,4.2150035,3.0328617,0.95969766,0.073680654,0.91205645,0.9656045,1.0168467,0.10479021,1.551339,0.6074472,1.1440278,0.6824257,0.097853236,0.3147381,20.761553,0.15156046,-10.647621,-0.20165765,32.50763,0.060424317,-15.526662,-0.12429116,0.0036711718,0.51004565,0.25742027,0.47646743,8.978211,0.09848564,4.937913,0.2809414,1.4160625,1.8857754,445.34882,0.05176828,1001.6809,0.079845175,-12.387492,-0.16330819,1511.0085,0.026644945,719.7857,0.117700696,-14.164087,-0.16734277,2399.762,0.026674848,876.9417,0.20330845,-9.392599,-0.24991272,-4.2317753,-0.3905465,9.005235,0.17556125,0.020704683,0.41505647,-0.031538393,-0.09334928,0.09755072,0.31012312,20.785051,0.15177956,-10.616029,-0.2011892,32.511463,0.06071509,-15.528817,-0.124908425,0.0,0.0,0.0,0.0,0.0,4.181185,0.17605634,5.67,0.0,0.0,0.0,-26.70285,1
34.574024,0.008476041,34.381508,34.578304,34.770855,0.38934708,3.6010993,1.5361327,3.66766,10.538072,1.127342,0.35431576,0.9859786,1.1934688,1.3928465,0.40686786,2.447041,1.8100262,1.5927969,1.1209741,0.11826513,0.69597226,24.423494,0.2903507,-3.1283271,-1.4456823,3.832396,1.6127079,-19.0431,-0.39748693,0.0020322057,1.4448696,0.2176369,1.2551637,12.741386,0.10203878,-8.466823,-0.19574697,11.266402,0.5291772,554.8385,0.20128016,1385.1031,0.21778303,-15.83953,-3.4959934,1583.089,0.20926872,1598.5304,0.5853744,-27.6189,-1.856495,2420.2085,0.18387781,960.37683,0.61186105,-29.191671,-1.7431202,-13.68903,-0.18329555,16.016867,0.21802154,0.064172514,0.3999862,-0.03816177,-0.11565142,0.12861247,0.6059807,26.3013,0.094720446,-3.6047337,-1.153225,4.051394,1.5589169,-20.797136,-0.24027592,-18.63639,27.15703,0.105971605,0.015068297,0.029551962,1.3176144,0.06958942,13.21,0.0,1.14,0.0,-27.53374,1
25.733103,0.044941276,25.534763,25.787905,26.058615,0.5238514,253.30614,109.561035,76.629585,31.543629,0.11576307,0.37466845,0.10171277,0.12465961,0.13781703,0.036104254,0.27743262,0.1665484,0.09811512,0.09299317,0.014582369,0.8312997,24.03628,0.32373825,21.423561,0.31239498,25.087545,0.35935146,14.234142,0.4338785,0.009044819,3.2073655,0.35489032,0.8098575,8.568423,0.113591745,13.415633,0.37095731,28.762224,0.11044839,372.65027,0.28321865,1278.1328,0.116549656,-41.40203,-1.3469585,1523.9784,0.077461995,645.1176,0.41059887,-49.514492,-1.0536073,2893.3384,0.06156472,859.5834,0.8668428,-58.02853,-0.84843385,-23.791973,-0.073037095,35.672253,0.066429235,-0.009132727,-1.9190744,-0.017530214,-0.38934153,0.016137848,0.73765707,26.490652,0.09304543,23.490446,0.09798339,27.834639,0.14580119,15.496526,0.29597795,-13.011893,23.242533,0.07765454,0.012568824,0.0055986405,0.20661157,0.0691085,12.929999,0.0,1.52,0.0,-46.936283,1
27.18445,0.04485779,27.170311,27.330297,27.502739,0.33242798,254.5799,139.5274,7.7412324,7.9354053,1.1228924,0.07703079,1.0478885,1.131981,1.1999482,0.15205967,2.0644956,1.248113,1.5853714,1.0172634,0.19719227,0.3469547,24.82616,0.15840082,16.458855,0.19863176,22.853281,0.27049205,-3.4410741,-1.8708963,0.010808896,4.5364065,0.31890577,0.7416086,8.925476,0.12301412,-2.5495422,-1.3234377,14.505518,0.27375698,435.09756,0.10040538,1176.8899,0.09371922,-6.2613206,-0.34656468,1514.8298,0.041278947,766.454,0.26831093,-17.018717,-0.24402525,2755.5317,0.061494336,748.68225,0.661259,-23.32724,-0.15815933,-13.963969,-0.15384726,22.532341,0.13376981,0.02752681,0.2910978,-0.02732097,-0.12000155,0.19721211,0.34687054,24.853474,0.15871666,16.40513,0.19764136,22.748173,0.26962873,-3.3521094,-1.9123621,0.0,0.0,0.0,0.0,0.0,5.282332,0.18416207,5.42,0.0,0.0,0.0,-18.652021,1
26.605644,0.037837155,26.302162,26.64397,27.116692,0.8145294,33.51934,23.25966,41.20401,40.8785,0.7520599,0.5227572,0.60446894,0.7818792,1.060896,0.4564271,2.3783424,2.0507717,0.17249739,0.0,0.13403922,0.5944122,27.60009,0.43791908,15.465273,0.46993434,15.835716,0.46849576,-0.59645957,-8.081448,0.002678924,1.3614585,0.2978619,0.7059402,9.058328,0.15641849,10.332504,0.48099965,28.868422,0.10543215,448.36725,0.10650452,1239.2852,0.094400495,-35.106815,-1.9955357,1503.3727,0.08365861,1172.6172,0.22948755,-50.988834,-1.2409441,2445.1646,0.060767036,1002.2186,0.27115437,-53.878696,-1.1511482,-21.454643,-0.08309574,27.709042,0.08444486,0.04734018,0.23273525,-0.048925053,-0.10158805,0.15746647,0.3729367,32.725765,0.079271086,18.313028,0.18265611,18.841326,0.1521413,-0.78095526,-6.629909,-9.797902,18.551708,0.12665536,0.020535113,0.25191694,0.1540832,0.1552795,5.45,0.0,0.48,0.45999998,-27.053791,1
29.418476,0.00786433,29.19541,29.4255,29.58593,0.3905201,3.0499086,1.3441261,2.7158918,1.7170944,0.91721493,0.51240796,0.7201787,0.9760396,1.3430958,0.62291706,3.7597876,3.0460188,0.21001185,0.0,0.19810954,1.0655303,34.047855,0.43329626,22.821081,0.44562605,14.4405155,0.48531476,6.7332535,0.7755584,0.0023960122,1.7241224,0.23307325,1.9109404,10.480104,0.11788846,-0.7100551,-1.3954875,38.94147,0.101870984,687.5292,0.106021024,1308.5024,0.15482059,-44.373714,-1.4926552,1799.9592,0.09573559,786.5097,0.32932273,-56.8027,-1.0599328,3123.9934,0.076903306,750.47284,0.2897689,-68.83811,-0.8015713,-28.463844,-0.069662645,36.7847,0.07881258,0.07628497,0.20241883,-0.049101096,-0.1423226,0.23299687,0.90028656,40.308662,0.06918115,27.025341,0.11567101,17.119822,0.20559955,7.9099107,0.5945241,-20.720333,34.37995,0.12852697,0.021626001,0.38533792,0.15455951,0.15576324,5.45,0.0,0.93,0.0,-20.506615,1
31.037374,0.0074052047,30.880417,31.043562,31.201204,0.32078743,5.3858385,5.162762,4.1203747,2.195787,1.1897956,0.5602651,1.048127,1.2577573,1.5664,0.518273,7.0819635,5.3286905,0.63527286,0.0,0.29998282,1.0521029,30.527441,0.4465613,22.464912,0.4659118,16.198158,0.49212697,8.861384,0.5748522,0.0032572194,1.5269917,0.19664031,2.1528356,11.441297,0.07914016,3.756033,0.44249144,35.614193,0.1627261,594.8856,0.17824052,1366.4857,0.11776012,-47.776646,-1.439494,1672.4609,0.11175519,1040.0171,0.43525362,-61.009003,-1.0266634,2927.5132,0.15747316,999.6438,0.3935904,-69.079346,-0.8565921,-27.155146,-0.07781794,37.444225,0.11168599,0.03655397,0.481545,-0.044242866,-0.12274209,0.35930657,0.8633112,36.64835,0.07339513,26.98422,0.13684578,19.482798,0.18849555,10.261374,0.34100556,-19.000925,31.79249,0.10806275,0.018969228,0.12990731,0.155521,0.15673982,5.2999997,0.0,0.525,0.405,-16.508955,1
29.444893,0.0043754824,29.326876,29.422783,29.550854,0.22397804,2.3527598,1.0733417,1.9148933,0.9655183,0.5861196,0.13282222,0.5067013,0.5835243,0.67061746,0.16391617,0.8011425,0.5478021,0.6340397,0.38262573,0.044952627,0.14139089,42.045277,0.076414146,-2.743817,-1.1037203,18.05971,0.2777767,12.79488,0.32233325,0.0030573371,0.40917808,0.14223449,0.43154404,10.663198,0.0098230755,-0.86281705,-1.0363717,17.531172,0.2727932,466.46875,0.12513377,1172.2244,0.085101545,-3.7680066,-0.24294718,1604.6375,0.047275685,931.51355,0.23173553,-17.472673,-0.1987487,2555.6306,0.050204065,1002.4545,0.19770272,-22.304207,-0.19879383,-15.999692,-0.15993989,22.538492,0.17436394,0.051710986,0.117858194,-0.028188568,-0.08186542,0.045071676,0.1380116,42.08604,0.07616449,-2.7603467,-1.1014656,17.986229,0.27766934,12.861429,0.31853393,0.0,0.0,0.0,0.0,0.0,2.9143898,0.18416207,5.42,0.0,0.0,0.0,-26.755457,1
27.827675,0.0064141667,27.680012,27.850668,27.976067,0.29605484,3.2270603,1.317908,2.5418746,1.2260262,0.64650434,0.17801945,0.5369026,0.6225919,0.7458377,0.20893508,0.7867611,0.29098126,0.29446647,0.26793373,0.06757701,0.26270163,37.145103,0.04015932,-2.4641013,-1.1444275,23.488747,0.15036438,3.685181,1.8608899,0.0024248357,0.4182699,0.19963613,0.4038443,9.710313,0.017382186,-3.481692,-0.16080615,11.269243,0.17149903,415.83115,0.08159041,1106.0292,0.11239801,-5.2836018,-0.15873055,1436.7484,0.05847681,921.95447,0.34733248,-16.030014,-0.24788526,2283.4878,0.05201769,871.7471,0.29199603,-20.170515,-0.102427006,-13.527469,-0.16953325,19.451912,0.09013608,0.03796247,0.21523039,-0.0294675,-0.20675595,0.06784357,0.2616856,37.12972,0.040177118,-2.5320964,-1.0868933,23.486845,0.15110375,3.843821,1.7480268,0.0,0.0,0.0,0.0,0.0,0.89126563,0.18018019,5.54,0.0,0.0,0.0,-26.040894,1
33.72542,0.0036237394,33.666637,33.750015,33.810184,0.14354706,1.6947936,0.7328818,1.1729678,0.8303788,0.80434835,0.4484434,0.8748523,0.9209446,0.9896209,0.114768624,3.820358,2.9628546,0.13458133,0.0,0.055680793,0.98015654,28.384361,0.43249923,8.585263,0.4892169,10.906732,0.67904055,-6.111761,-0.6841758,0.0017890683,0.38373503,0.14092971,1.8527508,12.8917885,0.06835869,-1.479709,-1.1389266,15.481716,0.1316315,399.6321,0.023051938,1132.6449,0.057701595,-34.525753,-2.0181746,1249.794,0.037376553,1072.171,0.12912059,-54.558434,-1.1210451,2146.4001,0.013774734,538.62415,0.180796,-47.62532,-1.34265,-18.701288,-0.07368355,20.025509,0.11427126,0.09086012,0.15860611,-0.04732191,-0.11450674,0.06463258,0.7641948,33.590637,0.06765647,10.17738,0.21295945,12.969336,0.4711031,-7.286892,-0.46245798,-2.4307394,18.303532,0.13000442,0.021898145,0.28514877,0.15432099,0.155521,5.46,0.0,0.93,0.0,-27.73409,1
31.756197,0.0057864655,31.565437,31.792105,31.89959,0.33415222,3.4273434,1.5798801,2.705751,1.260642,0.4007045,0.16112226,0.35240185,0.38047624,0.43940702,0.08700517,0.9227198,0.476586,0.5837217,0.47643197,0.05567185,0.3888928,37.64984,0.025590347,24.892334,0.11971186,18.363144,0.120032,12.996954,0.28896114,0.011750395,0.68317163,0.35720652,0.4541927,11.540414,0.031839352,-1.0498445,-1.4297085,35.646843,0.111741714,519.3668,0.22592725,1462.4315,0.093516275,-14.572914,-0.3357893,1707.4595,0.079749316,1051.5149,0.2260123,-33.50519,-0.10105658,2981.3315,0.0664519,1112.0288,0.28704503,-47.554672,-0.08403793,-26.667664,-0.06537091,36.64395,0.056439344,0.03987343,0.19552964,-0.027293177,-0.2131729,0.05593335,0.3894091,37.656864,0.025622454,24.881535,0.120260246,18.397062,0.1189999,13.033753,0.2876692,0.0,0.0,0.0,0.0,0.0,3.565365,0.1715266,5.8199997,0.0,0.0,0.0,-25.359327,1
34.19215,0.011632648,33.91652,34.094772,34.519104,0.60258484,0.94267726,0.97211504,-1.6002591,1.8796918,0.17872985,0.26841033,0.15052095,0.16640985,0.20519376,0.054672807,0.2833305,0.18199536,0.25328597,0.23523235,0.007578324,0.49075085,25.49098,0.10116689,29.19705,0.11980034,42.10255,0.19702846,3.9127169,1.5101068,0.002257181,0.5537296,0.12940705,0.41967753,13.176277,0.024604712,24.394258,0.07286815,23.129477,0.15114026,596.3522,0.32476467,1470.8567,0.17207809,-26.965748,-1.0013521,1921.5999,0.10109443,932.1809,0.5445478,-39.38865,-0.56721246,2775.983,0.099874645,1005.5441,0.2956148,-32.1619,-0.7148884,-24.801472,-0.08657742,28.477566,0.07223738,0.053357404,0.14978209,-0.0027352704,-1.3679038,0.007664147,0.47261333,25.580038,0.09800781,29.464083,0.10208842,42.945747,0.13637343,4.037369,1.4313617,-17.334675,27.513254,0.0059963358,0.0076086554,0.0040527247,1.3166144,0.062893085,15.599999,0.0,0.28,0.0,-35.629192,1
34.0039,0.112621315,33.972496,34.5232,35.195713,1.223217,206.81433,139.24281,30.145084,27.3987,0.6236424,0.2938996,0.5188355,0.63211507,0.7468463,0.22801083,1.1243213,0.77179116,1.0285101,0.7487708,0.08516284,1.0911585,28.68401,0.18973202,30.544178,0.18337783,12.989566,0.31108516,-0.6691427,-9.654792,0.01042068,3.5833333,0.2823927,1.2502881,12.275663,0.22251658,20.633648,0.44161215,33.223793,0.21663511,540.571,0.32914302,1481.6753,0.11732316,-16.833012,-2.7068458,1696.7957,0.16421404,1356.6698,0.38703272,-39.2765,-0.91638565,2686.7144,0.12702495,973.2859,0.30962127,-36.05556,-1.0182675,-27.660454,-0.121596515,30.646889,0.16604465,0.0703951,0.18320493,-0.028847696,-0.22983974,0.079194054,1.0321637,28.927044,0.15986662,31.001087,0.16313241,12.960872,0.30630296,-1.3218691,-4.387699,-25.237144,30.23726,0.02731582,-0.011955165,0.2065189,1.1860174,0.6887915,1.3681817,3.0258875,0.07555555,0.089828365,-19.965084,1
28.106533,0.008842085,27.98839,28.093613,28.2172,0.22880936,-7.296097,7.2287683,1.3629351,1.1928049,0.9694144,0.20891316,0.8399689,1.0350971,1.1190524,0.2790835,0.8665179,0.69205976,0.78740627,0.66626865,0.22425923,0.41222376,25.815968,0.11323881,23.821756,0.115860276,51.672047,0.09960639,20.97058,0.22589926,0.0021741444,1.5303241,0.10414556,1.5982491,10.13932,0.041828748,20.048115,0.14937218,25.19779,0.12318534,357.50916,0.066867016,907.38605,0.04593129,-15.848428,-1.0930394,1594.6342,0.022480175,260.0654,0.4806183,-40.39427,-0.34805593,2469.0364,0.01689971,853.9208,0.14169982,-23.119045,-0.68196535,-22.132769,-0.09672297,24.367859,0.123677164,0.02876836,0.37506264,-0.030604398,-0.10489176,0.22652756,0.3987551,25.973347,0.092479445,23.860552,0.11287986,52.024,0.07327415,21.012066,0.22412989,-21.498924,29.851183,-0.039402004,-0.00072270294,0.021663295,0.3945885,0.056529112,17.539999,0.0,0.11,0.0,-21.118467,1
38.98318,0.1336728,37.100002,37.462215,37.83058,0.7305794,84.38944,61.069935,58.892178,61.951862,1.1157132,0.48934144,0.61819834,1.0069524,1.6059941,0.98779577,4.651707,3.6099198,3.0152545,2.6810284,0.2844726,0.917735,23.868826,0.33896926,-9.989748,-1.0694488,30.36192,0.38254294,-51.324333,-0.30946317,0.016452478,2.1098142,0.74744964,0.6287656,10.5931425,0.35555565,8.579975,1.1659955,2.9237971,4.831181,802.21173,0.3218827,1088.8344,0.23711953,-12.25919,-2.5173872,1956.4744,0.11010818,426.222,0.8627073,-21.105936,-1.3138498,2862.1667,0.08055739,840.0635,0.43184045,-5.728341,-5.22181,-6.9335127,-1.2578305,8.138369,1.2298754,0.11383374,0.19089969,-0.03354449,-0.3251512,0.29093742,0.8965075,23.847437,0.3430045,-10.417606,-0.9993522,30.8898,0.36204016,-52.305317,-0.28073847,-14.03687,23.23637,0.05722613,-0.015873492,0.018444505,1.7869908,0.071787514,13.66,0.0,0.25,0.0,-22.61749,1
35.271286,0.0134984,34.92141,35.27208,35.66249,0.74108124,4.0232186,2.2550395,5.7996235,2.787168,0.46346825,0.3291179,0.42281002,0.50524276,0.5672783,0.14446831,0.91249555,0.41868895,0.94560546,0.52110475,0.04836737,0.49174738,29.40326,0.26775938,26.840977,0.16914055,42.378864,0.24410832,-8.902447,-0.78165984,0.0029821873,0.48064572,0.12874152,0.7083827,13.687333,0.0320533,23.350723,0.05311163,26.118372,0.11518007,521.00287,0.24069728,1395.6683,0.10793931,-34.682533,-1.5425625,1884.0627,0.116898455,1108.5292,0.39736557,-54.696636,-0.79441136,2702.3904,0.067098916,936.5533,0.25928444,-45.235046,-1.0181507,-27.039051,-0.07761196,30.526415,0.08304682,0.057003777,0.20939262,-0.014763601,-0.254844,0.052505746,0.37993532,31.654024,0.080482215,28.030739,0.075566344,45.354057,0.07966155,-10.749093,-0.32261267,-12.2811165,20.52162,-0.012294845,0.019482475,0.005465029,2.0025032,0.12594458,7.29,0.0,0.63,0.0,-21.891764,1
34.26413,0.033200823,33.993557,34.36049,34.72249,0.7289314,175.45099,153.84912,26.521862,36.131283,0.21388826,0.24362373,0.18453316,0.2105041,0.23907268,0.054539517,0.30527398,0.18378374,0.19450052,0.18892619,0.016163327,0.6543115,31.074795,0.13390762,43.809677,0.1669013,30.750292,0.1551584,3.3748713,2.0007114,0.010821627,1.9787178,0.23199633,1.1620173,12.909286,0.07414154,28.362938,0.08308378,37.14652,0.13722172,502.42734,0.3289142,1418.8457,0.12978685,-19.02149,-1.3010246,1749.3281,0.15246528,1435.4882,0.31184673,-55.90288,-0.30419374,2714.6255,0.089839585,1146.532,0.2741407,-43.8183,-0.40307176,-34.886517,-0.04785745,39.109936,0.07184715,0.051574416,0.20409516,-0.009943229,-0.7268195,0.016346414,0.6447471,31.379879,0.10397945,44.267258,0.14001866,30.870462,0.14785093,3.3950548,1.9581228,-11.880033,18.611362,0.007603918,0.021771858,0.004212308,0.5641749,0.047125354,20.96,0.0,0.24,0.0,-30.434858,1
28.844406,0.17306265,20.439543,31.310255,31.62767,11.1881275,21.668806,10.489433,3.8193264,0.7640537,0.42540002,0.41351143,0.32379663,0.47236466,0.55902255,0.23522592,1.0766511,0.848006,0.64870507,0.38493773,0.066012815,0.43434438,22.803085,0.28353122,29.84643,0.20478891,50.06567,0.24517047,-11.444569,-0.67407507,0.014847283,2.1541212,0.57023346,1.0805444,9.395567,0.31906277,10.414681,0.45191523,24.51214,0.16307084,569.31726,0.22453275,1456.3853,0.11845443,-37.988552,-1.6176213,1962.3822,0.08394124,796.9408,0.58199435,-53.99056,-1.0083544,2776.9087,0.0696975,1015.7635,0.31144887,-45.25652,-1.2675024,-21.03833,-0.109421775,25.371895,0.097431794,0.032060534,0.38690877,-0.026630366,-0.1877815,0.07232232,0.31097206,24.621185,0.09123367,31.360415,0.109892055,53.07505,0.10155112,-12.671271,-0.46504214,-11.404808,17.366323,0.0024034893,0.011125154,0.022770947,1.7189081,0.20325203,4.325,4.305,0.575,0.45499998,-24.37343,1
44.125904,0.06235888,43.74134,44.319763,45.98423,2.2428894,39.64599,29.58745,198.21198,465.1592,0.9839072,0.703869,0.10312025,0.79468584,1.7594125,1.6562923,6.001897,2.8685286,4.4479723,2.508897,0.4479859,1.1235452,18.052046,0.35773072,7.373746,1.544761,10.732866,1.0530015,-14.049596,-1.0398984,0.015259229,2.757388,0.23649462,1.6760759,16.019297,0.20645924,6.103521,2.6023037,7.6268644,1.1289479,923.65283,0.17693691,1272.9943,0.16138631,-73.56581,-0.990951,2062.5295,0.08184795,863.04297,0.37531275,-72.19845,-0.96848667,3103.934,0.09357157,1201.5692,0.36528832,-73.61046,-0.9407414,-23.386055,-0.17337707,30.208918,0.15081884,0.075544275,0.24422765,-0.01158264,-0.984452,0.57825595,0.8869719,18.56717,0.31334823,8.925713,1.0465873,9.586085,1.1289957,-20.56506,-0.38988063,-13.085438,21.51058,-0.016800482,0.008206101,0.038814813,2.5062656,0.5089059,1.505,0.59499997,0.89,0.0,-10.240579,1
25.615843,0.009775374,25.51178,25.621115,25.74323,0.23145103,2.9290752,1.8107516,2.3749409,2.027872,0.5188219,0.1317237,0.49747902,0.53157616,0.55847144,0.06099242,-0.35425594,0.26563898,0.043892503,0.006118657,0.12402109,0.18840249,36.574177,0.039077505,20.081509,0.13018352,50.583027,0.079333626,16.959644,0.2157913,0.0018993695,0.57759047,0.104058795,0.65296125,8.801424,0.017733993,7.5768733,0.38412613,33.831566,0.12190979,568.3461,0.27754134,1463.8152,0.11291583,-15.996832,-0.5806897,1832.137,0.06350527,1193.1305,0.48279783,-30.147985,-0.12974681,2661.3901,0.1313694,1390.8015,0.3162283,-31.195946,-0.1238911,-25.576382,-0.09331489,28.046608,0.11533121,0.005931579,1.0337882,-0.016413929,-0.21359517,0.124521315,0.17918059,36.601364,0.036832944,20.058016,0.12907869,50.609043,0.07896034,16.98502,0.21436717,0.0,0.0,0.0,0.0,0.0,0.06430869,0.06455778,15.48,0.0,0.0,0.0,-20.402842,1
36.643803,0.026431443,36.45719,36.74067,36.962215,0.50502396,-121.51877,0.0,0.20427194,0.0,0.41128483,0.20735762,0.37513372,0.4045318,0.46848032,0.093346596,0.45823932,0.36310485,0.27488238,0.20789428,0.018589899,0.46809468,17.92153,0.13138117,15.838104,0.21116485,51.382114,0.083864614,-37.416317,-0.16487987,0.0021529621,4.38631,0.15151544,0.62754834,13.881834,0.05905743,18.859482,0.08642134,13.354571,0.3298322,611.67816,0.24728139,1502.9321,0.09809212,-28.305805,-0.8267318,1769.2971,0.13659196,929.24255,0.56942195,-36.007328,-0.49970695,2708.7869,0.09847828,704.7326,0.37137738,-23.693722,-0.82461435,-12.66916,-0.124950536,16.006845,0.14529341,0.070229515,0.1435926,-0.012464997,-0.22489822,0.018727781,0.46146908,18.021782,0.12027069,15.867183,0.2082697,51.770645,0.044749804,-38.014515,-0.0866304,-16.21007,24.681232,-0.025258534,0.017419798,0.010143608,0.27037466,0.03869969,25.529999,0.0,0.29,0.0,-30.45791,1
22.409214,0.03807772,22.381409,22.5622,22.713572,0.33216286,3.9902427,3.4779167,0.27578518,0.0,0.34167784,0.3704767,0.27170196,0.34081173,0.402549,0.13084704,0.81703496,1.1555736,0.77847326,1.3190998,0.031126212,0.59522605,24.764103,0.21237043,27.047054,0.24439804,46.72587,0.24185626,20.313856,0.30578855,0.003371829,0.714979,0.20747311,0.91087246,7.0697026,0.08738856,6.8129625,0.3259558,32.62166,0.12908816,365.44525,0.044536125,1013.72876,0.0428266,-14.093585,-2.9435685,1621.5125,0.036045615,408.90112,0.21578448,-37.574215,-0.96751374,2670.1724,0.08381168,1134.2284,0.40527114,-36.38531,-1.0070034,-24.101131,-0.089391775,28.972845,0.099534646,0.004685431,2.6006033,-0.027911594,-0.16123067,0.03256894,0.5443775,25.806454,0.07388719,28.153414,0.14458308,48.979908,0.10759253,21.247484,0.2201719,-18.524717,28.865715,0.08432263,0.01171288,0.010138937,0.34340662,0.034399725,27.699999,0.0,0.66999996,0.63,-33.1718,1
33.336903,0.005255352,33.263958,33.33859,33.413002,0.14904404,0.0,0.0,-0.002609985,0.0,0.6339386,0.160942,0.5620042,0.6261356,0.6968102,0.13480598,4.469378,4.9511924,-1.9649175,2.6909115,0.04841562,0.7854681,15.025585,0.16953118,33.853477,0.0658619,44.94898,0.051597856,-19.938473,-0.2128809,0.001411059,2.0517476,0.10961532,1.4565002,12.598086,0.037533663,12.098389,0.115459375,17.589811,0.16161315,370.92355,0.07459316,921.1043,0.17552234,-6.5190306,-0.55265886,1862.2864,0.040206656,274.411,1.4168261,-38.271255,-0.0823949,2609.7253,0.084976055,1631.1215,0.44848573,-23.848738,-0.15486129,-16.626713,-0.07095053,21.249214,0.07293373,0.07647849,0.16759269,-0.03532447,-0.080994904,0.048095495,0.7561363,15.030304,0.16921489,33.88197,0.06350259,44.946136,0.050918225,-19.997877,-0.20444846,-17.789177,24.945236,-0.07760863,-0.009825743,0.0,0.10913059,0.03646973,27.4,0.0,0.0,0.0,-30.965809,1
26.014072,0.015364214,25.739365,25.995306,26.254765,0.51539993,9.85637,9.744161,5.2829084,6.437447,0.3505924,0.21354888,0.3018439,0.35036474,0.3984445,0.09660059,0.7014235,0.73429674,0.3713952,0.33195505,0.06648034,0.33229217,28.18489,0.09721201,22.654907,0.13669416,56.480656,0.10494407,7.5117064,0.71862787,0.0052437996,0.99302405,0.21251607,0.5840034,8.758157,0.055483498,9.008604,0.32131472,29.44459,0.08299776,583.5913,0.2067813,1388.4398,0.0901631,-22.370495,-1.1331354,1846.3447,0.034301512,580.04443,0.5053029,-32.506386,-0.7110865,2904.5957,0.05224388,1204.6531,0.40270823,-31.47317,-0.73355097,-21.252327,-0.05245126,23.041948,0.10255393,0.0059389416,0.9502744,-0.017002398,-0.20350946,0.06677134,0.28815237,28.442446,0.063157864,22.741491,0.1339979,57.211006,0.05498885,7.287598,0.71278256,-24.296244,31.723467,-0.030570153,0.008805195,0.0685863,1.2152778,0.17436792,5.615,3.625,0.099999994,0.08,-27.301855,1
27.8034,0.014231085,27.475498,27.794132,28.101135,0.62563705,3.5462065,3.4738576,2.7418334,2.4982412,0.5380755,0.36592376,0.38997126,0.4715728,0.7221496,0.33217835,0.9656539,0.80477536,0.13201353,0.09547556,0.08369704,0.5602083,22.97464,0.104425475,26.31123,0.17245993,37.521496,0.199824,26.3391,0.28205645,0.0035748081,0.55524033,0.22508743,0.49201742,9.684291,0.023655988,3.7664244,1.0961756,22.015759,0.19826226,409.49637,0.17745127,1271.7885,0.14152995,-8.944884,-1.7050402,1665.7811,0.047665086,698.87744,0.27260768,-28.034908,-0.4774005,2580.6946,0.09216143,1495.8956,0.40754974,-25.900984,-0.536339,-19.457272,-0.10574133,22.810541,0.118994884,0.023779491,0.42755497,-0.012408439,-0.44502982,0.084342696,0.55284667,23.086113,0.08872607,26.3848,0.16696844,37.729206,0.1893555,26.418009,0.27933782,-14.667269,22.413153,-0.0013639845,0.024339993,0.013592305,0.1909308,0.04784689,20.77,0.0,0.11,0.0,-22.555384,1
30.209927,0.011281938,29.910297,30.178837,30.477383,0.56708527,4.210826,2.048876,3.2616913,1.6077164,0.3269808,0.2406426,0.2761368,0.34045357,0.38353097,0.10739419,0.43850756,0.2935864,0.22444676,0.23062755,0.043171424,0.38736224,29.107916,0.1419568,36.21631,0.13411105,41.537357,0.15713584,13.360032,0.63694674,0.0037648354,0.5093538,0.26835257,0.72293216,11.020299,0.052100636,17.136778,0.1930679,33.705257,0.17216764,569.6668,0.36280257,1456.3401,0.12871765,-28.215342,-0.93882596,1799.9536,0.0938976,1127.1165,0.23565936,-48.83522,-0.42978603,2832.687,0.07354606,968.15,0.43004784,-43.698166,-0.49998635,-31.710005,-0.10478723,37.523872,0.11367523,0.007982012,1.3029174,-0.014902948,-0.4140732,0.044045817,0.35900775,29.573912,0.09393986,36.7324,0.09306592,42.1731,0.11874964,13.287305,0.64330447,-14.397713,23.678822,-0.010263925,0.027779428,0.008753302,0.57034224,0.09551099,10.2699995,0.0,0.17999999,0.0,-24.394258,1
32.151093,0.029833259,31.430735,31.677942,33.071476,1.6407413,13.005571,6.881346,7.6686845,6.5924983,0.46729496,0.39289385,0.31243932,0.5410201,0.60765004,0.29521072,0.94820374,0.5136544,0.7185898,0.6146447,0.08439142,0.5638194,30.885061,0.21528983,32.89104,0.18564469,34.38196,0.19653213,26.25564,0.21582283,0.0062885974,1.7623849,0.20872587,0.93476665,11.941847,0.0512191,26.37752,0.12843235,35.172043,0.15087517,644.18396,0.33037364,1534.3641,0.116681725,-38.394917,-1.14993,1840.1808,0.081867315,1195.6334,0.22701377,-55.376816,-0.6748073,2881.8901,0.08483207,1225.2997,0.22193722,-54.05601,-0.6927927,-33.03526,-0.10010359,38.912968,0.09416297,-0.008756897,-1.0559094,-0.011580018,-0.5375251,0.089961864,0.49503437,32.236317,0.1335763,34.302902,0.08591382,35.901585,0.07765603,26.975937,0.1658912,-19.971931,30.270485,-0.035684615,0.01691246,0.009751177,1.0796221,0.13586958,6.8999996,0.0,0.44,0.0,-17.135847,1
26.482271,0.04868396,26.195745,26.934826,27.205225,1.0094795,-7.4808125,0.0,0.6541658,0.0,0.3481345,0.4817834,0.23603491,0.31761414,0.49764448,0.26160955,1.5739306,1.7679441,0.36720398,0.3550765,0.059231676,0.4944891,27.595707,0.16175066,22.584335,0.24823174,47.49277,0.16302915,16.003244,0.3512521,0.0057794824,0.74658906,0.29470703,0.540665,8.997046,0.07936246,7.1793423,0.5888095,28.107994,0.14734747,488.32452,0.2733842,1335.318,0.14543346,-18.971888,-2.1473002,1779.8296,0.055367358,769.1121,0.4466778,-36.635178,-0.99155545,2685.3638,0.08669126,1368.8982,0.3430634,-33.467434,-1.1088605,-21.680653,-0.13813901,24.972996,0.11601506,0.023626236,0.39052245,-0.017522499,-0.4672568,0.062382508,0.42957252,28.44612,0.075774424,23.040007,0.21816602,48.830315,0.08792078,16.169514,0.33506972,-12.615846,17.771803,0.005722393,0.016078332,0.0022478113,0.20060182,0.10080645,9.45,0.0,0.45,0.0,-27.335096,1
31.280365,0.029713018,30.448229,31.11822,32.310287,1.8620586,5.2215447,3.0519874,4.2363515,3.0030904,0.6090889,0.12555785,0.5868037,0.61719924,0.6466273,0.059823632,0.81477004,0.73519987,0.6297903,0.6548868,0.06844284,0.3285151,16.52913,0.14938705,3.9945316,0.7722477,66.166885,0.08727156,-18.98919,-0.23998147,0.004385044,0.3949522,0.36064065,0.38418144,9.1869135,0.09510452,3.4580562,0.4904243,7.977008,0.37480614,402.53442,0.13647692,1136.8607,0.13035408,-8.824999,-2.363012,1630.5891,0.036184616,364.23352,0.4509864,-32.400402,-0.56127626,2583.093,0.036739748,943.6993,0.21441644,-15.337435,-1.3027072,-5.3988776,-0.2509465,9.148558,0.19445822,0.046046194,0.23363046,-0.009506703,-0.42864603,0.06918965,0.30921525,16.639797,0.1206256,3.904527,0.76328695,66.702484,0.039419264,-19.20962,-0.17572984,-8.502728,14.12218,0.015623535,0.0058078575,0.03116235,1.1594204,0.07272727,13.58,0.0,0.14999999,0.0,-30.226992,1
35.735912,0.020207876,35.607376,35.771168,35.948517,0.34114075,74.96801,0.0,-0.019779459,0.0,0.5223063,0.38533354,0.4672998,0.5167629,0.61022943,0.14292964,1.3818439,1.4490858,1.690786,2.2630935,0.049012687,0.8645101,18.127914,0.2806193,27.7127,0.28611076,19.534082,0.42821378,-33.42151,-0.33487543,0.0021589298,0.54587597,0.13485369,0.8764329,13.667803,0.05939493,18.15224,0.084896356,26.834446,0.13201061,630.35754,0.13162686,1266.8865,0.18487507,-31.065546,-1.6402514,2123.7468,0.17061844,438.45645,1.2951177,-45.719875,-1.0050565,3097.5752,0.06946431,627.7869,0.351977,-41.210106,-1.1454351,-21.149488,-0.09800824,25.456581,0.09613314,0.11449357,0.14969423,-0.033952463,-0.09764836,0.05170983,0.57743275,19.438183,0.08488194,29.84782,0.099801734,20.971931,0.32121798,-36.57151,-0.109661035,-17.34939,26.55706,0.09705564,0.01382841,0.076920755,0.18903592,0.06321113,14.54,0.0,0.625,0.545,-32.15455,1
27.178787,0.015194871,26.82661,27.17186,27.462255,0.6356449,3.8475323,1.9900558,3.7237322,2.2536592,0.16193272,0.5459644,0.12421128,0.15534271,0.2125187,0.088307425,0.7678639,0.5096542,0.37883404,0.27064797,0.02225576,0.8693966,23.538588,0.37195528,31.576715,0.3455839,28.290354,0.38023442,16.428648,0.42603853,0.0036498995,0.6609722,0.24289578,0.7431373,9.560281,0.033342622,6.074605,0.44195175,33.143364,0.12622188,434.6861,0.09225451,1183.1971,0.10264474,-38.84676,-1.6634281,1703.1189,0.047891267,724.5675,0.8187026,-55.810623,-1.0363717,2929.1138,0.12071356,998.30676,0.966102,-60.90091,-0.91688526,-25.537739,-0.06877875,31.99357,0.08373431,0.040760007,0.3308836,-0.026592514,-0.12931085,0.02554357,0.7391621,26.786528,0.076630674,35.57406,0.0775785,31.928375,0.16182862,17.7203,0.27462268,-12.592479,21.344881,0.06331341,0.0099458955,0.0045314087,0.36764708,0.07380074,11.679999,0.0,1.8399999,0.0,-41.22127,1
25.987131,0.00887288,25.79098,25.974014,26.183434,0.39245415,4.5031886,1.9479265,2.9099948,1.7803063,0.5640433,0.17629254,0.51356536,0.58670616,0.6282047,0.11463934,1.12445,0.7518566,0.66785306,0.45236978,0.11391752,0.253014,24.517801,0.13616346,27.36444,0.15450999,35.898373,0.13346024,18.7008,0.30115,0.0029697486,0.4985908,0.17836164,0.59525836,8.885054,0.02347344,0.6645475,4.7249036,27.64002,0.16508038,414.32916,0.18396601,1267.6858,0.13020997,-7.621272,-2.334445,1624.6228,0.05364799,730.22656,0.29800248,-25.315353,-0.6295422,2737.7603,0.0877986,1189.1285,0.41587126,-32.285484,-0.4770654,-19.643549,-0.12515332,25.423141,0.10107122,0.008450924,0.7885199,-0.009823525,-0.44292662,0.11515708,0.2320786,24.65091,0.12467185,27.518612,0.14423433,36.176247,0.10957069,18.758297,0.29312703,-11.627588,18.497835,-0.006128352,0.01929311,0.010158156,1.4762516,0.0643915,15.4,0.0,0.11,0.0,-22.69992,1
25.642675,0.03955777,24.943611,26.0422,26.341457,1.3978462,53.440987,41.024277,0.4218323,0.0,0.3957538,0.6787673,0.089398116,0.40943742,0.6629795,0.57358134,1.5712852,1.1955659,0.17791387,0.07230111,0.09264038,0.7680524,22.730736,0.41962725,25.538172,0.40797922,38.705032,0.4201356,17.154713,0.56751555,0.0024126351,0.79593647,0.17515217,0.95794374,8.75209,0.11555061,10.49021,0.4536874,30.109663,0.14595886,396.06537,0.08225586,1068.8333,0.07549698,-44.824917,-1.6805804,1741.6053,0.059259307,503.50363,0.56965905,-64.745964,-1.0161865,2567.1812,0.07761096,1240.5276,0.30704036,-60.32754,-1.1250092,-24.800476,-0.09318741,28.243376,0.10790991,0.028543884,0.39475492,-0.029077208,-0.27149928,0.11420908,0.54351467,27.06879,0.07882657,29.729965,0.13413784,45.97689,0.10594617,19.276806,0.41620114,-12.520677,19.754784,0.06250318,0.005211616,0.004584815,0.1996008,0.10030091,8.08,0.0,0.93,0.84999996,-28.223354,1
30.126585,0.010987012,29.885334,30.109106,30.37756,0.49222565,-0.9780341,2.7541382,2.2404184,1.8037604,0.46747008,0.48672965,0.35290796,0.40135756,0.62121975,0.2683118,3.6553845,2.6084557,0.0729257,0.0,0.063224815,1.129403,26.027039,0.24485822,40.752674,0.24526551,43.73767,0.24654156,9.249586,0.41513625,0.002938708,0.9932193,0.12983117,1.698252,11.19198,0.02555541,26.096521,0.1468197,35.9776,0.07726621,479.49905,0.11724928,1166.8727,0.1340861,-40.182095,-0.9573154,1655.2184,0.15139244,1476.1643,0.44130948,-56.615196,-0.60455847,2614.2263,0.12494882,378.2261,0.8013454,-47.12836,-0.76842207,-31.396969,-0.057354614,35.334053,0.072666235,0.027393466,0.5282908,-0.016763141,-0.25663584,0.0667616,1.0762703,27.459236,0.076095924,43.021767,0.075655036,46.165424,0.08059742,9.680667,0.32813483,-15.822059,27.425484,0.11253503,0.02047548,0.023395617,0.04933399,0.049455985,19.15,0.0,1.03,0.0,-24.750547,1
31.942583,0.012269901,31.79126,31.899263,32.113808,0.3225479,33.05749,57.356598,9.086453,12.135939,0.8080793,0.4209881,0.71593297,0.83141845,1.0802162,0.3642832,5.022018,4.6812167,1.0588169,0.70169055,0.21486391,0.854367,26.660212,0.3257755,33.735817,0.34412184,33.19486,0.334437,23.158648,0.34763524,0.005025021,0.6678096,0.16487986,1.8415496,12.032491,0.04487341,23.195215,0.14605474,31.74492,0.14004447,414.5272,0.12556133,1253.9292,0.05154939,-36.956734,-1.4409821,1747.2755,0.05387166,873.4698,0.43358132,-57.83279,-0.8009919,2785.885,0.07610983,1123.5172,0.4251593,-61.441254,-0.7337851,-34.634617,-0.07785258,43.213997,0.06881386,-0.03069179,-0.5570153,-0.023400696,-0.15397161,0.23814434,0.74982226,29.411762,0.07094715,37.210243,0.13048649,36.65563,0.09682319,25.403635,0.14575587,-20.489883,28.557959,0.11078491,0.01913402,0.01880722,0.26431718,0.088495575,10.219999,0.0,0.525,0.475,-16.776567,1
29.5112,0.05709094,29.630718,29.757523,29.873951,0.24323273,209.3389,0.0,1.2744219,0.0,0.4855805,0.27191004,0.4392588,0.48981634,0.5849745,0.14571571,0.5874311,0.22819623,0.18440884,0.18094188,0.044401,0.39566815,26.663063,0.20941359,14.85769,0.21290602,66.58515,0.18164636,0.71502656,5.588835,0.0041287923,5.200896,0.1410218,1.2490114,10.694025,0.095553465,24.427591,0.18826115,22.23102,0.11522727,560.67017,0.2792677,1375.0001,0.16743754,-21.57258,-1.6763697,1872.4124,0.049744833,527.6363,0.82492846,-36.27209,-0.8727186,2709.1807,0.07356248,1580.6238,0.3786839,-24.5478,-1.3765247,-17.545233,-0.10957637,21.36357,0.09671706,0.02188274,0.5037618,-0.012945954,-0.30999807,0.046193328,0.33714828,27.702543,0.07131408,15.045974,0.18234085,68.94298,0.045079444,0.18259309,16.6752,-10.470344,20.570604,-0.0056420863,0.038855094,0.0027047119,0.28598666,0.09578545,10.059999,0.0,0.35999998,0.0,-24.217196,1
28.885597,0.017259238,28.821285,28.925135,29.021393,0.20010757,0.0,0.0,-0.0070154704,0.0,0.558876,0.32175237,0.42776358,0.55202,0.6895013,0.2617377,0.22458076,0.15678547,0.06421327,0.0,0.08218005,0.43399313,31.999092,0.15412709,11.214313,0.3317169,56.9639,0.16709787,18.17717,0.37472302,0.0023770484,3.1000564,0.14473268,0.4941422,10.406711,0.04107841,10.201524,0.07531712,20.23784,0.17748293,424.5289,0.31029037,1235.0316,0.1344137,-12.549289,-2.8251426,1655.8046,0.054878697,670.33453,0.5047858,-35.31656,-0.86261827,2481.6199,0.07186701,1235.8397,0.30942166,-25.316763,-1.2772894,-17.141733,-0.15845534,18.658539,0.15065663,0.03263055,0.2317185,-0.018244833,-0.13456658,0.08493817,0.38891947,32.791504,0.06873656,11.075078,0.32869887,58.528122,0.06973183,18.585054,0.35046482,-12.222854,19.60258,0.020576386,0.024977813,0.009511437,0.059206635,0.059382424,16.279999,0.0,0.53999996,0.0,-23.022907,1
36.46009,0.0065327995,36.348255,36.449352,36.582214,0.2339592,8.008767,7.2723923,-14.127337,19.86646,0.81919295,0.3265979,0.834574,0.89031255,0.9260177,0.09144372,4.24187,3.0318353,0.10974545,0.0,0.06596802,0.74789107,17.288748,0.3280097,10.418916,0.36947197,31.469143,0.30575955,-4.885379,-1.3221935,0.004006164,1.6663903,0.1772109,1.0573019,14.114747,0.05561774,18.899286,0.08416634,12.100511,0.25086617,351.30777,0.08304438,956.2599,0.06838391,-169.57655,-0.4107076,1527.4796,0.031441208,433.4672,0.29533377,-50.17278,-0.91752666,2309.0483,0.034821544,771.4753,0.23673289,-37.656918,-1.3215482,-17.807863,-0.118626535,21.725252,0.14798388,0.09831419,0.10812958,-0.026690727,-0.12107264,0.07175337,0.6452475,18.702168,0.14858218,11.142914,0.20459682,34.259438,0.08480193,-5.530272,-1.1320286,-19.629353,28.368092,0.113286115,0.0179229,0.04688639,0.07692308,0.077220075,11.84,0.0,1.09,0.0,-26.04623,1
31.925192,0.007926376,31.748621,31.972021,32.12801,0.3793888,2.943888,1.7826426,2.326055,1.932952,0.3896829,0.31947526,0.31747037,0.36054665,0.5153955,0.19792515,0.54104173,0.32403153,0.43696928,0.37006238,0.045946773,0.4473678,30.00024,0.12358763,30.684174,0.13951012,39.12031,0.18995965,28.737741,0.18992181,0.0035404437,0.797758,0.20778608,0.55334467,12.038888,0.020067515,19.58543,0.101220466,32.566628,0.14278811,664.0345,0.29701796,1605.6909,0.1616123,-33.84673,-0.9183776,1808.9446,0.07729961,1039.9777,0.3527552,-40.99991,-0.6628037,2958.7468,0.081396125,1180.3168,0.3900943,-46.35372,-0.57544655,-29.60129,-0.10775282,35.900547,0.14668661,0.013179457,0.652461,-0.009772979,-0.39238256,0.04734065,0.41014472,30.600313,0.055711202,31.027302,0.123532385,39.98152,0.14514731,29.357954,0.13678116,-14.313034,21.049582,0.01411963,0.014475218,0.0063893367,0.295858,0.099108025,9.8,0.0,0.26999998,0.0,-22.444576,1
34.00026,0.011567076,33.615097,33.9283,34.41432,0.79922485,2.6018155,1.52985,2.0003722,0.8761263,0.17522825,0.12045637,0.15424992,0.17508394,0.18954608,0.035296157,0.2079476,0.12291469,0.22096504,0.14817095,0.006389152,0.34444708,24.872316,0.08902282,30.111427,0.08261467,46.61272,0.09747071,0.4157044,9.527543,0.0029057376,0.660882,0.12099753,0.35379392,13.106272,0.015649749,19.526993,0.050063334,20.38129,0.20604195,732.6117,0.23813407,1512.3754,0.1437357,-31.153664,-0.280357,2032.769,0.06796177,666.24255,0.5503893,-34.225597,-0.103401534,2986.5464,0.06607081,1074.1307,0.29056633,-28.320873,-0.117639214,-23.986547,-0.080155335,27.240152,0.113859855,0.04402527,0.19886276,-0.0061964523,-0.58613145,0.0064041307,0.3475061,24.864023,0.089387864,30.06271,0.08139083,46.676537,0.096572675,0.42263877,9.402601,0.0,0.0,0.0,0.0,0.0,2.311248,0.155521,6.42,0.0,0.0,0.0,-36.225967,1
34.118195,0.022621265,33.73584,34.18564,34.659477,0.9236374,18.37432,30.69687,5.894197,4.931219,0.6693356,0.15034638,0.5930544,0.6776383,0.7554716,0.16241717,1.3940457,0.5662741,1.5433742,0.7578582,0.106507525,0.588933,32.069874,0.050028637,40.058796,0.08582418,13.876364,0.254589,-1.9788488,-1.773822,0.0035381778,2.7593942,0.1772482,0.5273378,12.911294,0.07111144,21.938955,0.2752715,38.279152,0.14206252,465.10968,0.2582292,1406.0764,0.10998726,-6.439319,-4.5018377,1584.0155,0.16091746,1447.9802,0.23168482,-43.52817,-0.50641316,2585.0544,0.09608347,1032.418,0.38078913,-37.151455,-0.6161206,-32.08817,-0.09238214,35.270947,0.1476183,0.06442754,0.15755282,-0.029167594,-0.2856429,0.10345114,0.5358587,32.09248,0.049563035,40.04462,0.08524832,13.882271,0.25533086,-2.171494,-1.5017385,-28.875294,30.132895,0.051229686,-0.03753211,0.3077868,4.8961425,0.2994012,3.2649999,2.975,0.12,0.0,-18.034992,1
27.984531,0.028830541,27.95248,28.043856,28.143665,0.191185,78.9631,0.0,-0.3097283,0.0,0.91555226,0.15894699,0.8418871,0.96055084,1.0126673,0.17078018,0.93106407,1.966187,0.43690476,0.36391875,0.2015374,0.30353203,28.664148,0.0622986,19.691448,0.1499035,52.893673,0.081207156,26.44479,0.16429782,0.002117709,6.2929373,0.093277514,2.4021382,10.089914,0.068020396,20.618193,0.09507173,21.68617,0.15337522,354.84503,0.020087032,905.4128,0.036137156,-15.251396,-0.375837,1560.2585,0.017461628,275.46475,0.3595253,-38.64694,-0.07006769,2455.6091,0.013087105,816.5898,0.13189493,-18.332,-0.22960411,-21.024832,-0.11293757,20.942102,0.15193856,0.024370644,0.4709215,-0.029203122,-0.12417214,0.20214388,0.29993227,28.687897,0.059888687,19.666214,0.14827292,52.960606,0.07788548,26.452477,0.16414195,0.0,0.0,0.0,0.0,0.0,0.36288235,0.05200208,19.22,0.0,0.0,0.0,-21.97393,1
38.913,0.093427636,38.247536,38.344997,38.469944,0.2224083,176.75076,157.5616,98.23916,133.60648,0.8974147,0.48342496,0.5578108,0.71079135,1.3065535,0.7487427,3.4146345,3.069787,2.490912,2.1338816,0.21860431,1.1747568,26.40351,0.2846394,-16.106852,-0.42759255,29.547329,0.43138102,-36.543156,-0.43455413,0.013392898,3.040942,0.7879919,0.6578644,9.055323,0.5278234,8.7462435,1.2232244,5.269242,2.1403048,754.0388,0.34163645,1097.1877,0.24622482,-10.087844,-2.0369895,1855.0111,0.17881897,753.11694,0.57264584,-15.553902,-1.1053286,2830.7144,0.11703743,708.16437,0.47100028,-12.701946,-1.3989657,-5.4729023,-1.1477683,10.179726,0.88339907,0.07676477,0.6016394,-0.016283453,-0.8860298,0.22072661,1.1669881,26.414404,0.28381127,-16.339132,-0.40217802,29.72758,0.42346758,-36.84851,-0.42467287,-9.179327,13.928574,0.05745872,-0.016085366,0.04788985,1.6308377,0.07446016,13.33,0.0,0.06,0.0,-27.337059,1
34.750797,0.006668817,34.584953,34.751144,34.925903,0.34095,4.3922324,1.9963095,3.685227,1.4500829,0.52613777,0.062834956,0.50336576,0.5309512,0.54981667,0.046450913,0.7720719,0.34791586,0.6487895,0.45767343,0.047968764,0.34176198,32.96082,0.0690418,31.182755,0.07210014,43.66888,0.10101262,-4.283952,-0.7198009,0.0033455591,0.63998437,0.10110951,0.49122843,13.489702,0.009758032,24.758327,0.057035025,28.592243,0.1008377,477.1787,0.3279216,1426.886,0.15401348,-15.431594,-0.7048458,1792.599,0.13567734,1269.0992,0.26643932,-46.038223,-0.111871794,2648.7778,0.0732816,864.92914,0.2558276,-35.07443,-0.067352094,-29.852259,-0.04614357,33.555664,0.051027704,0.0363396,0.2902649,-0.014991971,-0.2179107,0.047867894,0.34111965,32.958477,0.06941817,31.19334,0.07217682,43.75295,0.09952299,-4.3217106,-0.71172917,0.0,0.0,0.0,0.0,0.0,3.8251367,0.18416207,5.42,0.0,0.0,0.0,-19.96714,1
33.91747,0.011708593,33.64116,33.88711,34.21292,0.5717621,3.5258107,1.1509337,1.4830501,1.7394546,0.23564222,0.12728646,0.21656513,0.22924149,0.25328305,0.03671792,0.17950031,0.10203518,0.15214719,0.09938569,0.013215539,0.5651356,35.42608,0.051459946,40.62403,0.11365109,33.548496,0.13653776,-3.88134,-1.1919345,0.0016836742,0.56855714,0.085256964,0.5162577,13.048983,0.02637792,25.259918,0.09478249,39.699696,0.10628645,471.97263,0.21409409,1329.7139,0.09726506,-9.866724,-0.92139804,1733.005,0.1308416,1314.1499,0.30249366,-53.14886,-0.08702467,2715.6453,0.0697882,1079.4664,0.18328212,-41.15494,-0.088141665,-35.04936,-0.048397455,38.710754,0.074544474,0.051679906,0.25491747,-0.014697973,-0.4255282,0.01288846,0.5075321,35.463127,0.050252672,40.676655,0.11339846,33.45636,0.1346644,-3.922075,-1.1762103,0.0,0.0,0.0,0.0,0.0,1.2477719,0.18018019,5.54,0.0,0.0,0.0,-29.900738,1
31.119322,0.005317237,30.992695,31.149132,31.25009,0.2573948,4.0059304,1.6889827,2.6460428,1.4438591,0.58030456,0.06902378,0.55677426,0.5856599,0.6118446,0.05507034,1.0479099,0.5487756,0.7190563,0.45783985,0.067657694,0.19929527,25.443937,0.11562299,34.338993,0.12136834,54.663803,0.08763277,-13.631503,-0.5221407,0.0035923158,0.5534087,0.16292569,0.48611656,11.496285,0.014026373,12.269088,0.11380134,25.100582,0.13524985,540.8817,0.24512702,1380.8619,0.10555442,-17.802351,-0.54373085,1910.8877,0.084266126,875.08606,0.49401355,-38.599537,-0.15247834,2714.131,0.082469344,969.1565,0.284216,-27.429686,-0.117919706,-22.582859,-0.12815599,26.460585,0.10548887,0.032934833,0.4322641,-0.028554872,-0.24166988,0.06792631,0.19774099,25.464046,0.11586243,34.3889,0.12095642,54.64141,0.08799259,-13.658862,-0.523239,0.0,0.0,0.0,0.0,0.0,5.5652175,0.17574692,5.68,0.0,0.0,0.0,-21.316442,1
24.865498,0.005032785,24.759232,24.866344,24.966894,0.20766258,3.4256666,1.7423236,3.1505315,1.4823097,0.41390988,0.053021405,0.3968624,0.41267133,0.43086708,0.03400469,0.64055693,0.28516817,0.5724073,0.38135046,0.07116392,0.10553012,31.74104,0.046674713,19.132895,0.0848063,56.611954,0.048794687,25.193676,0.14144608,0.0035362209,0.50538754,0.21685748,0.5611833,8.333382,0.012904719,13.312875,0.06854471,30.68943,0.13500474,649.47504,0.17622009,1388.4294,0.107356325,-26.31071,-0.24630374,1815.7155,0.033039946,588.9905,0.3802573,-26.677057,-0.1359379,2903.046,0.068336666,1166.2767,0.3167946,-27.989277,-0.14400397,-20.265034,-0.087542266,21.1548,0.099190116,-0.0123330755,-0.39765498,-0.012904374,-0.16705698,0.07122212,0.09946243,31.71406,0.046171676,19.157059,0.0842859,56.62784,0.048916727,25.153217,0.14160335,0.0,0.0,0.0,0.0,0.0,6.884058,0.18315019,5.45,0.0,0.0,0.0,-23.849573,1
37.411533,0.0051245564,37.253975,37.355297,37.580803,0.326828,2.686173,1.1195846,1.426993,0.7129153,0.43949968,0.13021421,0.40121034,0.4269567,0.45536914,0.054158807,0.6346692,0.277342,0.2713094,0.13215454,0.017432086,0.3408766,19.906906,0.07268913,15.97519,0.07148614,50.078636,0.05049179,-36.18489,-0.05554402,0.0012948619,0.37594873,0.12598886,0.43397486,14.634832,0.018375894,19.686892,0.05041006,12.587501,0.18089679,802.4635,0.165854,1561.1866,0.092536725,-34.09088,-0.0915158,1997.2604,0.10529013,544.1281,0.650147,-35.124573,-0.07707112,2988.0093,0.06757722,828.17523,0.23622034,-23.772425,-0.09556724,-16.85125,-0.06491746,22.452072,0.046112083,0.06201807,0.11407105,-0.014894693,-0.15687877,0.017492833,0.33949846,19.895721,0.07288946,15.966452,0.071689114,50.076847,0.050744087,-36.206448,-0.0554791,0.0,0.0,0.0,0.0,0.0,2.0477817,0.1724138,5.79,0.0,0.0,0.0,-27.692913,1
23.104755,0.0086260075,23.003042,23.102892,23.23461,0.23156738,4.2975693,4.2106113,3.064179,2.392366,0.47055864,0.47879508,0.42207444,0.5362524,0.60413265,0.18205822,1.849,2.6271293,0.3251392,0.1748593,0.06353153,0.82407326,17.81137,0.432061,26.419502,0.4486595,38.30238,0.44173524,17.88585,0.4802691,0.0034688604,0.8984922,0.30671495,1.4852344,7.3528833,0.0918938,11.957822,0.18653738,26.283226,0.14665863,347.4393,0.029678794,967.2206,0.055037074,-36.325817,-1.9009392,1599.7434,0.040301457,319.32178,0.4281375,-60.7634,-0.9691911,2413.208,0.045962073,1119.1609,0.34322408,-48.377754,-1.3250836,-22.193422,-0.10663886,25.440315,0.1300623,0.001058533,10.5860405,-0.028414752,-0.15282623,0.07330945,0.59949356,21.007746,0.079321675,31.187273,0.1371738,45.296463,0.111379094,21.155382,0.20457394,-25.172949,31.286606,0.12951945,0.020908091,0.37908316,0.61728394,0.155521,5.45,0.0,0.94,0.0,-29.160107,1
33.4331,0.0053452863,33.297577,33.432777,33.567444,0.26986694,1.2495708,0.8311353,-0.081261106,0.8453722,0.55501723,0.1696508,0.5278327,0.55783415,0.58407325,0.05624056,2.880797,4.4260836,0.6525502,0.54706085,0.036360595,0.82002956,15.656845,0.14722626,31.692045,0.13201968,43.181934,0.13132381,-20.316225,-0.2826651,0.0018818885,1.0135307,0.13542442,1.1231445,12.651341,0.028896067,11.565251,0.18784289,14.213765,0.33974445,426.27197,0.1632321,1061.6222,0.13360032,-9.441781,-2.4694185,1922.0425,0.061363533,369.91058,2.1640968,-38.644215,-0.50985825,2882.7708,0.075380005,1542.9192,0.65670913,-21.968021,-0.9965752,-15.324072,-0.1672196,17.857908,0.2032913,0.08282009,0.15235023,-0.036007818,-0.10149906,0.036633294,0.78848046,15.8433,0.10804182,31.973478,0.10754994,43.663544,0.091184415,-20.76851,-0.21367739,-13.326752,22.609636,-0.020977126,-0.00079267944,0.020756667,0.08520307,0.02844141,34.649998,0.0,0.48999998,0.0,-33.38659,1
25.335945,0.009790893,25.104303,25.352345,25.551876,0.4475727,5.6240897,2.5058877,5.5324984,2.4619122,0.34669098,0.13759135,0.30020505,0.34836668,0.3923411,0.092136055,0.6808485,0.28620368,0.50135523,0.31362927,0.05598936,0.2068076,28.012432,0.042622436,24.68655,0.078395344,58.33454,0.06232456,4.1473184,1.0516473,0.004685101,0.48603955,0.20586112,0.4151063,8.5497265,0.016296875,10.148405,0.14896916,31.185818,0.085468516,634.9274,0.17356743,1424.2076,0.10217793,-22.371033,-0.28786924,1863.5112,0.026094934,593.3179,0.5183691,-29.377813,-0.107406385,2938.857,0.034386735,944.503,0.5189559,-29.161558,-0.08466747,-22.531683,-0.054761607,24.773863,0.084732406,-0.0003899737,-11.873943,-0.017232534,-0.29292712,0.056086455,0.20672593,27.990881,0.04213527,24.688349,0.07877754,58.376514,0.062175315,4.1136036,1.0615518,0.0,0.0,0.0,0.0,0.0,4.778157,0.1724138,5.79,0.0,0.0,0.0,-27.378801,1
26.997824,0.019955253,26.505844,26.872778,27.492645,0.98680115,5.982712,2.7654693,5.6567664,2.9375043,0.6482481,0.15410943,0.5698169,0.6175514,0.7542192,0.18440229,0.87174547,0.4268097,0.83266926,0.52325124,0.14459464,0.2252313,26.47873,0.052554633,31.137686,0.15344733,37.101738,0.12782796,29.470074,0.14766084,0.004017193,0.56839645,0.16728805,0.43338454,9.405325,0.027262324,7.9794955,0.25867045,30.739367,0.18942067,493.1924,0.27494752,1416.1631,0.15873984,-12.108755,-0.5690047,1756.8728,0.048325047,829.9404,0.4132544,-28.822596,-0.1363979,2745.2007,0.08756554,1371.6431,0.3174743,-29.073605,-0.20164266,-23.188803,-0.12464949,24.126371,0.16227198,0.017626947,0.27925655,-0.01924908,-0.165361,0.14450176,0.22344518,26.464323,0.05245663,31.105045,0.15398759,37.11193,0.12836924,29.464535,0.1482806,0.0,0.0,0.0,0.0,0.0,2.5041738,0.16863407,5.92,0.0,0.0,0.0,-19.65299,1
30.05389,0.010687061,29.794483,29.996773,30.291794,0.49731064,3.6310031,1.690546,2.367857,1.1288354,0.34560788,0.06974285,0.32410157,0.34338343,0.36851344,0.044411868,0.7588237,0.43517023,0.59796834,0.33666363,0.042300437,0.2504775,32.171104,0.040909868,37.16754,0.06335475,43.39427,0.08149402,16.406986,0.19421719,0.0034752896,0.5001528,0.16486645,0.50889844,11.08783,0.014239085,21.04491,0.09584085,38.91086,0.07281902,543.6626,0.36118716,1411.5304,0.09210825,-23.41284,-0.40633744,1794.9651,0.10403965,1163.1053,0.26315147,-47.744232,-0.082208425,2830.3733,0.08183893,979.33606,0.19362739,-43.594017,-0.06611611,-34.012432,-0.04471203,39.778843,0.06384622,0.006054779,1.2848606,-0.012280274,-0.328965,0.042444162,0.24830948,32.183437,0.040872395,37.159996,0.06362964,43.406513,0.08177446,16.384981,0.19455633,0.0,0.0,0.0,0.0,0.0,8.199644,0.18018019,5.54,0.0,0.0,0.0,-23.181559,1
31.846527,0.019306198,31.39427,31.753016,32.30509,0.9108219,9.371181,3.5592554,7.213343,4.532135,0.28952917,0.3001663,0.25704402,0.31398502,0.34870613,0.09166211,0.53208196,0.20833005,0.4291753,0.306402,0.049185745,0.3939795,27.519575,0.18705313,34.98239,0.19757493,36.672268,0.16969901,22.688133,0.17784669,0.0058244616,0.41535702,0.26831105,0.45496908,11.804149,0.03446738,28.338638,0.110148415,35.973717,0.08223141,539.4294,0.3279162,1544.3816,0.16852035,-34.65968,-1.353773,1786.7947,0.08386134,1143.2522,0.19316512,-54.704742,-0.7056915,2840.738,0.07239748,1135.2665,0.17737101,-54.01551,-0.71609956,-31.309486,-0.039945137,37.376537,0.049731474,-0.012730934,-1.2155775,-0.008483754,-0.4088463,0.052566487,0.29581103,28.740217,0.09111525,36.727898,0.080444515,38.063877,0.06948083,23.265438,0.14461707,-16.2254,24.398851,-0.02511732,0.017578995,0.00918536,1.7175573,0.19267823,4.8399997,0.0,0.32999998,0.0,-25.531021,1
27.405947,0.008843077,27.148651,27.460241,27.61131,0.46265793,2.5721784,1.0945687,1.9405501,1.1370589,0.5193329,0.20003505,0.409047,0.513895,0.63292336,0.22387636,0.8705943,0.48607242,0.6933594,0.50246066,0.075160354,0.15210398,28.981228,0.06890951,12.978753,0.38620454,46.653843,0.10718931,15.023594,0.2998406,0.0040235166,0.6456977,0.2790116,0.53115773,9.530467,0.01596339,9.694363,0.124755785,22.688028,0.25432283,450.08893,0.2726453,1280.121,0.16420718,-7.1339726,-0.7666047,1684.5281,0.054510154,671.41077,0.42750993,-26.324203,-0.10888899,2579.3691,0.06790732,1211.2295,0.282464,-18.198875,-0.31024256,-17.764105,-0.1961336,20.368322,0.23678876,0.027515756,0.16855781,-0.019998286,-0.16105156,0.075541355,0.14720485,28.961504,0.06902641,12.935094,0.38828024,46.618275,0.10737694,14.953941,0.2992326,0.0,0.0,0.0,0.0,0.0,3.2786887,0.18416207,5.42,0.0,0.0,0.0,-25.440996,1
30.791021,0.008741426,30.563057,30.716179,31.002106,0.43904877,3.6620054,2.2401106,2.933372,1.744719,0.7653712,0.098853,0.69653046,0.78738403,0.8321388,0.13560832,1.9689456,0.9003874,1.8405428,1.1388029,0.07625783,0.29357228,13.37146,0.3463941,8.334764,0.2460325,66.16048,0.05911062,-18.5819,-0.1595478,0.0026919476,0.467667,0.32808274,0.4761793,9.448813,0.10273357,8.385337,0.1254975,10.244378,0.2569833,425.88452,0.2563506,1272.703,0.17544965,-6.073187,-0.83270967,1667.5598,0.047378924,428.78427,0.47109827,-28.95942,-0.093915686,2672.2654,0.04177807,1035.4668,0.2305532,-12.129726,-0.2317564,-4.9876475,-0.52075213,8.2006445,0.37458608,0.034608282,0.27724776,-0.006610183,-1.112442,0.07654635,0.2909851,13.414496,0.34567967,8.318519,0.24705642,66.177635,0.059260014,-18.606106,-0.15965572,0.0,0.0,0.0,0.0,0.0,7.8397217,0.17605634,5.67,0.0,0.0,0.0,-27.406895,1
36.018177,0.01653961,35.91207,36.072083,36.21303,0.30096054,40.167656,0.0,-0.24440143,0.0,0.57898414,0.3776033,0.50758266,0.62711906,0.72318804,0.21560538,1.1301365,0.9302536,0.13133559,0.18575591,0.05379845,0.8167566,17.970049,0.3262464,27.75648,0.31581968,19.20708,0.38112307,-39.162655,-0.37288904,0.0027155355,1.5252266,0.14028245,1.6340028,13.9080105,0.06956223,19.013357,0.061152723,25.19963,0.12227858,677.0527,0.10489936,1086.8135,0.13710155,-34.77087,-1.5633165,2263.2532,0.10526776,426.514,1.4601215,-50.183174,-0.9802399,3130.5593,0.07394586,825.34875,0.26883915,-41.453262,-1.2543185,-21.456438,-0.097353086,24.27246,0.10456323,0.1214644,0.14474772,-0.037481997,-0.10271943,0.058671217,0.68610835,19.654764,0.10499055,30.37989,0.09841908,20.89968,0.2300094,-43.67266,-0.13125095,-20.833866,29.225988,0.10405152,0.016264163,0.0475635,0.6462036,0.081103005,11.13,0.0,0.585,0.53499997,-30.610722,1
26.341816,0.012359213,26.129076,26.303205,26.544704,0.41562843,6.362005,9.944877,3.361906,3.1052382,0.092735305,0.44569978,0.07296166,0.10210223,0.115533985,0.042572327,0.2562689,0.13984074,0.18627252,0.16643593,0.010718937,0.58967286,23.392063,0.40163466,31.182693,0.36579254,21.890224,0.4299108,31.549305,0.39989582,0.0058670104,0.85863274,0.24414204,0.7967922,9.019508,0.08075519,7.1745534,0.685517,36.062996,0.12842995,390.05038,0.04527276,1161.6377,0.047694813,-50.489624,-1.421872,1638.7015,0.03258835,642.8554,0.3637343,-65.22936,-0.9939021,2767.3044,0.09392862,1548.8027,0.40155795,-73.791595,-0.82407355,-27.627401,-0.07801579,37.28156,0.058296777,0.008542581,1.5308741,-0.019687021,-0.2845907,0.012455765,0.42735404,27.442965,0.05456722,35.828575,0.071941376,25.823528,0.1647259,35.407608,0.19046949,-13.968357,23.050756,0.06098493,0.008200039,0.006076806,0.50377834,0.25295112,3.2033334,4.325292,0.72999996,0.7793587,-47.146637,1
25.901903,0.0074913916,25.742023,25.928171,26.060276,0.31825256,3.7008195,1.671474,2.882727,1.6725286,0.45384872,0.10188133,0.4169051,0.45991147,0.49278662,0.07588151,0.7678384,0.28547543,0.53069997,0.24480133,0.09714798,0.17334776,18.710405,0.080019996,43.503864,0.05614672,32.184437,0.06722487,18.837826,0.1876619,0.0029994335,0.52089006,0.14996836,0.42190766,8.863809,0.012277173,6.7264066,0.17317869,35.34514,0.0744346,546.28406,0.27270818,1532.0822,0.12552394,-19.070189,-0.4138419,1748.3978,0.06472821,1046.3477,0.41871905,-32.953197,-0.12327131,2902.0579,0.08351758,1161.9036,0.43038493,-38.38731,-0.07652072,-25.069899,-0.055295914,29.543646,0.07085022,-0.0051841927,-1.0292037,-0.013203416,-0.14607407,0.09741834,0.17305925,18.692795,0.0799573,43.575214,0.05406226,32.178577,0.06751374,18.76912,0.18600276,0.0,0.0,0.0,0.0,0.0,4.007286,0.18416207,5.42,0.0,0.0,0.0,-23.818542,1
26.322958,0.019736454,25.806925,26.317999,26.912872,1.1059475,2.373953,0.7568097,1.9795326,2.087463,0.56599385,0.5269141,0.35378963,0.60576946,0.8551689,0.50137925,2.0827937,1.6717335,0.13635013,0.0,0.13650379,0.52166617,24.95173,0.4282761,25.455505,0.45099986,34.938835,0.4429745,15.628374,0.58317846,0.0026332967,0.9339408,0.17188661,1.1909617,9.107096,0.07492616,11.532491,0.19989626,33.412453,0.12586932,419.2591,0.09762924,1144.2305,0.06168978,-36.988102,-1.8443047,1754.8019,0.057306588,707.46765,0.48266384,-56.841377,-1.0553282,2571.5186,0.08344182,1246.1364,0.38371134,-54.337593,-1.1237574,-26.335365,-0.089533456,31.019192,0.099454395,0.03499823,0.29527876,-0.034467883,-0.13990426,0.16036686,0.28084508,29.456522,0.056911115,30.067146,0.14047804,41.27958,0.11538414,18.454386,0.36932367,-25.401455,33.655895,0.13149199,0.021781955,0.3796538,0.15455951,0.15576324,5.46,0.0,0.94,0.0,-25.311817,1
30.64798,0.007947701,30.456348,30.6241,30.81007,0.35372162,1.7932357,1.0997328,3.6468592,3.8285055,0.5395533,0.53826356,0.42534676,0.56568116,0.7623571,0.33701035,4.0425525,3.0075846,0.17920816,0.0,0.10326142,1.258029,23.85372,0.42722607,35.18264,0.43309417,37.94167,0.4345293,11.295805,0.5414164,0.0031743867,1.3337052,0.21162382,2.273744,11.296178,0.08064569,24.44895,0.110494174,33.62737,0.11182992,522.1034,0.13011438,1192.8597,0.11084196,-59.013878,-1.0017645,1766.3494,0.14692235,1259.5045,0.56546336,-68.177216,-0.8073611,2826.4214,0.13010113,415.78314,0.9474167,-62.937668,-0.906789,-31.760382,-0.06325812,36.235,0.09453161,0.021838197,0.6455939,-0.019366829,-0.17707387,0.12083421,1.091889,28.153948,0.052457295,41.533916,0.08171418,44.790134,0.08757148,13.335878,0.3095504,0.0,0.0,0.13269739,0.022185652,0.5441376,0.15432099,0.155521,5.48,0.0,0.93,0.0,-22.188974,1
31.610008,0.007984991,31.37044,31.606165,31.834824,0.46438408,4.2374415,1.7532711,3.6819904,1.8178759,0.64627415,0.48808673,0.63228816,0.70719117,0.8315011,0.19921297,4.6721735,3.4776106,0.24901496,0.0,0.16930267,1.1241249,24.972244,0.43142182,33.06109,0.44240037,32.287838,0.44337717,18.522614,0.46006128,0.0038094244,0.7088176,0.16435774,2.6393547,11.853008,0.073409,21.837858,0.11219297,32.347862,0.14963447,444.50223,0.18475379,1231.903,0.10502116,-50.851776,-1.2568524,1738.2236,0.058321618,799.35455,0.3362457,-67.967094,-0.8274388,2827.8196,0.038005274,640.17285,0.37608707,-69.94485,-0.79141665,-35.629326,-0.08042125,43.90035,0.081961825,-0.027718015,-0.48914886,-0.022301141,-0.16023391,0.19783008,0.9361841,29.560484,0.06943632,39.135853,0.113767594,38.181602,0.11834973,21.864286,0.16540545,-29.424551,36.603382,0.12340981,0.020674963,0.36027777,0.1540832,0.1552795,5.45,0.0,0.48,0.45,-19.014952,1
30.192163,0.003176088,30.118855,30.19458,30.268417,0.14956284,1.803044,0.983943,1.2122425,0.6649799,0.3779701,0.119183905,0.34094998,0.3673574,0.41346335,0.07251337,0.6286505,0.4609088,0.70144033,0.33698425,0.029943017,0.2999698,26.662865,0.08842547,21.002045,0.191431,69.21611,0.09233533,0.66377914,5.809557,0.002335527,0.45157298,0.15314546,0.41966692,11.1083975,0.010722419,26.879917,0.093966685,23.642723,0.2377598,586.6536,0.24920788,1390.6506,0.13972215,-26.15848,-0.31384206,1904.7269,0.06405167,948.3451,0.8820922,-36.525944,-0.11599042,2685.2334,0.09063757,1331.7802,0.44451278,-25.043787,-0.17402916,-19.864553,-0.17413794,23.495968,0.1492677,0.0073317424,1.1024164,-0.0061441404,-0.5529805,0.030163132,0.30142868,26.691708,0.08813964,21.076103,0.18871103,69.12385,0.09204138,0.6299933,6.1318707,0.0,0.0,0.0,0.0,0.0,4.099822,0.18018019,5.54,0.0,0.0,0.0,-26.485111,1
28.731213,0.006687192,28.563553,28.7502,28.888725,0.32517242,3.4183853,1.6630901,2.8959708,1.4325974,0.6335541,0.19717216,0.5108452,0.62120914,0.7222596,0.2114144,0.79335904,0.40197262,0.250936,0.14919446,0.098047875,0.2845021,34.5461,0.062882096,9.067003,0.28401512,54.41318,0.04799323,21.525124,0.1383228,0.0026733808,0.51135993,0.16536139,0.46495098,10.320601,0.013773305,9.2421255,0.09362732,21.090443,0.16250047,429.4578,0.30066368,1229.9337,0.12526055,-7.479289,-0.84014785,1632.5139,0.046678327,630.3861,0.4181849,-28.586954,-0.097629614,2532.5151,0.06802207,1192.3027,0.23733588,-20.999681,-0.17133093,-17.368294,-0.13500482,19.280895,0.11469201,0.028212586,0.21676713,-0.018342385,-0.28208837,0.09854487,0.28340128,34.56076,0.06295168,9.031088,0.2832696,54.421635,0.047865067,21.482779,0.13757393,0.0,0.0,0.0,0.0,0.0,0.9057971,0.18315019,5.45,0.0,0.0,0.0,-21.6828,1
36.300922,0.004575324,36.188606,36.2753,36.37961,0.19100189,1.969201,1.6245995,2.9142456,5.7930713,0.78821653,0.4820992,0.8105393,0.85591716,0.9493987,0.13885939,4.0098815,3.258401,0.15623072,0.0,0.07072716,1.1609657,17.679405,0.43944055,13.044505,0.5643256,26.363394,0.4354921,-8.055579,-1.04592,0.0016650838,2.1442685,0.13955036,1.478026,14.183653,0.07319674,19.195251,0.04698145,12.244727,0.3274488,381.74698,0.06647297,1081.7471,0.13014188,-49.5483,-1.6016845,1490.7701,0.09174161,1093.1368,0.51876575,-63.37874,-0.8975615,2199.4395,0.057492435,606.2429,0.43363145,-46.831444,-1.3604189,-18.300896,-0.16172437,20.2292,0.16453674,0.09874069,0.11782176,-0.030982956,-0.097968735,0.08200919,0.972137,20.861488,0.113044225,15.3840065,0.3468659,31.126486,0.095068336,-9.539203,-0.8743268,-9.47121,20.087448,0.13136138,0.021994356,0.65135723,0.15337424,0.15455951,5.5099998,0.0,0.93,0.0,-25.377926,1
31.870735,0.008599706,31.677633,31.773941,32.094536,0.41690254,2.5089214,1.3124124,2.0025957,1.0991427,0.6062372,0.19899422,0.4403147,0.63543177,0.7118852,0.2715705,1.0052803,0.44533655,0.35354885,0.22615768,0.059914764,0.24688776,28.181686,0.07431889,26.02349,0.11881702,47.337093,0.111547776,22.755518,0.17757644,0.0029231803,0.45115072,0.1327124,0.4026501,12.019436,0.01241897,21.377882,0.1391991,26.793224,0.13040645,534.7905,0.30368418,1420.0509,0.15350227,-16.655748,-0.6947031,1774.4064,0.062336095,962.42194,0.41886318,-33.30782,-0.11144796,2659.7249,0.11529382,1263.5735,0.4146062,-31.44172,-0.16368634,-25.08027,-0.110690005,28.404406,0.14568932,0.020072829,0.30048487,-0.012901146,-0.27644747,0.06014026,0.24481864,28.157494,0.07427963,25.955486,0.117131144,47.46194,0.10897242,22.727776,0.17836584,0.0,0.0,0.0,0.0,0.0,2.3679419,0.18416207,5.42,0.0,0.0,0.0,-19.382559,1
34.000107,0.007207356,33.86241,34.006836,34.162617,0.30020523,4.744959,3.5685356,2.2710538,3.1154711,0.31647938,0.26984334,0.28349662,0.312774,0.3681311,0.08463448,0.55039966,0.42477044,0.46442536,0.3763165,0.014420122,0.7789652,42.19456,0.16113783,15.30482,0.1604109,-3.2791595,-1.0726647,-32.461166,-0.29696465,0.0030991633,0.43693224,0.13590927,0.63531226,12.947309,0.021680031,3.2446277,0.46495068,29.37373,0.11465079,621.8055,0.38786975,1553.4104,0.1996641,-14.143465,-2.8983805,1630.0527,0.26558897,1448.3522,0.47741547,-27.915789,-1.2869867,2934.018,0.10537588,744.9038,0.52670825,-36.330032,-0.9145649,-16.75008,-0.08313774,28.481731,0.10483168,0.06629485,0.14008997,-0.037024766,-0.12004481,0.014958576,0.75352657,43.50442,0.05552935,15.451619,0.13940975,-3.5054686,-0.9667487,-34.07585,-0.17459416,-14.211335,26.595333,0.003146782,0.020534225,0.0028614174,1.1389521,0.076219514,12.599999,0.0,0.5,0.0,-33.190037,1
34.004723,0.066284984,33.840813,34.295334,34.79082,0.9500084,123.62571,72.3777,30.516516,36.399246,0.80907094,0.42747805,0.60870165,0.83174086,1.1031606,0.49445897,2.5029263,1.2659198,3.3125057,1.8723353,0.23917803,0.6934431,44.310387,0.2545847,14.766576,0.22855736,-16.740892,-0.6294995,-18.13462,-0.6571548,0.019221134,2.6757722,0.3420699,0.85237896,10.735848,0.23881446,-4.5231867,-0.7384,38.726894,0.11927377,497.5251,0.17561077,1396.5621,0.08794258,-24.98333,-2.5161006,1378.0925,0.07437302,1175.4486,0.1778859,-39.121887,-1.4763032,2695.2432,0.03281201,889.01715,0.2063541,-59.208626,-0.85542643,-19.17404,-0.114416085,40.13013,0.104228556,0.058044974,0.19650295,-0.034089576,-0.26455212,0.2602665,0.60034895,47.628605,0.07088465,14.47977,0.21437268,-19.834562,-0.27798176,-21.897078,-0.19738796,-20.529417,33.588097,-0.016114812,0.010630756,0.103157885,3.0816643,0.621118,1.4125,1.6985637,0.23333333,0.27353647,-18.69836,1
27.485022,0.016227692,27.424519,27.515558,27.602783,0.17826462,416.67517,0.0,-0.16046414,0.0,1.647444,0.17843582,1.4816759,1.6455307,1.8341397,0.35246384,1.5558894,1.4617087,1.0029956,1.0646211,0.4579297,0.294741,49.415245,0.06104055,5.450954,0.5474485,3.2316208,0.89389753,-29.416897,-0.14105177,0.0040145246,2.9690738,0.246663,1.4041547,9.579953,0.08980451,2.521907,0.55438036,23.108784,0.12089793,377.72092,0.051900852,1301.9686,0.048623182,-6.4776454,-0.54973334,1119.2141,0.03603191,972.448,0.057484776,-4.659495,-0.89108956,2304.164,0.022412542,569.0637,0.12020757,-27.057762,-0.14901508,-23.322832,-0.093079515,28.36301,0.08073283,0.05251649,0.20684706,-0.063178636,-0.08805147,0.45923266,0.29063815,49.445866,0.05992402,5.4124255,0.53766865,3.2416222,0.88622254,-29.517797,-0.12647095,0.0,0.0,0.0,0.0,0.0,0.64899945,0.05425936,18.42,0.0,0.0,0.0,-19.304409,1
38.9042,0.12815323,36.894096,36.998245,40.66205,3.767952,87.60083,70.546936,69.60293,45.54145,1.9314295,0.5025517,1.0654261,1.764172,2.8132482,1.747822,14.495131,8.742224,12.208923,7.5268717,1.3014948,0.8425537,30.128195,0.21179181,-28.31511,-0.27379185,-30.232346,-0.58423764,-35.38234,-0.38282663,0.020811241,1.6579208,0.8572626,0.6866713,10.712888,0.34207204,-7.894006,-2.8591383,8.064956,2.1974728,748.98145,0.35061198,1292.1938,0.25290853,12.300728,2.6001987,1603.1322,0.19207817,1135.8845,0.3296481,5.661647,4.5829816,2900.5652,0.104716286,707.65454,0.75305194,-12.1884775,-1.7631468,2.0142794,4.003679,32.761383,0.29511896,0.05991849,0.5330812,0.010170278,1.1373758,1.3200476,0.82873833,30.203083,0.2112855,-28.774387,-0.23882338,-30.635326,-0.56965804,-35.785713,-0.3693414,-9.753721,25.118822,0.06226623,0.0016975547,0.15987395,3.6791759,0.0739645,13.38,0.0,0.099999994,0.0,-14.002769,1
34.172657,0.009829155,33.91375,34.17594,34.470745,0.5569954,6.197511,6.5081944,2.9403577,2.1269295,0.74231184,0.31889424,0.6827433,0.79580426,0.87231815,0.18957484,2.5755465,3.4857402,1.3749958,1.1355894,0.07655189,1.1578357,51.967136,0.22581804,22.185995,0.18594699,-6.4397974,-0.7186408,-34.17386,-0.39912468,0.0022191973,1.0788853,0.14628276,0.9879542,13.053892,0.031213727,-1.3649534,-0.85258764,37.955456,0.12584485,694.26587,0.27722514,1517.7168,0.18657345,-22.36111,-2.2233772,1792.3982,0.22107753,1464.0424,0.30827898,-51.120716,-0.8290836,3001.3557,0.07878443,1131.6058,0.39429057,-52.973076,-0.7525445,-21.793625,-0.15182076,40.48622,0.091297224,0.036865424,0.35957256,-0.059334233,-0.108613625,0.08203874,1.1075501,55.01717,0.07724876,22.593523,0.16859509,-6.5182066,-0.6340048,-37.376007,-0.19984303,-14.904157,23.832106,-0.0057351463,0.012466388,0.006274276,1.3129103,0.110011,8.47,0.0,0.59999996,0.0,-19.394472,1
34.4865,0.038895696,34.165413,34.583763,34.93752,0.7721062,52.588764,76.04116,57.28609,52.44925,0.4311529,0.26150858,0.3401591,0.42905557,0.5281421,0.187983,0.8785861,0.87372375,0.59697646,0.5075646,0.031634215,0.7353127,49.66653,0.0952882,19.440613,0.27559385,-18.724169,-0.25379455,-35.45037,-0.2680518,0.01020258,2.2112868,0.38453045,1.0396438,12.247025,0.13969457,-2.2815995,-0.88019365,37.91617,0.10395428,680.2815,0.33619717,1441.6061,0.15638943,-10.800808,-2.507199,1727.1072,0.24612255,1339.2534,0.3059932,-32.773167,-0.8486312,3008.5703,0.09192577,1115.3207,0.32568675,-46.536263,-0.45090714,-15.071016,-0.3874647,39.950302,0.09610744,0.053938635,0.2265394,-0.047426578,-0.12972713,0.0311637,0.6845703,50.15434,0.054922827,19.545198,0.26346853,-18.922213,-0.22776885,-36.05398,-0.23196502,-15.816234,32.10997,0.009559625,-0.008247376,0.059217237,1.1267606,0.32941177,2.9657145,5.3956223,0.066,0.07787168,-28.64957,1
26.834564,0.2082676,18.471409,30.537735,30.766222,12.294813,152.56087,83.495674,74.85723,68.49018,0.472245,0.47824797,0.25546774,0.5126555,0.65334624,0.3978785,1.0848362,0.80660003,0.43708384,0.4737482,0.10261655,0.5390352,43.84811,0.27454448,26.241116,0.23608933,-7.9409447,-0.70518196,-24.031239,-0.47604305,0.028356928,2.1976447,0.43230852,0.7693341,7.6096835,0.49046233,-1.4014766,-6.6777816,38.554756,0.16435799,569.5047,0.24206932,1473.343,0.09948534,-37.4953,-1.9569659,1606.2838,0.19431649,1182.3513,0.19739006,-52.20265,-1.2711042,2891.2876,0.094894156,1056.7806,0.1973836,-66.954926,-0.88977975,-21.881788,-0.14058268,41.179245,0.056642305,0.04657027,0.345661,-0.06214788,-0.06560616,0.11743401,0.3956739,48.057804,0.04167727,27.886927,0.09868394,-9.439384,-0.39974433,-27.790842,-0.1647322,-18.426039,29.70489,0.006012829,-0.0075669647,0.031224715,0.57034224,0.19102198,4.365,4.315,0.84999996,0.71,-24.716888,1
40.29571,0.12012831,37.35489,41.62067,44.432632,7.0777435,95.99503,82.53421,75.63955,74.29695,0.4261241,1.1415651,0.020375835,0.07792295,0.9433558,0.92297995,4.330022,3.213823,4.898058,3.3349032,0.22411829,1.4071935,23.95652,0.44585574,7.6436367,1.1538819,-2.7960162,-6.9257593,-19.422882,-1.8340181,0.04534814,1.8319932,0.5445275,1.3900858,10.147609,0.4489839,6.222978,0.86124057,34.896458,0.15466256,778.2139,0.2212622,1368.1796,0.27209237,-130.85143,-0.7167252,1783.1731,0.1550422,1347.644,0.23340629,-132.2103,-0.62625176,2974.002,0.07463908,865.2252,0.50128,-133.0412,-0.61330044,-15.184869,-0.3271191,31.920206,0.14709708,0.06779685,0.2556089,-0.04573653,-0.3263323,0.51152307,0.6148915,33.539314,0.17311954,8.417106,0.8938707,-23.448753,-0.29371727,-60.661674,-0.13703202,-16.320219,27.322372,-0.027421715,0.014536199,0.029532485,2.269289,0.30534354,1.3249999,1.025,1.2833333,0.98733085,-22.582605,1
24.250137,0.0099260425,24.075575,24.24738,24.406086,0.3305111,3.6637013,1.8039953,3.3559604,2.297123,0.44649178,0.16650817,0.42284915,0.4561072,0.4907866,0.06793746,0.65636224,0.47787464,0.4124912,0.40225875,0.084670685,0.36103082,47.079845,0.053604838,22.67768,0.13279131,19.456926,0.36068928,-21.234503,-0.23285022,0.0041592945,0.64804596,0.34516966,0.5437466,7.797823,0.04113613,8.025173,0.28412417,33.985416,0.095528595,603.9428,0.20406999,1366.9736,0.119846806,-12.437508,-0.91226894,1825.4626,0.16035278,1120.8711,0.3038134,-34.666077,-0.30366245,2891.3604,0.09184177,1135.6937,0.2680342,-38.647354,-0.24822785,-27.59803,-0.045024324,33.272358,0.07840887,0.018353537,0.38329443,-0.05967416,-0.10554325,0.08521939,0.35293543,47.20809,0.039321046,22.66198,0.13068637,19.52375,0.35699803,-21.3654,-0.21921009,-29.838438,42.738243,-0.011128588,-0.013029027,0.01517415,1.1842105,0.0660066,15.089999,0.0,0.04,0.0,-25.311241,1
36.106106,0.04991414,36.026745,36.396942,36.62279,0.59604645,177.05403,0.0,-2.1991339,2.48162,0.7809698,0.19427559,0.7507177,0.8065076,0.8484624,0.0977447,0.5804193,0.36260515,0.5123904,0.37713653,0.04396799,0.6318124,41.55968,0.10902986,-0.063331306,-58.0536,-9.567331,-0.39095145,-45.224903,-0.18424582,0.0035858185,3.820901,0.10074824,1.0607086,13.704804,0.094400555,3.7974122,0.38250625,28.642838,0.10442422,458.9744,0.295519,1453.9727,0.09769285,-7.6804757,-4.854123,1378.555,0.15951541,985.0772,0.0788751,-11.442571,-2.429305,2717.2202,0.07169307,656.9716,0.2908272,-30.78171,-0.79750806,-8.710537,-0.36604032,27.555231,0.11084124,0.0884669,0.13771947,-0.03267872,-0.109379895,0.044588417,0.59566325,42.089806,0.0648763,-0.22602686,-15.50491,-9.849784,-0.3194359,-46.32242,-0.089365914,-13.366132,26.13556,-0.008706158,0.009442362,0.021898163,0.66445184,0.13333334,7.335,6.955,0.145,0.125,-23.495325,1
22.423918,0.011310321,22.23667,22.441307,22.62085,0.38418007,5.7489944,4.4376926,4.7561893,11.830224,0.5112279,0.30979368,0.44453275,0.50707966,0.5998054,0.15527266,1.196635,1.8597958,0.6979799,0.9674311,0.04992895,0.61569756,46.414814,0.21505721,16.2844,0.24894036,-10.280819,-0.44970685,-19.19205,-0.3438816,0.0041383035,0.8575441,0.2815999,0.7559371,6.892153,0.07619855,7.0906143,0.21721333,33.417763,0.10840346,448.05646,0.38239354,1634.5756,0.16147956,-11.803758,-3.4859824,1259.5756,0.20500775,1241.9166,0.25607204,-25.212109,-1.5374591,2484.5056,0.12253974,1180.2826,0.3816922,-41.454662,-0.83426255,-27.548006,-0.092462614,36.405983,0.09736785,0.05100823,0.23321815,-0.06697395,-0.07261623,0.052240822,0.5656439,48.432743,0.07454924,16.884586,0.16133615,-10.777717,-0.37807837,-20.027618,-0.26614174,-13.576679,22.186073,0.08862463,0.00824583,0.006813727,0.28490028,0.03170577,30.119999,0.0,0.695,0.635,-33.646523,1
31.118002,0.0074153566,30.965168,31.10613,31.24628,0.28111267,2.280222,2.2121654,-0.58076346,0.4911461,1.5114299,0.1591671,1.3604901,1.5292126,1.6338737,0.27338362,5.2767305,3.7852292,0.17278625,0.0,0.12803118,0.7831447,41.135,0.09843305,6.281421,0.36698693,-1.7802151,-3.3073328,-58.02777,-0.113292,0.0017514155,1.8581123,0.07515941,2.4094703,11.571918,0.06663316,-6.450229,-0.1767252,20.36533,0.21294479,375.69498,0.060229164,1184.6007,0.045317072,-0.18564366,-68.57161,1146.4171,0.04074816,819.7076,0.048147827,-0.49413985,-26.09713,2612.2498,0.02793605,214.41736,1.0322201,-20.546614,-0.5877814,-15.984636,-0.15771656,25.338713,0.17514583,0.10578772,0.1282896,-0.05977843,-0.0807776,0.1285957,0.7787815,41.28303,0.08349844,6.2567143,0.36207494,-1.7408689,-3.3705714,-58.32876,-0.08901499,-10.191427,24.8795,-0.033689637,0.0029825268,0.0045300922,0.041169208,0.041271154,24.119999,0.0,0.089999996,0.0,-21.965511,1
25.914152,0.012681569,25.680231,25.905636,26.15974,0.47950935,6.4759936,3.638781,1.8131877,2.9033089,0.59010243,0.21833551,0.5329568,0.59431213,0.6676366,0.1346798,1.0105069,0.5811767,0.68024576,0.48948252,0.10780026,0.2522176,48.012978,0.14006081,17.496964,0.16553304,7.548135,0.43022394,-31.354301,-0.27384862,0.004385366,0.5839475,0.23488055,0.68461233,8.662172,0.053497266,7.6636143,0.22874486,30.921495,0.09997551,474.60062,0.2724366,1485.7369,0.11620785,-13.611831,-2.1925101,1381.3156,0.2226308,1231.4054,0.23348324,-22.928822,-1.2618217,2702.1853,0.08397494,783.2126,0.34644288,-37.750404,-0.6871856,-18.524961,-0.12809376,31.367605,0.08998298,0.039977245,0.19585659,-0.055116303,-0.08074084,0.110640146,0.19625406,49.066956,0.039996106,17.543303,0.15517141,7.399341,0.4112959,-32.405907,-0.18571721,-20.136349,32.617535,-0.026266998,0.015075696,0.016097141,1.7929912,0.081833065,11.91,0.0,0.29,0.0,-23.83103,1
26.52625,0.02618678,25.937145,26.371645,27.08461,1.1474648,5.4024835,3.445926,6.232376,3.9745822,0.48960587,0.34626448,0.36283967,0.4524642,0.6137895,0.25094983,0.15162754,0.056468196,0.314223,0.309057,0.095432974,0.49020845,52.533436,0.0854468,30.099123,0.14761461,-2.7594602,-1.4005147,-22.166756,-0.17881945,0.0056418274,1.968767,0.2492807,0.719612,8.964328,0.078691155,4.64412,0.50600845,46.13104,0.10270796,577.4819,0.21688674,1495.7635,0.095280014,-8.915353,-1.8445805,1698.9354,0.18083861,1323.7593,0.16373888,-35.821636,-0.46939212,2903.6616,0.097724095,1231.4185,0.17009425,-50.24241,-0.2672762,-29.787304,-0.13823736,42.5019,0.095859006,0.047698162,0.15196155,-0.0674202,-0.064212635,0.0963493,0.4795053,52.910103,0.03848377,30.246296,0.13647978,-2.8142757,-1.3616817,-22.397236,-0.14057817,-15.857387,26.396116,-0.00019554707,0.010625293,0.0063033463,0.1875293,0.046992484,21.119999,0.0,0.14,0.0,-23.597965,1
30.936256,0.009283203,30.756922,30.950819,31.148376,0.3914547,4.175511,1.8655932,3.915584,2.8531609,0.26330656,0.4711028,0.1546711,0.26354346,0.38471138,0.23004028,0.7220754,0.5189053,0.11348946,0.057276092,0.026796104,0.67986053,39.21439,0.15729958,30.013958,0.17004508,6.2585683,0.78653246,-10.113773,-0.883187,0.0072353096,1.4349533,0.26879686,0.9684465,11.234337,0.05791106,0.27197677,16.163603,27.660597,0.21361986,849.4346,0.07992276,1153.4358,0.10427848,-25.394392,-1.1451097,2019.5283,0.051523704,1072.3883,0.265488,-52.68203,-0.46378025,3064.1147,0.04088843,768.207,0.30030912,-50.204266,-0.49944982,-29.6865,-0.11292468,42.753048,0.08868573,0.016880909,1.0582826,-0.03779223,-0.29887587,0.027563054,0.6549804,40.153526,0.07201555,30.605478,0.12079712,6.2164583,0.7959261,-10.735427,-0.770149,-13.899309,24.719957,-0.008175771,0.03127251,0.003043992,0.32284102,0.081037275,12.009999,0.0,0.31,0.0,-28.801624,1
31.840343,0.012861103,31.58033,31.74112,32.044373,0.46404266,3.5037582,2.782078,3.1860285,2.0221605,0.70741194,0.29495782,0.6451137,0.7314655,0.83303285,0.18791914,1.094497,0.9435516,0.43979272,0.2544746,0.12730695,0.4653874,39.856693,0.18795747,28.495825,0.17584187,2.6518483,1.6806465,3.9619863,1.2323207,0.004618496,0.45471942,0.23885256,0.46660537,11.774824,0.027180374,7.382512,0.38055903,39.31267,0.12106634,688.1623,0.29917887,1492.9939,0.11050111,-32.684074,-1.4877477,1816.8127,0.18940955,1120.2017,0.24115697,-46.333267,-0.91607684,3044.7456,0.11313812,1127.9233,0.34453955,-57.76676,-0.67799985,-24.5386,-0.064718574,38.098724,0.0826198,0.015378826,0.7018736,-0.03330083,-0.19893672,0.12753019,0.19539873,41.62385,0.059284963,29.692785,0.07639586,2.0311859,1.8215327,3.0083137,1.0694318,-23.788609,35.634895,-0.061764803,0.017105354,0.13929945,0.541272,0.13623978,6.8199997,0.0,0.5,0.0,-16.95984,1
26.930693,0.05792777,26.896786,27.490112,27.731937,0.8351517,-14.359551,0.0,0.88652337,0.0,0.68985677,0.39222357,0.5282501,0.7846571,0.88332665,0.35507655,0.4613314,0.3138878,0.13042054,0.0,0.10889788,0.45288798,45.03836,0.11236616,20.580439,0.19890599,-0.42884687,-12.533293,-45.214485,-0.19447866,0.0038397785,1.4705003,0.26024112,0.6560696,9.123502,0.14654413,4.2132015,0.35361037,26.30307,0.114890315,593.87177,0.22140808,1437.2925,0.10065855,-10.823215,-3.4812946,1668.5643,0.20140365,1289.8774,0.19225915,-30.543228,-1.1406308,2853.1707,0.070463456,924.99023,0.38757837,-35.52722,-0.92332935,-23.845419,-0.10985151,30.143244,0.09375302,0.04345476,0.19314244,-0.07568464,-0.092905395,0.11381908,0.39444116,45.957157,0.047713537,20.608656,0.17538536,-0.21909471,-23.499372,-46.644585,-0.12244288,-21.141537,28.343851,0.0058465125,-0.018491523,0.0035683946,0.117370896,0.11806375,8.139999,0.0,0.31,0.0,-21.810755,1
29.375238,0.010694945,29.057827,29.402287,29.619167,0.56134033,3.5836608,2.6801958,2.5899582,2.344942,0.8111143,0.110156976,0.7824897,0.8200183,0.8575682,0.07507849,1.1633255,0.93061876,0.93559074,0.9654119,0.07187076,0.240328,37.019783,0.10085281,-3.5041404,-1.0261128,8.846335,0.2608798,-39.808044,-0.12335791,0.0032810858,0.6185025,0.25402007,0.5930773,10.278205,0.031162316,9.373311,0.14328457,18.425362,0.16040662,414.15338,0.19365498,1346.7286,0.07924181,-10.928137,-0.97221535,1213.6892,0.14336668,1036.3109,0.079866245,-4.726471,-2.3432806,2449.2615,0.05328224,593.3467,0.20069535,-22.189184,-0.441699,-7.6210914,-0.22970392,20.564646,0.12760742,0.02945145,0.3495299,-0.038200777,-0.07743205,0.072335586,0.22765848,37.171085,0.08400572,-3.6225786,-0.8931813,8.862436,0.25419083,-40.120564,-0.07442556,-22.851118,36.743916,-0.026228432,0.012784806,0.017267378,1.7009214,0.07112376,14.009999,0.0,0.03,0.0,-25.217712,1
35.439068,0.0096845,35.167046,35.47523,35.694645,0.52759933,4.4369917,5.174785,1.9036515,3.9907227,1.405299,0.3374939,1.1241168,1.4908267,1.7520854,0.62796867,3.2429738,1.7806073,1.8936362,1.9972892,0.18130359,0.6600974,39.17875,0.24829628,-6.5264273,-0.7599743,-24.176592,-0.3174701,-48.271942,-0.259009,0.0024081897,2.3717983,0.20790474,1.2572318,13.517397,0.096223466,-11.163694,-0.12570442,27.276424,0.17054896,399.70795,0.050192464,1234.7683,0.090051,-11.339933,-4.074012,1240.8086,0.03557649,901.9503,0.11541085,-9.376971,-4.9700637,2607.1838,0.05052793,845.5985,0.48270708,-37.107464,-1.0771897,-9.351921,-0.3152075,35.152065,0.12179672,0.11100539,0.12344459,-0.030706715,-0.16513838,0.19229724,0.59621644,41.398155,0.08140834,-7.0138154,-0.6590044,-25.592882,-0.20340379,-51.089024,-0.10001049,-8.007682,23.884064,0.11039438,0.016290134,0.022416776,1.4187868,0.04904365,19.24,0.0,0.56,0.5,-21.952536,1
25.536568,0.015036639,25.296589,25.552856,25.804886,0.50829697,7.946495,4.718355,5.3613997,4.1900206,0.09227052,0.49478948,0.07142201,0.09273511,0.1158501,0.044428088,0.2951882,0.18947503,0.13146973,0.12627181,0.012718667,0.7766164,34.2544,0.3828909,27.061722,0.3451085,7.9471574,0.6022986,-24.173252,-0.49575385,0.009003112,1.0848161,0.4550856,0.7368243,8.21058,0.12780353,2.9521563,1.8132564,28.642864,0.18087575,676.9299,0.30010843,1226.3568,0.1659601,-51.514076,-1.3465586,1931.5428,0.25015095,1246.9812,0.2722513,-67.30024,-0.9098785,3014.2927,0.037958097,497.22153,0.7377185,-71.29664,-0.8224907,-30.588875,-0.050228074,39.926353,0.059045155,0.008452486,1.6858004,-0.053638645,-0.1320475,0.014707726,0.6501087,39.568367,0.06881909,30.643171,0.057302352,9.497506,0.27923644,-28.369387,-0.23706718,-17.475277,27.393286,0.051784616,-0.0023415214,0.0059376215,0.5339436,0.22970904,3.5966666,4.8460383,0.55,0.8668045,-50.08192,1
25.26848,0.027335998,24.872238,25.300268,25.696205,0.823967,389.63766,0.0,-5.6784124,4.571126,0.28528613,0.33677813,0.207731,0.2839477,0.3495189,0.1417879,1.0816913,0.45750907,0.8091209,0.46835285,0.04653119,0.48203748,44.41805,0.08177455,33.714073,0.099624254,-3.8094327,-1.2166113,-27.558466,-0.2825081,0.008683809,2.121524,0.45854455,0.5692793,8.175386,0.08647715,-1.326061,-2.2774887,34.288635,0.18790065,697.6932,0.19379455,1323.9753,0.10821616,-15.58493,-1.3604717,1866.1411,0.15087558,1187.2905,0.15020011,-44.223263,-0.460939,3051.5435,0.06456417,1130.7744,0.24856201,-49.536743,-0.35928556,-25.465914,-0.1260445,42.58965,0.09712127,0.021646652,0.3654778,-0.058127668,-0.1254388,0.047184337,0.467866,44.7313,0.058959886,33.853058,0.09386306,-4.056276,-1.0371078,-28.039875,-0.24336316,-24.815218,35.879562,-0.00084087736,0.0032803146,0.009036695,2.1752267,0.060606062,16.279999,0.0,0.19999999,0.0,-30.13805,1
25.560354,0.032757208,25.116991,25.663961,26.129961,1.01297,18.44128,6.2700677,7.051277,7.0925336,0.37616178,0.8577288,0.08768858,0.2545676,0.6706938,0.58300525,2.8221886,1.2698822,0.253925,0.15330113,0.07888525,1.0872009,37.26377,0.38055506,24.926048,0.38310003,4.553977,1.4850028,-29.175287,-0.5531765,0.005689659,0.9239458,0.36237112,1.0129296,8.400308,0.09617692,4.735384,1.1585346,28.002016,0.26473802,374.40128,0.19784209,1317.9442,0.075557545,-42.775253,-1.6601167,1125.2982,0.15732971,898.02924,0.2266051,-47.951046,-1.429979,2648.468,0.050106287,272.64685,0.69956845,-61.85538,-1.0079763,-26.107185,-0.11978808,31.86175,0.117131084,0.038119797,0.36510053,-0.061207026,-0.21487077,0.09462055,0.9100236,43.164997,0.067082666,28.407803,0.13704929,5.2426896,1.2482979,-34.73878,-0.30919152,-15.727015,25.236588,0.057820953,0.0015850717,0.0046398286,0.16090105,0.08077545,10.3,0.0,2.04,0.0,-31.802502,1
29.907864,0.011101984,29.7022,29.951529,30.101286,0.399086,1.4741305,2.9603143,2.2271445,2.0781426,0.88418114,0.4077119,0.7094588,0.83778894,1.0904111,0.38095224,7.455825,5.2852397,0.12060523,0.0,0.17392534,0.62583756,42.98108,0.2500177,35.797436,0.26279044,3.2137063,1.0904256,-30.64591,-0.28784886,0.0036413758,1.6712134,0.21578951,1.2964058,10.818084,0.05808543,-1.8332496,-0.5235953,39.32391,0.09510972,431.0126,0.29325584,1429.3738,0.1141137,-17.797554,-2.6232219,1252.108,0.2295029,1093.2744,0.33859926,-33.635395,-1.2728587,2833.0483,0.04729213,577.0005,0.71485,-52.426403,-0.7146888,-32.86246,-0.04812824,38.6265,0.059253376,0.08303368,0.16933216,-0.06581059,-0.08989606,0.18531437,0.5549407,45.630188,0.054659862,37.963825,0.10227343,3.405389,1.0257534,-32.640823,-0.1284083,-21.293695,32.81101,0.1083825,0.016240044,0.021076975,0.053418804,0.053561863,17.55,0.0,1.1,0.0,-22.587278,1
31.268444,0.011504847,31.00248,31.236221,31.498116,0.495636,7.051419,4.0971513,6.3922915,3.6481457,0.89667404,0.5097271,0.68830216,0.8664647,1.2176404,0.52933824,3.5209742,3.0713196,1.1952248,0.9864319,0.25470084,0.85654676,38.484303,0.3328829,32.97855,0.3302184,5.844896,0.73095286,-16.813028,-0.46710345,0.00961952,1.2119948,0.57026756,1.1331308,11.104295,0.08431653,4.5281253,1.0272771,40.36429,0.10436873,506.96234,0.321935,1358.8997,0.09630147,-36.116676,-1.6587008,1504.2834,0.23882313,978.85864,0.28586513,-50.258846,-1.0315158,2842.1555,0.12537977,744.58746,0.48770738,-64.55941,-0.7182027,-29.79124,-0.14171006,42.002876,0.062574536,0.04496997,0.36067396,-0.055111706,-0.16269624,0.28516442,0.741411,42.756214,0.06810086,36.588154,0.072611526,6.5533676,0.5903429,-18.77817,-0.28828958,-14.355743,26.135756,0.10052765,0.015140314,0.009891595,0.43365136,0.087108016,10.28,0.0,0.585,0.53499997,-19.935888,1
29.064585,0.008644635,28.837833,29.084335,29.284325,0.44649124,3.7070687,3.0046437,-7.9420657,6.604037,0.6208516,0.32776782,0.47323596,0.5127197,0.8292419,0.3560059,0.40640423,0.26598677,0.087857895,0.0,0.06475626,0.4558959,48.64649,0.12265419,17.166948,0.23386551,-2.0612156,-2.3420072,-37.447884,-0.21614908,0.005497478,2.5090203,0.1641966,1.4925195,10.186958,0.13153668,1.5191678,0.7119561,31.352894,0.122704044,621.6264,0.3121167,1368.5497,0.10651651,-7.033934,-3.8347702,1722.339,0.25238934,1121.688,0.163425,-28.230778,-0.89861214,2930.3545,0.10452909,1004.48694,0.2780906,-37.82371,-0.5913068,-22.5989,-0.07403923,34.62136,0.08069968,0.047466278,0.16161002,-0.062374312,-0.059676055,0.06606134,0.43129015,49.465015,0.04049382,17.249846,0.22871085,-2.1164153,-2.2641418,-38.33583,-0.14325152,-18.128193,30.94716,-0.021839362,0.010936066,0.012206921,0.085910656,0.08628128,11.37,0.0,0.19999999,0.0,-23.442436,1
27.962414,0.0065769656,27.83409,27.957565,28.102703,0.26861382,3.0747948,1.6301652,2.3437765,1.6727873,0.5556189,0.36935812,0.420291,0.499792,0.6746088,0.25431782,0.9367563,0.64426357,0.08502762,0.0,0.087072775,0.39445212,47.356182,0.107401125,16.422138,0.33644626,15.4529085,0.24591011,-30.160528,-0.16425534,0.0035985946,0.47390038,0.25362012,0.4947099,9.680783,0.034547023,-3.7070973,-0.77495414,24.776339,0.24623723,627.0024,0.18846141,1378.0013,0.113585345,-10.410347,-1.89659,1773.5958,0.15288867,1217.459,0.20135969,-33.317886,-0.5510601,2793.14,0.057148688,744.75946,0.2795012,-33.571674,-0.5258418,-24.907278,-0.101533934,29.296894,0.13971606,0.021601753,0.5077829,-0.06147934,-0.07393501,0.088280305,0.37592247,47.863243,0.050613515,16.489763,0.33236006,15.64797,0.21726032,-30.580761,-0.10773771,-16.889,27.799047,-0.006349497,0.007500983,0.007145834,0.06901311,0.06925208,14.28,0.0,0.14,0.0,-24.059904,1
34.919243,0.020633906,34.87165,34.954094,35.060257,0.18860626,154.11496,2.2458725,0.12431213,0.3948659,1.0252619,0.29327106,1.009037,1.0612811,1.1516932,0.1426562,6.0683293,4.304881,0.10942464,0.0,0.07246344,0.9111751,35.758263,0.25089383,14.695739,0.31006747,5.507625,0.8570673,-51.651054,-0.26954007,0.002142856,4.3155894,0.14825454,1.5481495,13.405085,0.069715194,3.8583994,0.66593975,30.48442,0.116987914,368.04034,0.3023069,1357.3699,0.08413946,-23.011555,-2.750419,1169.6565,0.19340295,911.4379,0.10708926,-23.908697,-1.8873606,2573.3267,0.06453102,433.62952,0.3613305,-39.739803,-1.0325248,-16.70221,-0.18711518,24.321066,0.17016341,0.12664588,0.08619075,-0.047134317,-0.108717345,0.07724198,0.84808946,37.98021,0.0522609,15.481226,0.18982981,5.848375,0.79638547,-55.06692,-0.08382255,-18.716614,30.645956,0.12334761,0.015214652,0.015365381,0.054495912,0.054644812,17.18,0.0,1.1,0.0,-25.142569,1
31.193016,0.004269581,31.075006,31.196701,31.298883,0.22387695,3.1729918,1.4926567,2.140107,1.2704947,0.38762805,0.32292143,0.32761484,0.37277582,0.44342524,0.115810394,0.43282264,0.33926466,1.2510021,1.623205,0.051875185,0.42617822,48.120346,0.13712513,22.359144,0.1304263,-3.4251432,-1.1516253,-16.151838,-0.30372965,0.00946174,0.6098962,0.51817054,0.504617,11.109284,0.04591139,-0.88973117,-3.0303078,38.581055,0.10856949,775.41943,0.17380235,1248.7449,0.14355454,-20.885128,-1.648894,1982.7102,0.12603088,1182.6644,0.17011592,-47.224262,-0.6285228,3105.2402,0.07182263,1177.8055,0.20998807,-55.719982,-0.49360588,-18.145544,-0.14825541,44.550995,0.06884626,0.04039627,0.24017546,-0.042970754,-0.16258357,0.053526595,0.38445926,49.35428,0.029135464,22.613245,0.11015819,-3.8044047,-0.88415974,-16.812176,-0.17967553,-16.666674,27.575556,0.006467103,0.006549241,0.012371971,0.24711698,0.16542597,5.825,5.775,0.19999999,0.17999999,-26.463318,1
33.476692,0.0060745077,33.31818,33.44744,33.631233,0.31305313,3.3480892,1.6693443,2.9374278,1.5061667,0.36207598,0.23070203,0.29857907,0.3309427,0.4363505,0.13777143,0.43709424,0.18210748,0.22538076,0.109657235,0.016441947,0.50421536,45.35125,0.043330163,16.89424,0.12175481,-6.971161,-0.79390514,-35.789948,-0.18645872,0.0019995582,0.43347597,0.09970304,0.41639423,12.718761,0.010058618,-1.3223255,-0.7500296,30.400179,0.11053677,534.02515,0.28543177,1537.6866,0.15652256,-4.0994873,-0.5107608,1470.1288,0.19233689,1275.1964,0.30655468,-19.967384,-0.35991418,2859.2659,0.07499842,754.85114,0.45638394,-32.4676,-0.115007326,-18.579025,-0.08710277,31.854382,0.114252254,0.066081494,0.099112034,-0.04336277,-0.10615607,0.016539736,0.5033926,45.342224,0.043368462,16.896738,0.12203691,-6.9172297,-0.7989227,-35.88729,-0.1845633,0.0,0.0,0.0,0.0,0.0,1.6566266,0.15197569,6.5699997,0.0,0.0,0.0,-31.233953,1
35.350746,0.042067032,35.056236,35.439075,35.900948,0.8447113,-27.329977,0.0,0.45070386,0.0,0.96387213,0.23702335,0.89825535,0.98756814,1.0952209,0.19696558,-0.32339543,0.0,0.21131666,0.0,0.094917685,0.35264164,45.41279,0.12462104,11.112446,0.66857624,-22.275173,-0.45906153,-23.546354,-0.42753702,0.0048187887,4.1141014,0.14825574,0.9926253,13.280591,0.08813045,-5.758943,-0.3057493,36.403374,0.10736793,490.67953,0.15313667,1392.3236,0.090521224,-4.34161,-7.7528977,1379.9343,0.07853221,1219.2825,0.2023,-19.198212,-1.6324362,2679.4587,0.040798724,958.75507,0.18268196,-40.52596,-0.68050927,-18.69877,-0.094223015,40.950188,0.06407794,0.07248991,0.21521273,-0.032249913,-0.12378928,0.09656144,0.3358397,46.43195,0.046244595,10.198392,0.5721233,-24.04527,-0.19913115,-25.08727,-0.25166813,-32.946545,39.92759,-0.087810025,0.010607508,0.06683072,0.0,0.16835016,5.7599998,0.0,0.16,0.0,-17.74205,1
27.601196,0.00533558,27.5126,27.597767,27.694717,0.18211746,2.7199345,3.9317594,1.4055479,1.2241865,1.538769,0.21071367,1.3146775,1.553828,1.7127681,0.3980906,2.562132,3.1639955,1.3283228,1.2434262,0.4326284,0.32914785,51.13149,0.042180944,8.261338,0.43903,-2.6318047,-1.3522298,-29.013693,-0.13010325,0.0037395786,1.7779464,0.2547688,0.8803689,9.605091,0.09832194,2.3867664,0.58261174,25.950344,0.10080035,382.37726,0.0266625,1280.3964,0.041824162,-6.2238765,-0.13237429,1134.9034,0.013125605,946.8593,0.0469445,-3.4071612,-0.6422599,2339.5994,0.030294988,625.0878,0.1890859,-29.78819,-0.09827713,-28.077538,-0.06532898,31.98883,0.08494331,0.05093052,0.22320904,-0.069687426,-0.056064524,0.43366176,0.3270432,51.141655,0.04206173,8.235226,0.43747753,-2.631861,-1.3537371,-29.078953,-0.12424549,0.0,0.0,0.0,0.0,0.0,0.5507956,0.061425067,16.27,0.0,0.0,0.0,-19.756895,1
37.562866,0.13622896,36.1579,36.268456,36.47378,0.31587982,156.69156,97.53563,60.668888,53.672283,2.5575902,0.40827048,1.5969365,2.5274742,3.6036181,2.0066817,13.680238,6.017024,10.644937,6.203808,1.5378652,0.6432886,31.84592,0.22698255,-27.569836,-0.22201353,-38.548817,-0.4606339,-61.02869,-0.23045374,0.021431193,1.8422862,0.86868703,0.71393245,10.003459,0.40599295,-7.8852496,-2.6860433,19.270023,0.7203971,792.7959,0.32175177,1244.1526,0.19799694,23.9488,1.3342462,1566.9193,0.14041294,1025.937,0.33265284,14.691752,1.922309,2966.9275,0.089236304,517.92316,0.80255955,-6.6941867,-3.7337382,-2.6429343,-2.9875572,31.73099,0.30559134,0.09767994,0.3972743,-0.011063346,-1.0738039,1.5659382,0.6235153,32.01505,0.2220687,-27.935368,-0.19675887,-39.177795,-0.44010627,-61.92785,-0.20064548,-4.692953,16.29154,0.06648304,0.0012531464,0.022704894,3.4700317,0.07917656,12.45,0.0,0.16,0.0,-12.50721,1
33.67665,0.011737788,33.280453,33.709904,34.0459,0.7654457,4.966384,1.7536019,4.2105722,2.294155,0.80531716,0.20582807,0.695516,0.81812716,0.9128986,0.21738261,2.32771,0.80389875,1.7315284,1.3125322,0.099351354,0.42501506,55.443928,0.06319045,25.212162,0.1523094,-7.0665665,-0.49326855,-34.03929,-0.1241904,0.005084552,2.30916,0.23906478,0.92077833,12.626736,0.073459946,-0.8631293,-1.9557214,41.754124,0.10598589,707.9097,0.23603226,1421.4083,0.15428737,-7.3120985,-0.45119503,1899.4464,0.18804307,1328.9714,0.3185629,-42.52948,-0.2834953,3084.3032,0.07782049,1229.4335,0.32566407,-45.173782,-0.10660784,-27.601316,-0.14193523,42.752193,0.088091694,0.03993464,0.26765904,-0.06824057,-0.08374945,0.09987407,0.42370775,55.516983,0.062078696,25.208618,0.15310983,-7.098271,-0.49171114,-34.08759,-0.12387919,0.0,0.0,0.0,0.0,0.0,2.7874565,0.17605634,5.67,0.0,0.0,0.0,-18.7546,1
33.470005,0.0423747,33.269108,33.6489,33.97569,0.7065811,67.3433,66.963844,2.2690477,1.5294333,0.42600247,0.14951348,0.37043926,0.42657867,0.4859575,0.11551824,0.5121151,0.24336345,0.38248786,0.2166611,0.03633507,0.38919294,52.261906,0.037670612,22.41647,0.098190464,-19.576054,-0.13844758,-34.82492,-0.14025408,0.031019209,1.1412754,0.5791712,0.8315229,9.86651,0.28522673,-0.3073178,-6.7489066,44.46278,0.0784203,644.7115,0.2970121,1511.376,0.13373813,-5.8098288,-0.5733678,1740.1995,0.21332555,1293.3816,0.19344983,-31.866932,-0.4228246,3045.2388,0.08901707,1245.8784,0.22292992,-48.95388,-0.09570744,-17.648373,-0.09261428,43.760105,0.0487704,0.048382044,0.1613832,-0.056781348,-0.06659745,0.036383837,0.39051569,52.28872,0.037490934,22.347586,0.09439628,-19.625984,-0.13555337,-34.882236,-0.13983284,0.0,0.0,0.0,0.0,0.0,2.85205,0.18018019,5.54,0.0,0.0,0.0,-28.833195,1
30.081007,0.097675435,30.381084,30.660725,31.100624,0.71953964,25.603151,24.362352,0.46127987,2.0396795,0.47552377,0.2059361,0.39115924,0.4441924,0.60000795,0.20884871,1.1755867,1.09773,0.97666395,0.6964668,0.07336768,0.31048697,48.02772,0.03563168,26.474543,0.068956,-5.057878,-0.9877046,-26.141573,-0.13511874,0.009990224,3.0372937,0.35039857,0.49825785,10.471406,0.16424046,-4.609679,-0.9036326,36.587513,0.11277746,626.0478,0.21219574,1462.0966,0.12537813,-10.828317,-0.45323914,1728.94,0.16704343,1195.4093,0.14713433,-32.368122,-0.27954224,2992.0635,0.082042515,1144.5687,0.20705946,-46.14733,-0.11317982,-21.909914,-0.1560535,42.828003,0.050425105,0.04939169,0.22419076,-0.055174876,-0.07289841,0.07368764,0.30941093,48.062157,0.03502053,26.466042,0.0691228,-5.1435857,-0.96065336,-26.20365,-0.13319565,0.0,0.0,0.0,0.0,0.0,2.5641026,0.1618123,6.17,0.0,0.0,0.0,-25.424057,1
24.230564,0.0056143333,24.118256,24.230288,24.342857,0.22460175,3.0744839,1.8780984,2.7985888,1.3266308,0.5700982,0.06168932,0.53575116,0.56986827,0.6034524,0.06770122,0.81374115,0.33007568,0.7822785,0.34772283,0.1048769,0.30115226,51.955757,0.038274545,30.037127,0.07465749,10.210936,0.6182193,-26.752506,-0.13068117,0.0046931193,1.0541718,0.28693464,0.8293806,7.9398146,0.041602895,5.113753,0.11860135,42.320683,0.08076649,596.2732,0.20873071,1410.7476,0.08815245,-8.656816,-0.28541577,1792.6323,0.15534125,1249.067,0.17702384,-39.579414,-0.1489377,2949.5208,0.08125984,1204.8508,0.20218559,-46.495415,-0.07659264,-33.063976,-0.028598767,40.982677,0.06939382,0.023181796,0.21358953,-0.07212776,-0.056428846,0.10515234,0.3042556,51.977894,0.03813908,30.075766,0.07377179,10.140742,0.62155586,-26.737232,-0.13112335,0.0,0.0,0.0,0.0,0.0,8.674305,0.16528927,6.04,0.0,0.0,0.0,-21.987823,1
35.530884,0.00864731,35.279316,35.4493,35.816822,0.5375061,2.7912643,1.152749,2.2843359,1.1993868,0.8704333,0.08951222,0.8213391,0.85925317,0.9294154,0.108076334,0.73697263,0.40137908,0.7663552,0.33852574,0.047506623,0.30960256,43.208244,0.035699755,2.5894034,0.672548,-8.792174,-0.23411123,-48.80231,-0.060396317,0.0032899217,0.41651163,0.07908135,0.4197819,13.521322,0.023158733,0.75783837,1.3235416,28.973549,0.079236485,429.6683,0.24935068,1426.1475,0.07000611,0.37460512,2.0702996,1319.5612,0.14021435,993.3878,0.045487784,-5.509915,-0.88397664,2681.0737,0.059836075,668.77844,0.2466379,-28.161966,-0.08411645,-7.3449473,-0.17661662,27.490242,0.06388563,0.08125873,0.09181957,-0.030871652,-0.128378,0.047748994,0.30758741,43.1726,0.035000842,2.5628896,0.6756013,-8.833847,-0.22963624,-48.827023,-0.060482986,0.0,0.0,0.0,0.0,0.0,2.673797,0.18018019,5.54,0.0,0.0,0.0,-22.338264,1
21.118158,0.012822735,20.943155,21.117664,21.28035,0.33719444,2.9466126,2.1198301,15.922072,34.2528,0.47481456,0.4718288,0.4299182,0.53361654,0.61788726,0.18796906,1.9904801,1.8050482,1.411258,1.1307428,0.10174069,0.8577751,36.866932,0.43190426,13.40423,0.49263018,-2.6555035,-2.1078303,-23.1637,-0.46017474,0.010350905,1.2793636,0.5483751,0.7176788,5.413668,0.3344135,11.646604,0.89346063,29.336773,0.11541428,548.17535,0.3739576,1704.9559,0.1933466,-34.919743,-2.0153387,1363.3373,0.24664839,1369.6654,0.31927967,-43.924053,-1.5023617,2688.3591,0.08482684,851.67957,0.41329035,-56.525536,-1.0699642,-25.812916,-0.09572203,31.891705,0.11309911,0.036390666,0.3067104,-0.06726959,-0.080208674,0.11961957,0.6892932,43.588455,0.07248876,15.833016,0.23310679,-3.1241107,-1.9119056,-27.4128,-0.1592423,-16.85409,26.108227,0.12888369,0.020726794,0.19325045,2.0,0.15503876,5.47,0.0,0.94,0.0,-33.96496,1
31.475384,0.0037553702,31.3969,31.459862,31.550661,0.15376091,1.2900295,1.480885,0.82812405,0.78616095,1.6101372,0.12384947,1.4914024,1.5724912,1.7741697,0.2827673,1.4632319,1.9153504,0.31496504,0.27462438,0.17302181,0.6974649,44.082233,0.07476278,8.029984,0.23114015,-4.1317077,-0.8243798,-61.20851,-0.09751408,0.0028920781,1.2639029,0.124584004,1.7227926,11.740083,0.046424333,-8.17282,-0.103326194,24.844313,0.13733219,355.3661,0.057895247,1274.4655,0.047087,1.0146145,6.7069273,1124.3198,0.031106368,855.4312,0.044856302,-2.3589175,-2.9712286,2599.0237,0.02648081,360.3088,0.46855158,-23.797043,-0.2927138,-16.619593,-0.08864765,31.42253,0.09360972,0.103663325,0.12474352,-0.06761754,-0.06492064,0.17190558,0.6798387,44.123314,0.07055066,8.015131,0.22351202,-4.1477365,-0.81722,-61.381454,-0.08500062,-15.325013,34.053883,-0.08672027,0.0069494834,0.015193865,0.085178874,0.042698547,23.38,0.0,0.02,0.0,-20.560856,1
26.040821,0.010061132,25.830078,26.064966,26.233353,0.40327454,5.982142,2.6832378,5.4861097,2.4054446,0.6061215,0.07104878,0.5723253,0.60156816,0.6398195,0.06749421,0.78906703,0.30652386,0.6848421,0.33604214,0.10646258,0.13757946,47.412243,0.03809562,19.001196,0.094971806,8.988904,0.33796215,-29.8985,-0.09529231,0.0038328143,0.5359597,0.15778641,0.5692297,8.8562565,0.026773337,6.116092,0.2846132,31.186184,0.087187655,476.98438,0.25378698,1478.8055,0.09932802,-8.552171,-0.24357806,1395.8301,0.20455515,1236.266,0.26214644,-19.215366,-0.31696004,2687.7046,0.07120238,780.5202,0.29827982,-33.83707,-0.07291848,-18.657116,-0.10272834,31.824734,0.058295026,0.036819715,0.13920912,-0.052028738,-0.06371657,0.10666977,0.13655055,47.412113,0.03823257,19.017828,0.0949709,8.979989,0.33961457,-29.890888,-0.09567058,0.0,0.0,0.0,0.0,0.0,3.9249148,0.1724138,5.79,0.0,0.0,0.0,-23.519573,1
25.216974,0.026965573,24.70159,25.147713,25.80864,1.10705,6.605085,1.0867085,-7.0337925,15.164615,0.6289745,0.24013285,0.5655911,0.6433076,0.73926365,0.17367256,0.59470755,1.1410327,0.25677794,0.18396358,0.12860663,0.3612986,51.739334,0.13474196,22.294222,0.18210748,2.831421,1.440388,-19.4275,-0.20383577,0.004099776,0.9291606,0.22918315,1.0155555,8.317287,0.08894903,8.57578,0.2444289,39.283356,0.090159595,674.54456,0.17353863,1420.4426,0.09432999,-12.982364,-2.294389,1880.9884,0.12554948,1338.2523,0.15555295,-37.1729,-0.70718694,2982.691,0.07641116,1199.9202,0.20692734,-45.154064,-0.5462303,-30.140604,-0.10864929,36.675224,0.06346431,0.03522683,0.31123224,-0.06892227,-0.10190534,0.13264301,0.31453001,52.943855,0.04781778,22.861183,0.11269872,3.1622705,1.0450158,-19.916336,-0.14236583,-7.567015,18.30801,0.009016699,0.0065811933,0.013848386,0.33388984,0.16835016,5.7799997,0.0,0.065,0.015,-21.183044,1
31.079659,0.009259689,30.890991,31.066486,31.324497,0.433506,4.142112,2.504384,3.600651,2.6479523,0.3759286,0.21494089,0.32051504,0.34581584,0.40047076,0.07995573,0.48741204,0.26181054,0.35747257,0.23470867,0.034782376,0.31135935,39.890125,0.08688936,36.400837,0.09388023,8.244203,0.6592808,-19.269022,-0.32923824,0.0033918675,0.46747684,0.19778591,0.43808207,11.546385,0.015645262,5.384926,0.46315446,29.458368,0.13966927,822.38336,0.068125926,1158.2389,0.18065628,-16.135069,-0.16593005,2025.8354,0.065730356,1108.0416,0.2858321,-51.041668,-0.11474304,2986.7659,0.041794047,674.7669,0.35801235,-40.173973,-0.09722321,-29.90629,-0.14203405,38.934464,0.0819781,0.032789145,0.37519455,-0.051047802,-0.1042944,0.034968395,0.31019303,39.88789,0.08733126,36.390785,0.09430437,8.271208,0.6596165,-19.401934,-0.32158792,0.0,0.0,0.0,0.0,0.0,1.5358362,0.1724138,5.79,0.0,0.0,0.0,-26.041538,1
32.46658,0.0054683145,32.320007,32.456703,32.594387,0.27437973,3.7462308,1.882359,4.1032596,1.715725,0.7746792,0.078785665,0.72171956,0.7650701,0.8388873,0.11716771,0.8705335,0.46249488,0.55274206,0.326469,0.113353916,0.16421396,41.138466,0.027648019,30.52742,0.07892716,1.2258704,1.7482221,4.65517,0.6307883,0.0035143036,0.3498817,0.21359383,0.36573908,12.171703,0.009292869,9.749718,0.30975878,39.831432,0.104766786,742.4945,0.22376283,1512.3223,0.09978649,-19.97916,-0.22378963,1881.3047,0.14637409,1132.3298,0.20412719,-36.99662,-0.12130851,3113.6873,0.09007339,1146.333,0.27735594,-47.324535,-0.09158879,-26.513803,-0.056654464,39.316765,0.06443746,0.016222171,0.47725385,-0.031651974,-0.15475531,0.11364271,0.16087022,41.15114,0.027624944,30.548922,0.078992076,1.2053334,1.7764792,4.6537175,0.63286734,0.0,0.0,0.0,0.0,0.0,4.477612,0.18867925,5.29,0.0,0.0,0.0,-16.315609,1
27.207354,0.011778999,26.884897,27.236822,27.4881,0.6032028,2.9257746,1.4315728,1.4685321,0.84809184,0.81226635,0.13945845,0.7241413,0.786441,0.93396425,0.20982295,0.9165727,0.38440165,0.5024757,0.34377837,0.14032164,0.2808328,47.77953,0.040858176,18.825346,0.15066858,-3.2009022,-1.2744231,-43.049694,-0.07206711,0.003629871,0.8878021,0.26759014,0.62094235,9.219289,0.066679455,5.288722,0.14957508,29.870941,0.106863245,590.673,0.23102313,1418.2566,0.09081585,-3.3301454,-0.44671223,1641.1412,0.19157678,1242.0112,0.17818396,-21.496666,-0.41471496,2865.819,0.066153616,944.28015,0.27462056,-30.133553,-0.10120428,-24.964725,-0.07285942,30.96553,0.09326548,0.04727947,0.13679497,-0.07311442,-0.03349803,0.14127323,0.27686068,47.773907,0.041063268,18.788715,0.15057455,-3.2298675,-1.2663407,-43.0509,-0.07238504,0.0,0.0,0.0,0.0,0.0,1.426025,0.18018019,5.54,0.0,0.0,0.0,-20.958496,1
29.634472,0.006148833,29.49702,29.64233,29.791843,0.2948227,2.3025594,1.0634203,2.067091,1.1402292,0.9504839,0.028179752,0.92816347,0.9501653,0.97243685,0.044273376,0.6922354,0.361678,0.68661314,0.3668636,0.07238468,0.20812544,30.2311,0.0335366,-2.1523232,-0.47433844,8.22131,0.18772754,-39.489124,-0.06794686,0.0024612206,0.43841386,0.19501081,0.39197767,10.405914,0.025743973,10.518294,0.08166375,15.165376,0.081568025,417.406,0.12426415,1315.4668,0.0842618,-13.328567,-0.19219656,1204.3652,0.095652565,1051.486,0.07866416,-3.9532256,-0.4720053,2444.788,0.033945516,552.5891,0.1754444,-19.200027,-0.065990485,-7.0937824,-0.11143815,17.851398,0.049923617,0.032234345,0.24026412,-0.032881953,-0.038997486,0.07239398,0.20634778,30.23069,0.033706084,-2.1517131,-0.47676113,8.239814,0.18690307,-39.470097,-0.06815818,0.0,0.0,0.0,0.0,0.0,6.3139935,0.1724138,5.79,0.0,0.0,0.0,-24.462492,1
35.893448,0.014518848,35.690315,35.91104,36.14567,0.4553566,0.91152084,0.0,-2.8315058,0.0,1.4190248,0.29093757,1.3718709,1.5177855,1.6344256,0.26255476,2.5493152,2.728182,2.329237,2.1879742,0.20640573,0.50110894,40.532288,0.26268443,-5.743092,-0.7470426,-25.681545,-0.35630512,-47.21215,-0.28018734,0.0018069135,1.4949194,0.14406034,1.4759594,13.739971,0.08609128,-10.486422,-0.19255103,31.737677,0.11482581,409.1086,0.05311159,1228.2068,0.07574953,-11.228117,-4.449449,1260.2466,0.033627592,905.97845,0.12224808,-10.601713,-4.7377357,2591.4143,0.06574384,1023.23706,0.38590994,-40.990963,-1.0297276,-9.880098,-0.20071705,38.37494,0.11927642,0.09027109,0.20839113,-0.03397572,-0.124897875,0.22131619,0.41023847,43.250843,0.06403226,-6.3053265,-0.56535774,-27.527878,-0.22627293,-50.49622,-0.09945164,-16.663708,28.419147,0.11939082,0.016464824,0.027732281,0.7194244,0.060132295,15.54,0.0,1.0699999,0.0,-21.158092,1
25.840406,0.010217941,25.624626,25.849817,26.044867,0.4202404,5.045435,2.569361,4.1904535,1.7483407,0.1419503,0.5202472,0.10697893,0.13100335,0.18896239,0.081983455,0.3696192,0.22462685,0.27334064,0.2875311,0.019253043,0.63066137,37.09544,0.33871335,29.782686,0.31307915,6.3464956,0.7689741,-31.387754,-0.42634767,0.006615051,0.7413143,0.4119999,0.59022975,8.608494,0.041132025,6.3516226,0.49782565,31.757973,0.17107104,619.6716,0.30476424,1271.6364,0.1486535,-39.810966,-1.5616499,1794.3939,0.26062822,1245.8544,0.30970904,-57.602097,-0.95286965,3004.6868,0.040351782,514.913,0.6659563,-64.01116,-0.80506516,-32.069584,-0.050367728,40.349144,0.05492793,0.014465232,0.9523138,-0.065370336,-0.11347562,0.021729521,0.5019985,41.62049,0.07158702,33.03929,0.07093498,7.3310523,0.39298853,-35.582584,-0.18297702,-14.134725,23.843147,0.061055522,0.0017333176,0.0041429643,0.84033614,0.0602047,14.54,0.0,1.02,0.95,-45.074455,1
25.90274,0.008782207,25.735184,25.919699,26.09594,0.36075592,5.660264,2.775917,5.206214,2.9034307,0.42350173,0.3026501,0.31323248,0.4012252,0.54577446,0.23254198,1.3171657,0.8294445,0.84677845,0.36672434,0.08830171,0.62648547,49.07827,0.037351478,30.33261,0.0665879,-1.7422601,-1.79655,-34.627846,-0.14812055,0.009874744,0.83793944,0.52370536,0.6377642,8.365822,0.08298604,-2.98131,-0.7504902,34.905956,0.0993065,690.92114,0.16848144,1350.8763,0.104801334,-12.52768,-0.17537378,1877.7683,0.13618803,1250.9626,0.14406861,-44.749714,-0.18929493,3046.1433,0.061035827,1175.9835,0.21501264,-49.023415,-0.057819523,-26.196625,-0.07453928,43.97784,0.05279018,0.027389398,0.23560356,-0.06860881,-0.084598616,0.088926665,0.6248106,49.042995,0.03691499,30.307327,0.06635871,-1.729878,-1.8159978,-34.650917,-0.14860244,0.0,0.0,0.0,0.0,0.0,2.4822695,0.17921147,5.5699997,0.0,0.0,0.0,-25.762648,1
25.494421,0.01084416,25.262808,25.462742,25.67599,0.4131813,4.68441,1.8067642,4.705918,6.551189,0.36685088,0.61707073,0.23572949,0.34342536,0.5579327,0.3222032,0.6622808,0.6059222,0.12826808,0.0,0.08336193,0.76017016,39.795868,0.43135977,24.105122,0.43185976,6.715532,0.57470894,-29.987936,-0.48465204,0.0065620956,0.8651357,0.4395395,1.0563892,8.346314,0.085585006,11.216232,0.09414282,36.440216,0.074428365,369.93677,0.14904848,1363.7421,0.07398525,-41.552284,-1.625455,1120.4615,0.12586492,918.2855,0.18813151,-45.771397,-1.4316676,2683.1445,0.03732522,370.53427,0.47921997,-62.95131,-0.9253233,-30.072573,-0.07734196,34.23996,0.07566829,0.037958294,0.27308673,-0.06775027,-0.08791551,0.09852386,0.5803332,47.150883,0.053229395,28.510859,0.07364409,7.926226,0.3601235,-35.535816,-0.20988645,-14.737985,18.119146,0.12728326,0.020220447,0.07733726,0.1540832,0.1552795,5.45,0.0,0.48,0.45999998,-33.83008,1
29.6707,0.007886043,29.476017,29.651634,29.858795,0.38277817,2.5178409,1.867512,2.8302245,1.3902076,1.0214208,0.47816122,0.9387755,1.1625786,1.3175809,0.37880546,5.678366,4.117732,4.116801,3.9281764,0.23443311,0.8020207,40.72468,0.43335962,31.967308,0.45146438,0.06710547,57.246357,-27.059559,-0.4543353,0.0052283253,1.4538689,0.21151267,1.9067346,10.594961,0.11904476,-1.5909834,-3.2123728,41.45288,0.15493484,442.49612,0.33694056,1435.6653,0.12988396,-36.568596,-1.9122524,1289.1993,0.2581257,1104.691,0.38748872,-53.103767,-1.1749914,2811.9573,0.05440643,611.2512,0.4638737,-69.10126,-0.7947473,-33.545456,-0.08112277,39.41822,0.06227017,0.08555012,0.169164,-0.070573494,-0.07935436,0.2752305,0.62270415,48.19597,0.06936773,37.79114,0.14193593,0.050855838,81.841385,-32.012646,-0.14582264,-6.7720337,12.6525135,0.13027954,0.021428587,0.5112522,0.30769232,0.15503876,5.48,0.0,0.93,0.0,-20.770906,1
30.772707,0.008796685,30.55151,30.783781,30.979893,0.42838287,5.9471283,2.552162,5.521017,2.6096017,0.81954277,0.49689832,0.7382524,0.88282865,1.0740361,0.33578372,3.1662922,4.1337185,1.1263852,0.76360554,0.18413232,0.84340525,36.222023,0.42708582,29.836758,0.43060383,6.061573,0.73581654,-16.38664,-0.48127803,0.003930135,0.9269713,0.23445061,1.8480206,11.295532,0.08441057,5.4558825,1.0078739,40.3806,0.081239596,451.3001,0.35832286,1385.1888,0.10110984,-46.58915,-1.5335923,1393.8136,0.24193618,886.2411,0.13685602,-54.949795,-1.1061724,2770.701,0.124646716,554.2352,0.5194772,-71.90313,-0.7435337,-31.603512,-0.07990687,42.9035,0.054000754,0.0471336,0.2780621,-0.05399865,-0.1134659,0.21504998,0.65898263,42.75507,0.05850094,35.237053,0.07191418,7.1910825,0.5404863,-19.33961,-0.21289308,-12.350678,28.607311,0.12908486,0.021567937,0.5628173,0.30487806,0.15360984,5.54,0.0,0.93,0.0,-20.93277,1
29.215275,0.0035251332,29.131557,29.209661,29.294346,0.16278839,2.1889594,1.0908228,2.2104185,1.0334064,0.5556625,0.20347476,0.45041886,0.5156785,0.6902448,0.23982593,0.33455375,0.32696715,0.16596983,0.09877351,0.057789598,0.2573729,49.464428,0.043498218,17.548405,0.14888056,5.29649,0.88830835,-43.54068,-0.106578834,0.004760464,0.7957352,0.11345682,0.4737919,10.386235,0.02451698,-0.8506275,-1.0749172,28.1615,0.11293644,645.4927,0.27665964,1383.4775,0.11067961,-4.6509724,-0.3702883,1792.0603,0.2503462,1303.329,0.2241343,-28.417295,-0.3611556,2912.808,0.078666694,980.79926,0.30992216,-33.572517,-0.08582624,-26.597433,-0.052349087,32.002193,0.09783559,0.0501678,0.14466326,-0.0659568,-0.033873517,0.05792567,0.25785157,49.45928,0.043713186,17.538822,0.1494978,5.253361,0.89617676,-43.505352,-0.106915064,0.0,0.0,0.0,0.0,0.0,0.5226481,0.17605634,5.67,0.0,0.0,0.0,-25.185925,1
27.747898,0.005525707,27.642172,27.728493,27.862675,0.22050285,2.6572475,1.1752584,2.0788147,0.82765675,0.6221794,0.29103416,0.44824064,0.5675833,0.8240924,0.37585175,0.25236157,0.16497687,0.11997487,0.032865185,0.096952155,0.30906567,48.93057,0.040126532,19.533964,0.36174875,13.931405,0.27807668,-32.666435,-0.10073058,0.003220337,0.5707008,0.19262435,0.5611818,9.723263,0.0130929025,-6.5578356,-0.41271663,25.431866,0.29202318,677.26654,0.17870225,1326.1548,0.116924904,-7.4559445,-0.3126381,1848.3878,0.13368028,1218.6458,0.2623815,-34.05385,-0.20262818,2867.8967,0.055579763,798.05914,0.38635954,-33.03821,-0.19869392,-27.596107,-0.096069224,31.011206,0.15586925,0.028742412,0.28889397,-0.064042255,-0.05235001,0.09747589,0.3068183,48.907806,0.04003658,19.484446,0.3636286,13.91118,0.27921605,-32.673138,-0.10102945,0.0,0.0,0.0,0.0,0.0,0.17064847,0.1724138,5.79,0.0,0.0,0.0,-22.508339,1
35.499508,0.0068357983,35.444714,35.521275,35.616768,0.17205429,1.361073,0.8763055,2.4244263,1.1953903,0.57260966,0.55775994,0.5242739,0.57069415,0.7591647,0.23489082,6.566649,7.3115253,0.40445608,0.3194204,0.06529901,1.8135757,34.85639,0.4268403,10.471236,0.521901,3.6268463,1.5918252,-32.74588,-0.4385511,0.004104891,1.3384682,0.25281802,1.0280344,13.608332,0.07358878,1.4164081,1.3232218,30.604958,0.112832315,438.2114,0.31380054,1389.2234,0.08466059,-64.37101,-1.3058988,1289.8698,0.1923316,989.38367,0.11041544,-46.095993,-1.4010174,2399.8242,0.11454131,722.1642,0.4708164,-59.605812,-0.98561686,-17.871851,-0.16165826,30.26569,0.07866973,0.11572638,0.12834899,-0.042889617,-0.12735759,0.07570281,1.6473428,41.1301,0.051917035,12.35259,0.28186443,4.2737923,1.4161556,-38.66783,-0.10303553,-15.050972,28.209253,0.13218275,0.02164704,0.4575289,0.3081664,0.1552795,5.48,0.0,0.94,0.0,-29.548641,1
31.39706,0.004466817,31.279766,31.383364,31.502651,0.22288513,2.5819216,1.0319837,2.821237,1.4764864,0.6675524,0.19040076,0.57016915,0.6220356,0.76358134,0.19341218,1.142047,0.6156021,0.72163975,0.37450036,0.113325626,0.33855504,50.573406,0.028497461,25.55254,0.10317019,2.9822319,1.101131,-16.78451,-0.23251031,0.0073408205,0.56886667,0.2651822,0.43031722,11.54722,0.019894496,-1.7290655,-1.560223,35.704178,0.13301083,795.41644,0.15400843,1258.6034,0.12689032,-18.7033,-0.1766645,1990.7916,0.11904177,1169.2214,0.18439645,-46.567677,-0.15764518,3109.349,0.056841478,1093.9644,0.23414715,-49.711636,-0.098837346,-21.602251,-0.11123077,45.63552,0.07279624,0.033991598,0.24913633,-0.05448258,-0.10317261,0.11400064,0.33797118,50.591034,0.028385956,25.534573,0.10356918,2.950028,1.1137055,-16.840986,-0.22991015,0.0,0.0,0.0,0.0,0.0,2.3172908,0.18018019,5.54,0.0,0.0,0.0,-18.390144,1
34.149754,0.011612391,34.056305,34.181503,34.291035,0.23472977,-29.242676,0.0,0.06799751,0.0,0.20792152,0.22028586,0.18405284,0.2026977,0.23737448,0.053321645,0.28153726,0.15719862,0.1866451,0.1805344,0.008835095,0.5044838,46.689713,0.11338809,36.219513,0.130294,4.4352045,0.7100373,-15.800654,-0.37779292,0.0017966011,1.7809495,0.08221521,0.8093422,13.171703,0.03720251,26.338007,0.120889455,49.533012,0.043074604,684.80634,0.2770235,1591.4963,0.16893093,-15.807527,-1.5661103,1917.0262,0.17692295,1385.5913,0.19357318,-52.616882,-0.3876262,3071.9534,0.08501471,1389.0486,0.2384135,-52.66903,-0.35192892,-34.196537,-0.047451157,46.826096,0.048541646,0.06206646,0.15946285,-0.023000477,-0.2960071,0.008936341,0.49598786,47.26277,0.06756804,36.52088,0.11298621,4.314234,0.67468673,-16.205584,-0.3184423,-25.448673,36.903675,-0.019575855,0.0148953125,0.0044122315,0.93582886,0.06706908,14.67,0.0,0.22,0.0,-32.300297,1
35.286106,0.041362632,34.0574,35.43666,36.496826,2.4394264,112.42478,81.633934,4.8601766,15.099784,0.6132362,0.36274508,0.43405467,0.6352566,0.8076305,0.3735758,0.5958319,0.34292093,0.2076714,0.1410065,0.04625725,0.5666521,46.51616,0.13689621,24.5626,0.2280137,-17.537569,-0.50727576,-21.3117,-0.37039524,0.0028036584,3.349617,0.137332,2.0011768,13.589718,0.07045129,17.818403,0.24118973,56.087933,0.08963263,601.6134,0.36064366,1460.8953,0.15433876,-16.615385,-2.7498395,1660.3467,0.20900433,1162.9167,0.16340949,-35.0856,-1.0105278,2930.8928,0.10230652,1086.1752,0.18987219,-56.8053,-0.5140658,-20.586796,-0.21326925,47.119865,0.0846639,0.07757995,0.25695413,-0.026528697,-0.24340354,0.045583956,0.49323454,47.41343,0.06148745,24.556515,0.22295687,-18.647879,-0.39009675,-22.523611,-0.21908298,-24.842691,40.015614,-0.009085121,0.0041134693,0.067109466,0.34746352,0.27894002,3.4299998,5.721892,0.17666666,0.08956686,-19.958046,1
28.895723,0.0063751303,28.820301,28.884619,28.97647,0.15616989,5.3196397,0.0,70.7057,50.08832,0.8683437,0.18003686,0.775897,0.8620777,0.937845,0.16194797,3.885493,3.449942,0.056228556,0.0,0.25424775,0.515896,49.58836,0.03298769,32.43241,0.14054213,22.13629,0.24386351,-9.856737,-0.2257392,0.0015508636,1.644929,0.073510766,1.6458668,10.571645,0.0371187,8.733255,0.14514883,40.758198,0.13256378,749.91376,0.145037,1169.1211,0.13515589,-14.391182,-0.4013416,1915.5425,0.10874783,1168.0126,0.20913409,-42.529118,-0.07275774,2873.385,0.050427265,614.8799,0.5062664,-38.83031,-0.14055957,-35.937122,-0.07007466,39.459023,0.11279603,0.0766048,0.15305556,-0.056580663,-0.067495935,0.25452965,0.51517785,49.607517,0.032110717,32.41694,0.14056832,22.127745,0.24422261,-9.894785,-0.21433583,0.0,0.0,0.0,0.0,0.0,0.052383445,0.05254861,19.02,0.0,0.0,0.0,-21.455917,1
39.95271,0.02413963,39.89065,39.98886,40.15168,0.2610283,87.29653,0.0,-0.80418503,0.0,4.8510814,0.21553528,4.233744,4.734567,5.8642855,1.6305413,5.3342767,3.34494,0.77734536,5.66053,0.70206237,0.6827991,33.451523,0.14846419,-11.644501,-0.59464437,-13.720104,-0.3107951,-25.428616,-0.29512638,0.0032968435,9.382666,0.053249147,4.7850685,15.799165,0.09617198,-1.4906306,-2.6049914,26.043722,0.2299412,823.7912,0.15818924,1285.26,0.14605819,-3.2637591,-4.4405627,1846.6956,0.112283826,925.7883,0.1685394,-19.925562,-0.6489343,3070.577,0.0894224,782.7613,0.38526052,-30.609772,-0.39126033,-17.395906,-0.21856068,25.57877,0.12067075,0.060848847,0.32203925,-0.031931028,-0.30140927,0.70501155,0.6725589,33.499535,0.13937023,-12.010494,-0.5014334,-13.900813,-0.2810179,-25.544567,-0.2846979,-13.110089,22.166142,-0.022755498,-0.006329492,0.010326773,0.5639098,0.09460738,10.51,0.0,0.04,0.0,-7.2557473,1
35.93979,0.016074572,35.509323,35.758057,36.454407,0.9450836,3.9833686,3.475689,2.1831439,2.1030273,0.5673905,0.2599325,0.48946726,0.55531245,0.64337957,0.1539123,0.93880045,0.6124983,0.7071417,0.56103224,0.05628332,0.43023995,50.068253,0.13104632,34.139656,0.08417461,3.3596535,1.0157056,-26.30323,-0.26434726,0.0020680365,0.6434434,0.10827679,0.7690066,14.005981,0.02991799,6.9622817,0.22292414,56.153095,0.06729101,730.99445,0.11843606,1283.0913,0.11274479,-16.251228,-1.644466,2006.2385,0.07100955,1146.8386,0.12855977,-63.580933,-0.2995864,3134.683,0.037551533,1062.6831,0.14034534,-58.78177,-0.33572543,-40.274296,-0.037315045,52.048523,0.043581262,0.07622461,0.12540376,-0.046573386,-0.116080694,0.057260312,0.4033569,50.944992,0.05445672,34.4368,0.05832627,3.230049,0.98219055,-27.18582,-0.13924004,-23.583767,35.01975,-0.029719496,0.02050401,0.01635222,0.9615385,0.07423905,13.21,0.0,0.24,0.0,-20.009003,1
34.88194,0.009291518,34.61614,34.881546,35.152443,0.5363045,3.8987691,2.7961578,3.3214853,2.3731925,0.17741585,0.33922032,0.13624834,0.16298719,0.23032004,0.0940717,0.22935595,0.1406107,0.28473872,0.21361491,0.019278293,0.5148322,45.781216,0.15180795,37.445427,0.1588087,9.339297,0.33474532,-9.218784,-0.6273891,0.0074761542,0.9282491,0.28505424,0.75799817,12.753119,0.0625262,15.26663,0.18081881,51.624477,0.079320736,696.15344,0.2500242,1558.1215,0.13670473,-26.62001,-1.1957026,1972.1875,0.06998074,1385.414,0.16468279,-65.3625,-0.35667804,3079.1367,0.04249633,1279.3063,0.1830772,-61.884922,-0.38673526,-39.30401,-0.05001918,51.767353,0.043486215,0.019339208,0.9551612,-0.026990984,-0.22423816,0.019779412,0.48257852,46.875668,0.06503234,38.3112,0.08534909,9.485798,0.3146737,-9.786355,-0.49668288,-13.7902155,25.55037,-0.010662457,0.025043003,0.004018018,0.57361376,0.04791567,20.27,0.0,0.58,0.0,-32.60144,1
30.052433,0.15527196,31.709335,32.204353,32.40216,0.6928253,352.23447,0.0,2.2179344,0.0,0.3477739,0.4054543,0.21720853,0.4071312,0.46362242,0.24641389,0.47799087,0.31777266,0.31718382,0.27272207,0.04270981,0.41623798,48.039272,0.17935196,36.417126,0.17563693,9.484487,0.35249802,-15.4234705,-0.4092167,0.0053739394,2.1760423,0.2728179,0.98523265,10.757876,0.2680813,8.5791,0.34647256,51.462193,0.06893841,767.66187,0.10434746,1291.0939,0.10869487,-22.89448,-1.9601208,2034.3054,0.05164733,1137.9893,0.15509324,-65.23808,-0.52495116,3116.5776,0.02984399,1045.0656,0.13728927,-60.8217,-0.58000684,-38.70983,-0.034764137,49.935043,0.05441449,0.03753231,0.29620418,-0.050575737,-0.10999607,0.045414463,0.3323278,50.094837,0.03893604,37.921196,0.041696817,9.806453,0.2900959,-16.273478,-0.3255054,-16.935007,25.831514,0.010581251,0.006571963,0.00538484,0.7151371,0.3597122,2.6033335,3.6180317,0.15666667,0.17249797,-24.622147,1
43.969345,0.01766067,43.294514,43.91882,44.72809,1.4335747,14.1163,4.661923,8.39511,5.0922513,0.5636496,0.6706567,0.060512558,0.6237477,0.8946646,0.83415204,2.0653076,0.73281074,1.3314825,0.5182102,0.16334549,0.8747821,35.97907,0.21761799,16.794348,0.40660864,-4.6806564,-2.250427,-22.578224,-0.99847764,0.0028833703,0.48584208,0.10873187,1.0148793,17.42458,0.059845008,28.554277,0.2673062,46.447487,0.10426767,863.113,0.0383344,1106.5342,0.090365246,-78.358894,-1.0515573,2027.626,0.024174826,938.1728,0.12615025,-103.06451,-0.6328167,3129.714,0.016757471,802.15607,0.12644467,-103.38952,-0.62907916,-37.46944,-0.048786793,52.48004,0.041468825,0.05423057,0.27931744,-0.028060019,-0.14958715,0.20920819,0.5495386,39.61552,0.08506634,19.19708,0.14285089,-11.105024,-0.3373009,-37.403378,-0.10445859,-20.812706,34.938995,-0.036149733,0.010662337,0.06859955,2.0833335,0.3021148,2.28,0.0,1.01,0.0,-15.349426,1
24.834158,0.010664158,24.724346,24.848866,24.980003,0.2556572,3.396152,3.6546245,2.053352,1.4746052,0.35747343,0.23266272,0.34198797,0.37720966,0.40794212,0.06595415,0.2153923,0.103154354,0.14607465,0.12394618,0.07478353,0.2876354,50.218147,0.08172214,35.88541,0.06673364,21.375353,0.13858481,-4.9386888,-0.6582718,0.0023372297,0.73090357,0.1308605,0.9852456,8.371476,0.025821945,-0.15658924,-10.173618,46.70436,0.08520224,572.3617,0.19286653,1466.3834,0.08414203,-13.784322,-1.2362844,1868.9766,0.08833293,1351.5828,0.12394439,-50.583893,-0.27023676,2941.5977,0.05473714,1295.5465,0.16012484,-49.980614,-0.27404785,-39.297028,-0.036599927,44.915096,0.054864798,0.00063335616,15.443664,-0.046364136,-0.10061208,0.07571,0.26639807,50.559853,0.050331615,36.045544,0.04669092,21.50178,0.12472192,-5.0766797,-0.59269017,-25.75243,36.402332,-0.007268115,0.0012942328,0.0063942946,0.6076389,0.08718396,11.37,0.0,0.08,0.0,-23.648113,1
34.289547,0.15983953,25.213928,37.377056,37.840694,12.626766,142.29628,81.98138,90.97616,78.6026,0.517881,0.16666958,0.47844952,0.5234874,0.5829355,0.10448599,0.48866794,0.41854024,0.47556588,0.38694343,0.056985546,0.57854795,43.544647,0.08160602,22.290392,0.19587715,5.5121126,0.38817403,-44.70992,-0.19796292,0.023522845,1.7497635,0.22332573,1.2599751,12.105033,0.2533011,11.363547,0.5001514,39.04724,0.11261753,721.5527,0.1885451,1480.5516,0.13649982,-9.821785,-2.4459586,2003.049,0.14077027,1243.8629,0.2227423,-38.105366,-0.5222917,3118.4954,0.07573472,1337.2233,0.27318946,-36.217308,-0.54564446,-29.872402,-0.08189924,38.345215,0.065140195,0.07773125,0.15854797,-0.047066312,-0.16459855,0.057592884,0.5675758,43.840984,0.04763386,22.377136,0.19029677,5.4741583,0.3846386,-45.39922,-0.13933994,-21.227335,33.8726,-0.015830241,0.017437335,0.013358193,0.6406523,0.05841122,16.949999,0.0,0.14999999,0.0,-23.184677,1
20.847008,0.013752584,20.625135,20.84415,21.05861,0.4334755,4.669552,4.5266013,3.6860795,2.5064702,0.16624032,0.3262247,0.13428584,0.16577108,0.20451656,0.07023072,0.5597764,0.32169822,0.47841194,0.31488824,0.035859145,0.513287,43.99112,0.22013889,38.395992,0.21628101,28.94643,0.25403133,-3.6365418,-1.1847857,0.004642187,0.57591146,0.16432606,0.9024335,6.2235,0.037452765,0.55606437,2.9858496,46.604572,0.08226446,743.6625,0.078128465,1114.9199,0.08029586,-35.85876,-1.0502586,2120.3438,0.07197229,899.04126,0.26785362,-55.807938,-0.5900723,3171.621,0.06110892,718.4939,0.4182643,-53.589252,-0.6235491,-39.616714,-0.04180472,43.663193,0.0652022,0.01416157,1.0731617,-0.048119057,-0.11053482,0.037642688,0.4532452,46.123924,0.05110081,40.12623,0.07367769,30.403795,0.121660344,-3.852917,-1.0784975,-15.19326,23.640028,0.08561933,0.009118587,0.006787391,2.7222607,0.03451847,27.55,0.0,0.695,0.60499996,-39.851944,1
32.741737,0.010514813,32.42038,32.680912,33.038982,0.61860275,0.116263054,0.0,-17.766417,12.606505,0.7662079,0.36740488,0.5968053,0.6745287,0.9060705,0.3092652,1.074638,1.3567635,1.071509,1.0078086,0.055696696,1.0351043,46.164528,0.1567831,17.850327,0.21920943,-0.024352701,-162.61296,-37.435738,-0.23769966,0.0010171689,1.2234197,0.06801168,2.563603,12.542743,0.032602005,10.640611,0.25774294,39.159267,0.15400696,799.3784,0.23390454,1256.1261,0.11951024,-15.296429,-2.141178,1848.9696,0.15641469,1469.5942,0.30456153,-35.395668,-0.7479801,3097.645,0.0810669,702.0591,0.59643084,-37.16103,-0.70564926,-27.939333,-0.15236577,37.304,0.15438503,0.104492545,0.1293632,-0.046865344,-0.16077515,0.05687085,1.0159132,47.194344,0.07066306,18.037888,0.20411865,-0.15427594,-24.955307,-38.64715,-0.12638126,-13.632824,25.49937,-0.027263718,0.00095868803,0.013402033,0.07272727,0.036429875,26.769999,0.0,0.325,0.155,-25.104261,1
26.517265,0.013093658,26.323784,26.511154,26.772495,0.4487114,5.6999884,3.1777647,2.988544,2.237198,0.37546962,0.27036685,0.3419385,0.37036565,0.4507299,0.10879141,0.4440148,0.28666806,0.3192885,0.33128822,0.08722248,0.32398385,44.791946,0.17627223,33.5236,0.15064535,20.69204,0.15354213,-17.594893,-0.48243612,0.005074505,1.1255423,0.1882189,1.0562564,9.146107,0.04986477,1.398941,1.0991149,37.411247,0.06775226,675.8134,0.22641955,1553.7979,0.1166067,-21.622374,-1.8667475,1901.1412,0.15711315,1645.4274,0.29761684,-52.700485,-0.6383646,2826.7512,0.07023034,1117.9285,0.36900035,-45.751175,-0.75283545,-33.18741,-0.043092497,36.149982,0.056275237,0.022023609,0.3536265,-0.048256516,-0.09362225,0.09148271,0.2461865,46.573643,0.03277755,34.437164,0.08067613,20.896498,0.12953751,-19.304115,-0.21755938,-22.98087,32.95207,-0.054520566,0.024825059,0.012759801,0.42598513,0.10706638,8.889999,0.0,0.42999998,0.0,-25.064945,1
27.323425,0.016660063,26.947493,27.30263,27.694523,0.74703026,6.2853036,3.1394126,5.9080744,3.1957211,0.4352586,0.26164362,0.35071295,0.41288507,0.5018396,0.15112662,0.44753423,0.18854626,-0.0057352483,0.6753067,0.08270771,0.45850295,50.85381,0.05275622,35.701935,0.06354627,5.5432854,1.1313384,-16.463766,-0.20805562,0.0041369037,0.4997847,0.17730783,0.5177231,9.556685,0.026316872,0.2551842,5.011456,48.471153,0.07435343,715.1959,0.17745368,1355.7,0.1057625,-9.933832,-1.0458859,1933.9883,0.13314536,1174.7927,0.13239682,-43.47012,-0.22379237,3062.3772,0.073910706,1116.7971,0.16191691,-50.071056,-0.17047925,-36.670055,-0.04394431,42.998096,0.07086042,0.041873865,0.20698717,-0.059234053,-0.08451662,0.08304941,0.45504782,50.988617,0.034520585,35.760403,0.0586507,5.5196495,1.1361805,-16.58534,-0.17825235,-26.546501,40.674503,-0.019500548,-0.0039903917,0.03910769,0.18115942,0.045392647,21.96,0.0,0.049999997,0.0,-23.511148,1
30.440636,0.043097142,30.37127,30.585129,30.794794,0.42352486,125.539116,0.0,0.6742937,1.1128061,0.25565216,0.3280375,0.19580504,0.2558758,0.32445142,0.12864637,0.27068302,0.1031754,0.13714242,0.0828521,0.035844818,0.6138123,43.80262,0.15829179,34.10842,0.15980421,21.623665,0.2241629,-7.8046193,-0.8376199,0.009522296,2.68668,0.4068438,1.3276232,10.819415,0.1240476,10.971251,0.21920039,43.873886,0.091084234,717.7432,0.26874757,1658.6499,0.11365487,-30.865269,-1.1083927,1942.1147,0.101798974,1447.7405,0.14627397,-58.206646,-0.47760016,3028.797,0.06478749,1254.4368,0.19931428,-55.046577,-0.5142107,-36.136196,-0.065608464,45.91901,0.08110413,0.029474346,0.33848348,-0.032726288,-0.15252411,0.03703564,0.5738719,45.130257,0.044060703,35.144558,0.048696246,22.297638,0.15617912,-8.524374,-0.6558041,-15.075499,27.055456,-0.0128768785,0.028234515,0.0088351965,0.5571031,0.093283586,10.33,0.0,0.37,0.0,-27.294464,1
31.040615,0.012845798,30.689016,30.999504,31.332245,0.64322853,6.004651,3.9887812,5.8335085,3.330415,0.50414306,0.24618326,0.4586473,0.52308154,0.5778325,0.11918521,0.5782911,0.294038,0.6234852,0.26111624,0.18021698,0.5319028,44.280983,0.11616747,35.026188,0.17422633,13.795312,0.26693183,7.1045904,0.5297715,0.011592612,0.6213431,0.5175041,0.69473565,10.648004,0.09111645,23.93903,0.21582457,54.13952,0.08033632,807.8983,0.24485032,1715.3151,0.11971179,-33.873096,-1.0159425,1966.5087,0.12288286,1496.4592,0.13631904,-57.278656,-0.49795717,3111.369,0.073613554,1411.8004,0.13507438,-65.87708,-0.4040206,-35.617542,-0.07098495,49.055397,0.042886246,-0.029384814,-0.50945073,-0.029212669,-0.22227553,0.18772009,0.48527527,45.24122,0.04688336,36.18509,0.055565238,14.293365,0.19788635,6.897796,0.5216201,-15.7838545,30.168999,-0.023400892,0.01628687,0.019708365,1.5046297,0.116414435,8.26,0.0,0.31,0.0,-17.28204,1
27.587387,0.054510422,27.36113,28.054287,28.52039,1.1592598,-4.752179,0.0,0.6691382,0.0,0.3972859,0.4153463,0.30425775,0.43857145,0.52846205,0.2242043,0.0029756585,0.0,0.061397713,0.0,0.066435926,0.45850447,48.697914,0.14998135,34.209927,0.11162166,18.43913,0.22253947,-17.199863,-0.36638808,0.0037119605,0.85956675,0.15565217,1.1323974,9.7288685,0.10265549,1.857584,2.1597662,42.544216,0.1056215,677.6432,0.16565844,1401.811,0.14179304,-22.205591,-2.0465312,2005.0385,0.104058824,1237.3634,0.22394678,-57.007328,-0.6384594,2998.1765,0.06400915,1182.4299,0.26289955,-50.461338,-0.7492961,-36.873558,-0.03335423,41.166847,0.08271184,0.046374433,0.13656205,-0.05353721,-0.14830478,0.07097983,0.36872458,50.32493,0.059311956,34.70343,0.06332905,18.875923,0.17070696,-18.254559,-0.2646703,-23.5408,29.797325,0.021686701,-0.010710543,0.002242858,0.0,0.10706638,8.78,0.0,0.53999996,0.0,-23.702635,1
30.638058,0.017506102,30.128998,30.53176,31.14783,1.0188313,0.6747236,0.51657593,-4.780554,4.464353,0.5480986,0.1108113,0.52753615,0.55663735,0.5785699,0.051033735,-0.30292928,0.25166124,0.01547531,0.0,0.03606511,0.22989786,44.81167,0.07367578,20.372072,0.12565117,18.339972,0.18345763,-33.665897,-0.16486482,0.0016354873,0.537445,0.08060632,1.1924187,11.408172,0.026395509,12.846303,0.18293071,37.63034,0.08292579,820.3006,0.090968154,1061.0168,0.113742955,-7.926971,-1.446447,2032.275,0.0634088,908.2308,0.11744621,-35.452515,-0.2871477,3036.1858,0.038567174,668.3421,0.20570487,-33.79643,-0.30578122,-29.24679,-0.039514564,35.94361,0.068222,0.055783723,0.11400151,-0.052183345,-0.051367987,0.036263574,0.22012074,45.02165,0.043411147,20.367243,0.12163163,18.359528,0.18136343,-33.989346,-0.11817667,-26.363413,36.57286,-0.010635662,-0.00034220712,0.022790179,0.07057163,0.07082153,14.059999,0.0,0.04,0.0,-23.43491,1
36.043076,0.028191121,35.90551,36.02593,36.182495,0.27698517,2.668469,0.0,0.004196167,0.0,0.8665804,0.38899904,0.6944392,0.9930835,1.0981381,0.40369892,1.1162658,0.62180775,0.73638165,0.9806148,0.102919325,0.7795677,39.383865,0.3196947,18.736088,0.34523386,-3.9541492,-0.8543886,-36.577507,-0.34813392,0.0025232618,8.600848,0.12956195,3.3981535,14.119633,0.06927176,16.641876,0.11637778,48.153667,0.090575576,682.46204,0.2759361,1511.4467,0.17008464,-35.280136,-1.7819573,1754.8936,0.21493897,1368.069,0.2819185,-49.453,-1.0035022,3050.0867,0.08432407,812.96423,0.44997898,-52.61933,-0.91625506,-35.914913,-0.051747404,45.353767,0.06870517,0.14397988,0.10019561,-0.0451132,-0.14336246,0.11416569,0.672054,43.42223,0.050630815,20.490936,0.1411807,-4.423459,-0.726194,-40.386986,-0.13570341,-30.266947,39.61772,0.12523259,0.016119499,0.017434359,0.805009,0.08984726,10.059999,0.0,1.05,0.0,-21.212904,1
26.185371,0.013261765,25.930048,26.146578,26.423214,0.49316597,5.129262,2.471546,5.593579,4.2997694,0.09934733,0.4242067,0.073850796,0.11301044,0.12563333,0.051782534,0.30151433,0.2621839,0.07911793,0.053320453,0.011424378,0.5447206,39.94606,0.38757393,32.62792,0.35453308,15.341552,0.46560857,-4.551407,-0.8451764,0.0044753863,0.8360694,0.1737459,1.4935998,9.108922,0.021057442,4.929428,0.56832314,46.897026,0.07530969,756.50214,0.1442432,1183.5675,0.10718468,-51.758038,-1.2597158,2091.658,0.111613,925.0881,0.2170919,-73.58486,-0.7453757,3340.196,0.07459005,1153.2861,0.41307542,-77.75196,-0.6818184,-38.5931,-0.03474761,48.4664,0.06430154,0.021910025,0.4905149,-0.05254783,-0.08182369,0.013255912,0.36962113,46.4032,0.050824046,37.130135,0.054612666,17.644258,0.26065004,-5.690599,-0.4683421,-15.961187,25.101557,0.081173554,0.005242676,0.0043164557,0.5405406,0.18099548,4.65,4.5099998,0.85499996,0.675,-45.74758,1
25.77621,0.010511593,25.574043,25.786674,25.991016,0.4169731,4.6034737,2.6732213,2.8192458,2.317635,0.25397652,0.23690812,0.22376975,0.26496768,0.29771486,0.073945105,0.4089071,0.17245907,0.31767035,0.1884948,0.046075832,0.29942417,47.06032,0.1257474,35.944454,0.10349888,12.222334,0.21670447,-11.944121,-0.37304708,0.003249575,0.5239429,0.1919419,0.58224714,8.910537,0.024230365,1.6326375,0.90996724,46.228996,0.07853539,735.84106,0.118889496,1471.923,0.09602717,-23.982185,-1.1544176,2015.2367,0.06481523,1228.828,0.100047156,-60.449905,-0.36647803,3123.9778,0.037002716,1191.0458,0.1309068,-57.983627,-0.3848728,-36.33572,-0.029623965,48.807137,0.03985688,0.0086852675,0.7946714,-0.0471873,-0.06937514,0.04729484,0.25579137,47.934868,0.05773268,36.480766,0.04971674,12.327439,0.19692218,-12.49543,-0.23906346,-19.351551,31.110945,-0.0074139754,0.016545318,0.0047921347,1.4525994,0.07674597,12.71,0.0,0.29999998,0.0,-28.212957,1
25.67835,0.034226026,24.984026,25.966974,26.348606,1.3645802,8.573035,5.914575,4.456719,3.5698762,0.3869627,0.7425873,0.06733699,0.3965313,0.64343995,0.576103,1.3138787,0.8140197,0.40625456,0.38967866,0.10617333,0.77318704,40.786568,0.4178612,30.851744,0.38028967,16.499424,0.48158485,-10.747307,-0.8460674,0.004606185,0.97898114,0.20002712,1.1826504,8.690891,0.08245366,2.9093237,1.4198154,44.32807,0.105919786,659.4368,0.25949302,1306.1938,0.17920269,-49.614838,-1.4838561,1903.4519,0.22515295,1098.7085,0.47515562,-70.16187,-0.89173055,2970.9717,0.11277066,1052.7198,0.5888656,-72.76255,-0.84188277,-37.219986,-0.059418354,41.424034,0.07577952,0.054923147,0.4046207,-0.05913363,-0.17403007,0.13039161,0.5538589,48.394753,0.08456595,35.894318,0.07604124,19.703054,0.20805863,-13.491196,-0.5453178,-16.186897,24.868317,0.057791878,0.0013120752,0.0046650893,0.51903117,0.08688098,9.36,0.0,2.12,0.0,-28.362097,1
30.085316,0.0071367547,29.953655,30.07725,30.233778,0.28012276,2.2539735,1.5342935,1.0600641,1.1698933,0.7731157,0.37507734,0.67406654,0.74494696,0.9240489,0.24998236,1.1458746,1.0538505,0.27690184,0.11373592,0.14048918,0.9110114,44.67371,0.26156232,38.11342,0.26111695,19.613333,0.28269547,-11.280048,-0.39650714,0.0028440903,1.7294925,0.1273577,2.0205739,11.127657,0.037100445,12.031036,0.14593272,51.15024,0.0786256,745.7019,0.13042867,1146.2018,0.13979809,-32.357468,-1.4167228,1975.9216,0.106295936,1304.08,0.2667402,-66.137245,-0.54029936,2967.664,0.042744692,733.5631,0.4176388,-57.150707,-0.6682239,-40.472977,-0.036075197,48.65862,0.053391907,0.07683526,0.14669007,-0.056216676,-0.07998439,0.15039535,0.8434857,47.74129,0.04551189,40.657566,0.06201385,20.902273,0.115743436,-12.123171,-0.27008262,-20.23996,29.937504,0.11220117,0.015872562,0.03658133,0.17657445,0.059031874,15.82,0.0,0.545,0.505,-20.694462,1
31.326082,0.006758524,31.181726,31.316101,31.465782,0.2840557,5.1762257,2.5734718,3.7403095,2.9460492,0.5658603,0.41229808,0.49550828,0.59745634,0.73229444,0.23678616,1.5648739,2.0679429,0.47638997,0.61672276,0.12836437,0.7382052,40.090252,0.33766997,35.18142,0.3396281,15.074655,0.38180327,4.8555303,0.5584608,0.003393832,1.3270487,0.20241748,1.5791811,11.761965,0.025386006,18.295559,0.12642771,57.337444,0.06720202,726.15247,0.14624728,1329.3795,0.107440315,-45.95325,-1.166488,1943.5992,0.110358015,1138.0931,0.16848317,-65.212814,-0.7080137,3156.4707,0.06518622,1089.6099,0.16672982,-79.47698,-0.5180117,-39.9644,-0.051675666,49.579258,0.065287255,0.003630469,3.871068,-0.039621193,-0.14183234,0.14357455,0.6193798,44.65856,0.056092642,39.084972,0.08466001,16.803701,0.17431943,5.319523,0.4264661,-22.965126,35.64688,0.11074406,0.018142032,0.018602176,0.3809524,0.09569378,9.36,0.0,0.53,0.45999998,-21.81608,1
29.055737,0.006424052,28.927568,29.069712,29.173817,0.24624825,1.8797439,1.4901589,4.815931,12.638728,0.3556527,0.2987982,0.33430782,0.37271395,0.40943313,0.07512531,0.28120217,0.19600715,0.052633606,0.0,0.054910943,0.47809517,47.360542,0.2477372,30.492653,0.17856911,18.255661,0.237848,-10.9785795,-0.6170676,0.0016239916,1.1169021,0.11603588,1.4207124,10.587195,0.037274394,19.431156,0.17413451,46.528908,0.056568775,788.36993,0.15318197,1489.086,0.12463798,-30.763588,-1.451832,2039.1935,0.059649363,1342.605,0.14597647,-59.503147,-0.62016016,3036.1047,0.045151778,1149.2317,0.20817207,-51.59365,-0.75241405,-36.472687,-0.033312224,44.667103,0.04875353,0.018858964,0.44487372,-0.046121843,-0.069145255,0.058392595,0.3963101,50.279377,0.042714693,31.726683,0.03676592,18.809341,0.1917162,-12.599415,-0.20172474,-15.0760765,25.371098,-0.003780395,0.028073633,0.009293943,0.09532889,0.1915709,4.875,4.855,0.325,0.265,-24.2471,1
29.032114,0.009932191,28.949642,29.049791,29.158604,0.20896149,0.0,0.0,-0.0027856363,0.0,0.53240126,0.21912925,0.45479655,0.5429457,0.60911036,0.1543138,0.81378645,0.6515812,0.43492022,0.6878378,0.114903964,0.42778772,47.983406,0.088215195,26.531782,0.11763747,25.228975,0.17157745,-12.236093,-0.33801827,0.0039676945,0.7672815,0.16957593,0.6669441,10.462941,0.03326463,9.9733515,0.25198582,41.714725,0.10841551,792.08264,0.11293076,1452.023,0.111030325,-16.964882,-0.9733223,2082.7227,0.06606147,1073.1901,0.2048508,-37.269917,-0.39794466,3128.9705,0.054026254,1292.6211,0.18987952,-41.175617,-0.35315153,-33.43276,-0.06819327,36.662018,0.10439209,0.034214087,0.21700214,-0.049071524,-0.07363755,0.116271414,0.4134944,48.370415,0.042195503,26.599045,0.1114818,25.373549,0.16071998,-12.501829,-0.26712787,-21.98181,32.21126,-0.008626037,0.023719555,0.00912158,0.3878976,0.07788162,12.73,0.0,0.089999996,0.0,-20.581799,1
35.184586,0.03360276,35.189636,35.27548,35.3656,0.17596436,436.95367,237.33656,39.14941,49.891205,0.4070451,0.42637932,0.36582926,0.40355748,0.4938381,0.12800884,1.3137579,1.6305285,0.13467422,0.089349024,0.03397083,0.97096604,38.692028,0.29645282,26.003855,0.28215858,13.167185,0.41077095,-20.579754,-0.46009296,0.012126692,1.751708,0.14042647,1.5052222,13.410484,0.11546812,10.087816,0.24601991,34.87328,0.124270886,702.4913,0.24807334,1160.7882,0.15396169,-42.60063,-1.3780986,1965.1304,0.19698459,765.4284,0.2567159,-52.64668,-0.90924096,2997.292,0.09218743,633.4567,0.34887648,-58.368484,-0.78380424,-35.399544,-0.053448796,40.85894,0.08140593,0.10350084,0.12285925,-0.04542822,-0.09571874,0.037297305,0.8817596,42.323597,0.0411855,27.996542,0.10441512,14.163949,0.3110842,-23.19276,-0.21131548,-17.026323,27.594255,0.071155496,0.010002063,0.006741126,0.118906066,0.05963029,15.2,0.0,0.77,0.74,-29.905611,1
33.047607,0.00781027,32.881935,33.059143,33.24681,0.3648758,2.117692,1.1913029,1.9778473,2.4399781,0.45706883,0.26820254,0.394132,0.43962345,0.5455005,0.15136853,0.8679482,0.73507226,0.28224078,0.23470047,0.050248202,0.36097458,45.444145,0.10394262,36.4773,0.09435068,19.613073,0.23052885,-2.179169,-2.634553,0.0028501377,0.5027851,0.12282655,0.6473301,12.668416,0.014322048,15.555714,0.1279863,43.372334,0.11496854,788.09247,0.21551532,1535.1106,0.15047766,-31.91001,-0.92642754,2002.1602,0.079870045,1351.0071,0.17708974,-60.45297,-0.38573545,3058.4106,0.05597821,1183.6578,0.20329197,-56.55122,-0.42697114,-39.714497,-0.027807465,48.98013,0.066226386,0.019518416,0.3482719,-0.034706723,-0.19860424,0.051661797,0.32084766,46.204185,0.042057794,36.961117,0.053180493,20.003569,0.1995055,-2.3557289,-2.4222097,-19.958637,28.117676,0.004967296,-0.00037109532,0.008111159,0.26338896,0.08818342,11.03,0.0,0.29,0.0,-19.364248,1
34.979553,0.0049897335,34.82231,34.96268,35.144817,0.32250595,2.4376562,1.158552,2.3950937,1.2316387,0.21250917,0.13233447,0.1872144,0.20672223,0.23336753,0.04615313,0.22444804,0.107975475,0.23247375,0.14838356,0.007868179,0.39501935,43.27691,0.043104645,35.217308,0.06942689,10.452136,0.23419757,-21.127243,-0.21151264,0.0013271447,0.37264472,0.058525253,0.40979052,13.654825,0.00631309,21.153582,0.10617546,41.374954,0.06602289,718.9853,0.21324824,1555.5952,0.13985837,-19.216822,-0.28208584,2022.4236,0.10272079,1603.2719,0.30376524,-53.575523,-0.07909764,3024.6135,0.06761038,1378.7605,0.2485361,-45.538933,-0.05112786,-34.883587,-0.03948009,42.193867,0.044737007,0.07137972,0.10098076,-0.02022362,-0.24917002,0.007910291,0.39348108,43.293076,0.04302391,35.2385,0.069174185,10.472836,0.23371065,-21.172302,-0.2104584,0.0,0.0,0.0,0.0,0.0,2.8189912,0.1497006,6.67,0.0,0.0,0.0,-32.19495,1
35.644997,0.023219585,34.89553,35.469402,36.42982,1.5342903,2.825068,0.43309987,0.58037525,0.2417746,0.8076026,0.15568726,0.6976588,0.78452986,0.95059586,0.25293708,0.735419,0.31421572,0.3201589,0.23285599,0.05679286,0.414842,48.000576,0.04855208,20.098282,0.2859441,-23.985796,-0.15340543,-22.426868,-0.18687129,0.0016239503,0.4381566,0.09543262,0.41175762,13.849757,0.030502805,19.495792,0.19651443,56.733784,0.05436125,597.044,0.34226567,1306.9491,0.09672081,-1.936616,-2.6769388,1655.7852,0.20516545,1014.0173,0.065258786,-23.11231,-0.484602,2922.7798,0.09783807,1009.23834,0.15447201,-49.939293,-0.06296567,-15.851666,-0.09710999,46.18601,0.07422177,0.07712571,0.14223479,-0.022656161,-0.277042,0.057142206,0.41387355,48.011017,0.048753887,20.021507,0.28614196,-24.025608,-0.15308854,-22.400879,-0.18772684,0.0,0.0,0.0,0.0,0.0,1.7825313,0.18018019,5.54,0.0,0.0,0.0,-18.094542,1
28.540512,0.007109037,28.468082,28.530891,28.601368,0.13328552,0.99291015,0.57154256,-4.348913,6.2142687,0.9143299,0.22565806,0.77064586,0.96372813,1.0180597,0.24741387,1.9536475,2.1933951,0.45602548,0.4543512,0.2646113,0.40456614,49.839924,0.06768142,32.005325,0.12499465,18.215172,0.28839242,-12.038463,-0.26030833,0.0018496626,2.2667382,0.1015129,1.8710848,10.339452,0.044766083,6.5513453,0.18576662,38.494698,0.15138346,784.9003,0.12876743,1121.8234,0.11475526,-13.464889,-1.1877521,1925.7971,0.09856865,1314.486,0.28837803,-41.79421,-0.30471048,2842.768,0.04948442,617.532,0.4500618,-37.917202,-0.36375672,-35.466034,-0.07213648,36.941578,0.12463144,0.07609892,0.13889776,-0.060364258,-0.05550566,0.26686928,0.40189978,50.10454,0.032647535,32.07604,0.12126084,18.292711,0.28300694,-12.179917,-0.222225,-24.067238,35.42956,-0.009511076,-0.020068783,0.017654508,0.15007503,0.050150454,19.81,0.0,0.11,0.0,-21.61566,1
39.71328,0.007142067,39.62442,39.73754,39.840626,0.2162056,6.8763475,5.4975104,1.938303,12.21267,4.6372337,0.33136243,3.1606898,4.483539,6.249892,3.0892024,5.576129,2.6486228,2.3010516,1.5503628,0.68858105,0.80624187,34.917366,0.13368684,-4.2123246,-2.9201305,-14.326168,-0.38537097,-36.319195,-0.37836748,0.0033173908,1.1113751,0.06852744,2.5483565,15.7613125,0.05387101,4.597735,1.1833096,29.827108,0.20824666,648.9254,0.3452447,1419.6477,0.15117231,-1.9999217,-3.8711066,1567.6827,0.22164436,1048.4962,0.19984473,-18.705427,-0.4102799,2816.3599,0.1019523,722.1922,0.44063488,-29.629341,-0.25682318,-18.566969,-0.2964468,28.695263,0.16756438,0.06781788,0.29883263,-0.039911255,-0.25835457,0.6929582,0.8004323,34.959427,0.13288023,-4.3744297,-2.778944,-14.391268,-0.379391,-36.425976,-0.37610537,-25.12736,31.893066,0.05731532,-0.044098094,0.19476998,0.5110733,0.08561644,11.66,0.0,0.0,0.0,-7.186025,1
35.622738,0.007996669,35.3832,35.62598,35.87017,0.486969,4.478921,2.04002,4.8591,1.3930714,0.5099511,0.18979774,0.4234688,0.503528,0.60789275,0.18442395,1.3112496,0.43425938,1.053707,0.54249924,0.06776875,0.32811227,50.665817,0.0555342,36.166656,0.06706163,9.133203,0.21656846,-21.647491,-0.17924853,0.0027508375,0.7283965,0.13614723,0.54482394,13.743231,0.018796455,9.902729,0.24159811,53.040226,0.061120193,676.38324,0.12343427,1324.9507,0.13103688,-12.599418,-0.36243173,1976.8381,0.05964277,1173.1145,0.153053,-63.84707,-0.047385193,3101.3577,0.028817317,1065.1985,0.1784148,-55.210167,-0.061593924,-41.077087,-0.04558684,51.62169,0.03939362,0.04839887,0.2890501,-0.042088136,-0.13426134,0.06801967,0.32745883,50.67167,0.055673797,36.170174,0.06713058,9.131125,0.21719937,-21.63859,-0.17992795,0.0,0.0,0.0,0.0,0.0,4.1894355,0.18416207,5.42,0.0,0.0,0.0,-20.531742,1
34.475403,0.06378401,34.406578,34.768684,35.005005,0.5984268,41.339916,36.852226,129.64854,199.25964,0.25477788,0.2994116,0.23696642,0.2747778,0.29754946,0.06058304,0.85519,0.6600442,0.4877938,0.28395393,0.059601203,0.66719407,45.662697,0.22221969,35.4446,0.22499442,5.230022,0.71254593,-13.245493,-0.5104141,0.014741919,2.4592967,0.4504573,0.9829631,11.068093,0.15898715,13.804138,0.12762329,53.804726,0.05536356,721.46844,0.17614114,1464.7806,0.13862492,-36.026615,-1.4394054,2016.9064,0.07645012,1350.9484,0.17139357,-72.318275,-0.54324025,3100.1313,0.047477745,1253.7172,0.21157314,-70.54084,-0.5637819,-37.603992,-0.06561252,50.92394,0.04184571,0.008670904,1.7727227,-0.03621129,-0.16245149,0.063174754,0.596045,48.260536,0.06384071,37.40365,0.10153786,5.4954906,0.6619481,-14.420957,-0.29011506,-18.367367,29.858492,0.010189208,0.006352589,0.030364648,1.8867925,0.63492066,1.4275,1.3101025,0.255,0.225,-29.043896,1
32.05059,0.0075009027,31.87072,32.06211,32.22094,0.35021973,4.028102,2.3828955,3.0952878,2.0146852,0.33091876,0.12954466,0.28581363,0.33770907,0.3722769,0.08646327,0.575187,0.2593751,0.46898037,0.19317782,0.042362038,0.2117615,48.66906,0.03408581,38.150055,0.04287211,12.234526,0.19926445,-9.946806,-0.27510378,0.0046751495,0.39630246,0.22416459,0.38265556,12.011401,0.011513625,5.47233,0.24696976,47.89541,0.079019696,739.08093,0.12698801,1441.4148,0.098632134,-19.968754,-0.18443426,2017.3384,0.03206961,1215.9854,0.1348379,-62.115864,-0.034805834,3108.4395,0.023085637,1134.644,0.13342664,-55.59874,-0.06456239,-38.525936,-0.028378572,50.57907,0.040143944,0.026127089,0.3256069,-0.04698077,-0.06662136,0.042436585,0.21120144,48.68034,0.034015488,38.13909,0.04293634,12.185142,0.19681533,-9.943955,-0.2752307,0.0,0.0,0.0,0.0,0.0,4.529617,0.17605634,5.67,0.0,0.0,0.0,-25.503473,1
24.472155,0.0036108526,24.398323,24.467382,24.545956,0.1476326,1.8184965,0.8689047,1.6329353,0.99261516,0.47192904,0.049460236,0.45089903,0.47151598,0.49232534,0.0414263,1.1492687,0.25508618,1.1521167,0.43329987,0.10196662,0.15189601,50.580418,0.044248655,36.477425,0.029649742,19.896086,0.10970199,-10.840962,-0.2730678,0.0023896294,0.5020309,0.10629317,0.47868988,8.224815,0.005988941,-0.07594282,-6.059983,45.904217,0.05608716,606.02277,0.18978976,1490.1876,0.09025559,-13.128228,-0.29463577,1873.0115,0.09567345,1339.6869,0.14352942,-48.54247,-0.06903341,2958.8806,0.0563769,1225.2783,0.18494949,-49.275574,-0.051387824,-39.10834,-0.03219103,45.54729,0.030594198,0.007672988,0.55660135,-0.054569036,-0.07303685,0.1022674,0.14767188,50.58359,0.044421405,36.482037,0.029729411,19.911308,0.10990477,-10.856366,-0.27365252,0.0,0.0,0.0,0.0,0.0,12.563667,0.1715266,5.8199997,0.0,0.0,0.0,-21.136667,1
37.446976,0.004834695,37.28293,37.46209,37.60751,0.32458115,2.7447767,1.2567917,2.002352,1.0280455,0.43377572,0.09092073,0.4070048,0.4233948,0.44868737,0.04168257,0.4391739,0.21491094,0.24662802,0.13958603,0.030200506,0.21354237,44.946957,0.038990982,23.649218,0.055108383,3.6220715,0.6922906,-40.859,-0.10504842,0.009305967,0.6172884,0.17203139,0.49174693,14.5051565,0.021846728,17.716824,0.060369402,41.98591,0.050341927,629.1067,0.22394371,1605.7158,0.10114236,-16.15258,-0.33217403,1885.5226,0.1640014,1415.1462,0.21199693,-43.226345,-0.1702492,3076.6687,0.084905066,1404.0972,0.25973913,-44.151367,-0.046582688,-30.981981,-0.049400218,38.934216,0.048298772,0.0772388,0.12901568,-0.0416872,-0.0913152,0.030281827,0.21328525,44.957657,0.03900964,23.668707,0.05445924,3.5966332,0.694684,-40.861607,-0.1054001,0.0,0.0,0.0,0.0,0.0,2.3480663,0.13927577,7.17,0.0,0.0,0.0,-24.715874,1
22.814903,0.011859845,22.60892,22.821447,23.05376,0.44484138,5.588287,3.384257,5.8504176,5.226613,0.32769883,0.53517574,0.27323756,0.3193866,0.4811545,0.20791695,1.171457,1.4873471,0.85735774,0.6360299,0.050971113,1.1740422,37.48315,0.42939663,37.654205,0.44314522,19.720877,0.47803512,-5.7525754,-0.8231256,0.0051637515,1.2142904,0.21668607,1.3387514,7.1880975,0.12824428,2.744754,0.34196395,49.8011,0.07877196,771.9217,0.08676019,1049.6785,0.09236753,-48.045223,-1.3535339,2161.4622,0.07220356,814.3926,0.17913179,-68.48473,-0.8176403,3247.2217,0.046701122,691.7508,0.30551785,-69.42747,-0.80064934,-39.25957,-0.056485612,44.623913,0.07170856,0.03272681,0.34182706,-0.05862847,-0.13443136,0.059136394,1.00299,44.37588,0.05166749,44.563553,0.11434758,23.3394,0.20074487,-6.907633,-0.6140684,-26.040953,36.409042,0.12655893,0.020426827,0.19715928,0.61728394,0.155521,5.44,0.0,0.48,0.45999998,-30.798689,1
33.288902,0.004680269,33.21237,33.292107,33.376003,0.16363144,3.4241333,3.2762845,0.893126,4.4461427,0.7212527,0.3251638,0.49996954,0.69805974,0.8882493,0.38827974,1.7146444,1.4550091,0.10081342,0.047709454,0.061996277,1.3865998,50.281963,0.095897935,13.67406,0.39773574,-12.209177,-0.450453,-21.753021,-0.35499564,0.0036338575,1.9438859,0.13780119,1.8481232,12.573483,0.059450205,11.073038,0.30413648,47.193314,0.10660653,813.1122,0.16375242,1295.2373,0.11259079,-6.2406645,-3.4248302,1742.8912,0.12004995,1064.1443,0.2494032,-27.783634,-0.67439497,3153.8037,0.06899175,785.925,0.39731765,-42.083336,-0.40178353,-26.091831,-0.17549957,43.97341,0.07686792,0.10487112,0.117716335,-0.04121163,-0.19921069,0.06254361,1.3781686,50.771027,0.037801668,13.62596,0.39782968,-12.426147,-0.41822723,-22.029894,-0.33444443,-15.142559,25.471037,-0.015696773,-0.0124966055,0.027821532,0.08814456,0.044189133,22.369999,0.0,0.114999995,0.044999998,-25.874865,1
26.46039,0.014694646,26.165045,26.446033,26.764492,0.59944725,7.422811,2.875497,6.2329454,2.8540175,0.35042074,0.11958767,0.32047293,0.3461449,0.37645838,0.05598545,0.28695506,0.13587719,0.015191277,0.45467126,0.080538325,0.24367137,46.537304,0.043811955,35.763035,0.07167645,21.147083,0.129393,-20.15624,-0.20815204,0.004849501,0.481493,0.15546453,0.4526607,9.155536,0.023572778,3.3336437,0.4745879,39.303238,0.071068846,703.199,0.21780178,1547.0171,0.12127346,-14.697819,-0.35729796,1925.6753,0.14341313,1585.2963,0.27298123,-49.195408,-0.14200254,2882.19,0.07060617,1123.3141,0.3503302,-39.480053,-0.07356293,-34.325703,-0.02928438,37.38154,0.064602464,0.019294487,0.34678897,-0.047579642,-0.09119934,0.07972562,0.20418482,46.47072,0.04091459,35.80247,0.071075045,21.241875,0.12122852,-20.232822,-0.2001582,0.0,0.0,0.0,0.0,0.0,2.0905924,0.17605634,5.67,0.0,0.0,0.0,-26.015799,1
25.43153,0.020758525,24.91777,25.41634,25.917627,0.99985695,6.044022,2.8825042,3.0441015,1.8122455,0.49796277,0.16741931,0.40108272,0.51351917,0.58046985,0.17938712,0.82950777,0.3943131,0.61630255,0.35383508,0.13321947,0.35490584,50.94776,0.036137417,35.47403,0.0452474,15.34042,0.123650804,-13.423339,-0.24751912,0.0052157594,0.5691021,0.15679698,0.41034323,8.607101,0.03288453,2.2510798,0.4588441,50.385735,0.060558975,697.00165,0.16693228,1477.6875,0.11882178,-14.5384865,-0.26509455,1978.2418,0.087108135,1296.6857,0.12605062,-46.670456,-0.09179201,3071.109,0.05222819,1255.6589,0.16533823,-51.26561,-0.06005677,-37.792084,-0.044850755,43.995243,0.053888977,0.022512943,0.28876126,-0.054868594,-0.06603992,0.1340065,0.35271746,50.922516,0.035969276,35.463745,0.045377925,15.336965,0.12424139,-13.445384,-0.2477716,0.0,0.0,0.0,0.0,0.0,4.152824,0.16778523,5.95,0.0,0.0,0.0,-21.041056,1
31.070417,0.006541201,30.913992,31.085526,31.228819,0.31482697,3.2399688,1.4619316,3.3182878,1.6505904,0.31603634,0.105449244,0.29104874,0.30684814,0.3397151,0.048666358,0.48123202,0.28067487,0.32922477,0.21029016,0.0374443,0.34831372,44.002346,0.05311226,35.75512,0.07994411,18.651384,0.2561243,-15.097072,-0.51186556,0.005377093,0.98673147,0.1337323,0.4656709,11.337461,0.04963932,10.34363,0.27837464,42.414043,0.13522813,785.01575,0.21679075,1380.4237,0.18096082,-20.095173,-0.34308347,2001.8047,0.1163886,1166.5887,0.18930472,-51.64775,-0.11265013,3102.662,0.06805771,1095.002,0.21737792,-49.55271,-0.099404186,-34.99376,-0.08558931,44.341007,0.10750635,0.03016061,0.27311254,-0.038582325,-0.14761224,0.037349112,0.34669662,43.99008,0.053304266,35.736927,0.08016706,18.644533,0.25754923,-15.224676,-0.50387734,0.0,0.0,0.0,0.0,0.0,3.0797102,0.18315019,5.45,0.0,0.0,0.0,-25.824638,1
31.368004,0.005979508,31.193485,31.365652,31.53598,0.34249496,4.4542933,1.8912802,3.9979382,1.697607,0.5211986,0.11362244,0.47301316,0.5172188,0.5586498,0.085636616,0.7690022,0.41733873,0.5664043,0.3151663,0.088556126,0.24573201,45.47919,0.048025034,37.639458,0.07475892,13.314661,0.22273012,6.5244727,0.25261047,0.0043350775,0.43465438,0.17657462,0.5313695,11.686438,0.013414898,22.54217,0.13912794,52.019608,0.09077665,696.8196,0.31744465,1732.5354,0.10344799,-23.19296,-0.39645302,1872.5275,0.15120012,1562.1434,0.21294972,-49.645912,-0.11742568,3034.1533,0.100357145,1400.2316,0.15940103,-57.76943,-0.08105591,-34.75042,-0.089210846,47.423824,0.041767683,-0.010130778,-1.0708215,-0.03215338,-0.17917883,0.08895793,0.2412872,45.486,0.048167493,37.633766,0.07498662,13.380006,0.21783966,6.5484657,0.25010157,0.0,0.0,0.0,0.0,0.0,3.669725,0.18552876,5.38,0.0,0.0,0.0,-17.727186,1
28.534369,0.009605263,28.228807,28.597967,28.802519,0.5737114,1.5656388,0.6984234,1.2862705,0.96053034,0.53697395,0.1880547,0.43063354,0.52417225,0.64918107,0.21854752,0.54387015,0.2509984,0.42384222,0.27673915,0.08478594,0.21510893,49.508865,0.06360583,31.924192,0.12241277,22.987335,0.3071062,-25.045763,-0.22319615,0.0018517284,0.62378836,0.06920861,0.41027927,10.323611,0.014325528,2.030982,1.1386088,38.24393,0.14555936,665.26355,0.18116584,1359.5167,0.13150464,-8.829831,-0.47828713,1924.1832,0.13124543,1149.7098,0.25015485,-42.639267,-0.1360141,2906.5723,0.05436965,958.53253,0.32039788,-35.720695,-0.1917046,-34.576714,-0.10101421,37.065914,0.1317324,0.053245645,0.11306224,-0.058137868,-0.06784034,0.08491752,0.21210027,49.486275,0.06381992,31.905375,0.123081855,23.011826,0.30823147,-25.048868,-0.22401363,0.0,0.0,0.0,0.0,0.0,1.1741683,0.19801982,5.04,0.0,0.0,0.0,-21.965317,1
31.977585,0.007493959,31.771305,32.03049,32.1699,0.3985939,2.4829066,1.1808254,2.2266848,1.2231928,0.7657796,0.025649657,0.74684346,0.7688187,0.78283757,0.035994112,0.5410864,0.2876195,0.41635504,0.20920844,0.050767113,0.2154262,43.782608,0.042914636,15.939375,0.12720853,18.000345,0.21064512,-41.65295,-0.08767825,0.0016921471,0.390102,0.13235202,0.705607,12.034183,0.0114450045,11.199915,0.6111127,31.3656,0.07536093,783.1415,0.14404367,1111.8887,0.14132093,-6.4280205,-0.2359023,1955.407,0.10562789,958.8655,0.16440342,-31.696611,-0.12969665,2932.3662,0.046699602,559.38007,0.2670941,-27.94044,-0.13491152,-26.536263,-0.06487496,30.213966,0.072952434,0.058972113,0.13353579,-0.056262538,-0.047285877,0.050797865,0.21663827,43.79415,0.043021023,15.943708,0.1276651,17.950127,0.21038988,-41.625576,-0.08789359,0.0,0.0,0.0,0.0,0.0,7.6794662,0.16863407,5.92,0.0,0.0,0.0,-20.477415,1
36.250793,0.028965604,36.135468,36.34417,36.514797,0.37932968,65.21359,44.812416,1.6183984,0.0,0.8755104,0.35034335,0.80919605,0.93513584,1.0801216,0.27092558,1.3497909,0.8136656,1.4132916,0.8322106,0.13926068,0.6630462,41.61318,0.29405385,19.47512,0.31668946,-7.8948426,-0.7514319,-38.862682,-0.31766808,0.0015944091,4.0892534,0.15041752,1.4791727,14.188233,0.086887136,17.070171,0.18898307,53.461,0.113740824,482.37012,0.402231,1581.147,0.097047955,-43.58918,-1.7359662,1387.084,0.2629201,1248.2092,0.27929315,-38.652668,-1.2570738,2772.087,0.09934391,863.0436,0.35409635,-55.149178,-0.7805717,-35.411514,-0.049526375,45.987198,0.093193926,0.120669864,0.15491569,-0.046696424,-0.112076916,0.15168262,0.56860673,45.10869,0.06585092,20.999813,0.1362463,-8.608404,-0.65971214,-42.238377,-0.12226389,-29.213293,40.410408,0.123489074,0.016595345,0.02243017,1.7977529,0.07518797,12.23,0.0,1.03,0.0,-21.503843,1
26.847858,0.02672635,26.679077,26.876968,27.086033,0.40695572,91.65526,64.15146,2.532519,1.4710461,0.1417185,0.43605223,0.107583284,0.15464944,0.17408958,0.0665063,0.3511429,0.3263423,0.04394393,0.037819736,0.018233959,0.7087391,43.076557,0.35594955,33.42861,0.32964346,16.57218,0.41707715,-4.6759844,-0.9649276,0.0047915243,4.49701,0.15530983,1.4356781,9.462014,0.055102058,1.604687,1.2269659,49.422962,0.08713448,665.74713,0.21007657,1301.9287,0.134382,-43.525707,-1.3841751,1896.2441,0.16958621,963.48395,0.11634613,-65.317665,-0.77982944,3153.8713,0.08955847,897.7438,0.25857517,-73.65989,-0.6451592,-38.749123,-0.04279939,48.775135,0.05480083,0.04453692,0.25675926,-0.050916787,-0.09072834,0.020634525,0.5812142,48.71072,0.053877253,37.247356,0.08254241,18.72186,0.19196968,-5.518524,-0.7052758,-11.042195,19.735067,0.078071505,0.007816841,0.0032749681,0.48143053,0.06901311,12.71,0.0,0.875,0.775,-41.57748,1
25.364668,0.01067017,25.142015,25.37949,25.600313,0.45829773,4.244481,1.5965441,3.7611961,1.862639,0.23200999,0.20673911,0.19565807,0.2275477,0.26463723,0.06897916,0.6320959,0.24470256,0.60232866,0.33576438,0.045220874,0.34278232,47.219532,0.031049699,36.10964,0.036494493,14.844793,0.1376091,-9.143161,-0.28557402,0.003427285,0.46046197,0.2874284,0.6425549,8.683227,0.016935598,3.1473823,0.42507708,44.91722,0.04497459,756.14264,0.14089523,1536.3209,0.11265344,-21.883663,-0.1512105,2011.9258,0.068164885,1288.7686,0.12157887,-56.69464,-0.053387497,3117.1924,0.04182888,1269.686,0.12735282,-52.47907,-0.039787617,-37.484344,-0.024941752,49.518974,0.026365506,0.0050133574,1.187968,-0.042433187,-0.08428276,0.045155916,0.34566882,47.220097,0.031187955,36.122486,0.03649646,14.820776,0.13758473,-9.133352,-0.28697434,0.0,0.0,0.0,0.0,0.0,2.901024,0.1724138,5.79,0.0,0.0,0.0,-28.747204,1
27.13074,0.01421726,26.955248,27.14941,27.30951,0.3542614,25.641352,10.285318,0.29610804,0.0,0.56926954,0.4820876,0.5462277,0.6461232,0.74530363,0.19907594,1.6763514,1.442812,0.09889448,0.0,0.15142678,0.67473006,41.867725,0.4384291,30.99177,0.43403202,16.525768,0.48617604,-11.744936,-0.49543378,0.0024296502,1.289112,0.14147933,3.223566,9.53346,0.10729129,2.2433202,0.30858517,46.44795,0.08397605,672.3446,0.2012605,1347.7645,0.1613516,-45.435528,-1.5266147,1918.5396,0.17906162,1256.076,0.42652708,-68.484634,-0.8428352,2985.3994,0.089207985,918.28345,0.5439599,-68.981476,-0.8321764,-38.240543,-0.055402916,43.78255,0.08202836,0.06867376,0.13969019,-0.05692682,-0.06641891,0.18025912,0.46921226,49.936256,0.057595793,36.85813,0.06073403,19.884365,0.15048175,-14.010942,-0.22065485,-13.792563,21.534073,0.12430333,0.018993476,0.049832493,0.1540832,0.1552795,5.41,0.0,0.5,0.42999998,-25.081566,1
30.149406,0.0063007334,30.014862,30.160019,30.269283,0.25442123,2.7105436,3.491729,1.8237162,1.403432,0.7903167,0.48623323,0.72468233,0.8765343,1.0551445,0.33046222,0.5842946,0.8977901,0.1709612,0.007848531,0.14122081,0.7919828,42.054707,0.42544407,33.624413,0.4286506,16.991587,0.4436543,-12.287321,-0.5005168,0.0024602269,1.4370756,0.16979574,2.4810534,11.096624,0.07898255,11.346789,0.21812138,52.79326,0.06706602,718.1295,0.1628452,1176.4346,0.102831006,-48.561615,-1.3378494,1945.4625,0.12930222,1244.6698,0.22426903,-77.40816,-0.65977544,2975.3066,0.047659315,830.57947,0.2932378,-72.03715,-0.739416,-40.83731,-0.038444195,49.60572,0.041630246,0.07258955,0.16360044,-0.05830281,-0.08014342,0.16473223,0.593648,49.62801,0.03904266,39.68542,0.06270224,20.052996,0.12292462,-14.5098715,-0.2476727,0.0,0.0,0.13269739,0.022185652,0.97626776,0.3081664,0.1552795,5.49,0.0,0.93,0.0,-19.993101,1
31.39021,0.006748564,31.240284,31.367365,31.525818,0.2855339,3.148517,1.5046675,3.8619895,1.8585103,0.72390574,0.506954,0.64365435,0.7684298,0.99101657,0.34736222,5.764094,7.1867986,1.0082945,0.8771894,0.1733818,1.1098068,38.372707,0.43241814,33.65462,0.4362418,9.00169,0.9163179,1.1256196,3.1416235,0.0037479969,1.0320638,0.1885113,2.6113544,11.723453,0.07322212,17.797956,0.113494165,54.349766,0.08029553,612.882,0.27121812,1435.0328,0.09130967,-48.26373,-1.3975724,1745.2385,0.20549935,1139.822,0.09872914,-68.73688,-0.8100448,3005.217,0.1065358,1070.9758,0.14104715,-81.2432,-0.61829376,-38.950504,-0.056154232,49.675644,0.047445677,0.014099018,0.9913575,-0.042071566,-0.17444366,0.20315573,0.93873614,45.42598,0.06782937,39.804775,0.091535434,10.598221,0.7528403,1.260866,2.943038,-23.45299,35.5119,0.12667356,0.021419473,0.3453008,0.30721968,0.15479876,5.48,0.0,0.475,0.45499998,-19.55238,1
28.84414,0.0049268804,28.744522,28.798244,28.933374,0.18885231,1.5898727,0.6491085,0.9175152,0.42499778,0.45840985,0.12940623,0.39554414,0.45133373,0.49488446,0.09934032,0.57634807,0.35229227,0.23290601,0.30281216,0.07797915,0.3323288,48.74614,0.04154259,33.415573,0.040280093,24.3765,0.12707533,-11.140271,-0.30824113,0.0015828497,0.38683987,0.06990985,0.43959078,10.502966,0.006736408,15.530191,0.09903355,45.094284,0.10906814,807.34656,0.15817344,1523.6392,0.13090284,-19.579588,-0.3472135,2038.3568,0.06753816,1263.8558,0.1855227,-43.41217,-0.11241343,3062.901,0.049720846,1142.7161,0.18802276,-40.080845,-0.119913265,-37.546432,-0.036248412,42.05694,0.057209015,0.024190847,0.2439151,-0.048466586,-0.100835055,0.07817725,0.33291262,48.738754,0.041681748,33.42311,0.040270306,24.32638,0.1262728,-11.127886,-0.30978444,0.0,0.0,0.0,0.0,0.0,1.7064848,0.1724138,5.79,0.0,0.0,0.0,-21.528385,1
29.222696,0.0048383903,29.106476,29.225218,29.353859,0.24738312,3.0803027,1.6432319,3.0813518,1.4411768,0.6133206,0.18456964,0.5072711,0.58923155,0.71426356,0.20699245,1.2632817,0.6474988,0.6411328,0.5719993,0.11584724,0.45105612,46.43211,0.042292323,20.221703,0.11498149,35.259747,0.070704795,-18.296143,-0.13908069,0.004768178,0.8810366,0.14851877,0.5150717,10.548518,0.025522059,9.639654,0.100006014,32.829453,0.057505406,809.6995,0.07814211,1282.7555,0.11316943,-14.081054,-0.17994855,2135.1345,0.046139583,848.73834,0.20863475,-31.25161,-0.07722896,3031.6414,0.048959482,1325.3009,0.25765342,-31.47502,-0.067090124,-28.89275,-0.058233824,30.806503,0.058153193,0.03508179,0.17831363,-0.051043186,-0.045476552,0.116367266,0.45249882,46.408253,0.042200875,20.204317,0.11523679,35.22947,0.07043816,-18.282253,-0.13919571,0.0,0.0,0.0,0.0,0.0,1.8363941,0.16863407,5.92,0.0,0.0,0.0,-20.35366,1
35.229397,0.018211532,35.14343,35.249134,35.419186,0.27575684,63.17161,0.0,0.020182561,0.0,0.60924643,0.47554803,0.531787,0.68733335,0.7853545,0.25356752,0.91378975,0.9267438,0.5814523,0.4971051,0.05825763,0.99555093,34.518154,0.43626285,25.369827,0.44572073,3.499222,0.83630806,-23.14115,-0.49902567,0.0012887891,1.3209009,0.10902149,2.5939066,13.712818,0.08809244,15.137417,0.1821837,36.20117,0.10431704,485.4004,0.37076327,1329.527,0.09724763,-82.48427,-1.0883402,1419.702,0.25050834,926.60004,0.14542173,-57.304253,-1.0632613,2612.2712,0.10605759,549.2853,0.20495057,-64.67075,-0.88329184,-34.322918,-0.050998516,37.946804,0.07059515,0.11630842,0.12578009,-0.046300817,-0.10605817,0.06775188,0.7828406,40.898495,0.08260649,30.003254,0.12405232,4.1510596,0.65994704,-27.485603,-0.22479276,-11.573045,20.827198,0.12875967,0.021190058,0.19383414,0.6163328,0.1552795,5.46,0.0,0.475,0.45499998,-26.27182,1
32.5078,0.005225615,32.317966,32.55065,32.655346,0.33737946,2.164398,1.344534,2.5976663,1.6306009,0.539769,0.21297245,0.45236155,0.48676896,0.6402417,0.18788013,0.8269617,0.52464014,0.4895482,0.4083739,0.05775827,0.25741848,48.466496,0.0298385,37.37725,0.03910752,19.116034,0.095878534,-6.520655,-0.8254923,0.0017336988,0.42956957,0.10134344,0.43575704,12.384746,0.008316656,17.289186,0.1256471,47.442303,0.09578478,671.2447,0.23137192,1532.1287,0.14171281,-19.345789,-0.3865967,1907.737,0.10333242,1266.0642,0.13511503,-50.0709,-0.08665835,3014.9626,0.061928958,1185.1676,0.21284816,-51.031395,-0.10343964,-39.804516,-0.03497933,46.122246,0.07254607,0.03082269,0.18919426,-0.042933296,-0.14373954,0.05804762,0.25604698,48.47524,0.029860046,37.37962,0.039221924,19.117105,0.09633889,-6.547609,-0.8249275,0.0,0.0,0.0,0.0,0.0,1.6366613,0.16528927,6.04,0.0,0.0,0.0,-18.590279,1
